run	date	machine	variant	build	assembly	answers	rounds	median_ms	round_min_ms	round_max_ms	alloc_bytes_per_call	excluded
presence-base-vs-head	2026-09-26	mac	base	7de7e646c	CommandLine	false	6	8.1490	8.0390	8.6290	26575708	
presence-base-vs-head	2026-09-26	mac	base	7de7e646c	Humanizer	false	6	5.3630	5.2280	5.5130	18681599	
presence-base-vs-head	2026-09-26	mac	base	7de7e646c	Mono.Cecil	false	6	14.0550	13.6660	14.2790	43957669	
presence-base-vs-head	2026-09-26	mac	base	7de7e646c	Newtonsoft.Json	true	6	5.7825	5.6580	5.8560	18003540	
presence-base-vs-head	2026-09-26	mac	base	7de7e646c	System.Text.Json	true	6	0.1815	0.1790	0.1830	146417	
presence-base-vs-head	2026-09-26	mac	base	7de7e646c	NuGet.Packaging	true	6	7.3290	7.2170	7.4150	21996243	
presence-base-vs-head	2026-09-26	mac	base	7de7e646c	Microsoft.CodeAnalysis.CSharp	incomplete	6	20.1185	19.4560	31.3290	43420492	
presence-base-vs-head	2026-09-26	mac	base	7de7e646c	System.Private.CoreLib	true	6	2.6595	2.5860	2.8520	433104	
presence-base-vs-head	2026-09-26	mac	head	f7f1468c0	CommandLine	false	6	8.4700	8.3900	8.4940	26705716	
presence-base-vs-head	2026-09-26	mac	head	f7f1468c0	Humanizer	false	6	5.5565	5.5220	5.6650	18811176	
presence-base-vs-head	2026-09-26	mac	head	f7f1468c0	Mono.Cecil	false	6	14.0470	14.0010	14.2260	44217759	
presence-base-vs-head	2026-09-26	mac	head	f7f1468c0	Newtonsoft.Json	true	6	5.7415	5.6720	6.1440	18116785	
presence-base-vs-head	2026-09-26	mac	head	f7f1468c0	System.Text.Json	true	6	0.1840	0.1810	0.1910	148329	
presence-base-vs-head	2026-09-26	mac	head	f7f1468c0	NuGet.Packaging	true	6	7.3735	7.2560	7.9510	22121131	
presence-base-vs-head	2026-09-26	mac	head	f7f1468c0	Microsoft.CodeAnalysis.CSharp	incomplete	6	20.2650	19.9570	21.8290	43480059	
presence-base-vs-head	2026-09-26	mac	head	f7f1468c0	System.Private.CoreLib	true	6	2.6995	2.6530	2.8640	434949	
presence-rows-vs-exists	2026-09-26	mac	rows	f7f1468c0	CommandLine	false	3	71.2790	66.1970	86.4750	13115802	
presence-rows-vs-exists	2026-09-26	mac	rows	f7f1468c0	Humanizer	false	3	40.4960	37.9180	40.8970	13286473	
presence-rows-vs-exists	2026-09-26	mac	rows	f7f1468c0	Mono.Cecil	false	3	75.5880	74.3020	77.3810	20794330	
presence-rows-vs-exists	2026-09-26	mac	rows	f7f1468c0	Newtonsoft.Json	true	3	172.4990	163.4530	179.4840	37060750	
presence-rows-vs-exists	2026-09-26	mac	rows	f7f1468c0	System.Text.Json	true	3	139.5040	127.0350	152.4650	25574359	
presence-rows-vs-exists	2026-09-26	mac	rows	f7f1468c0	NuGet.Packaging	true	3	186.6230	167.6550	219.4770	26542176	
presence-rows-vs-exists	2026-09-26	mac	rows	f7f1468c0	Microsoft.CodeAnalysis.CSharp	true	3	1695.2120	1622.2210	1732.4600	206366822	
presence-rows-vs-exists	2026-09-26	mac	rows	f7f1468c0	System.Private.CoreLib	true	3	1760.5730	1498.1510	1814.8700	173817846	
presence-rows-vs-exists	2026-09-26	mac	head	f7f1468c0	CommandLine	false	3	8.8280	8.6960	9.2850	26705718	
presence-rows-vs-exists	2026-09-26	mac	head	f7f1468c0	Humanizer	false	3	5.6700	5.6620	6.0210	18811177	
presence-rows-vs-exists	2026-09-26	mac	head	f7f1468c0	Mono.Cecil	false	3	14.3710	14.2640	14.6560	44217760	
presence-rows-vs-exists	2026-09-26	mac	head	f7f1468c0	Newtonsoft.Json	true	3	5.9920	5.9360	6.0160	18116770	
presence-rows-vs-exists	2026-09-26	mac	head	f7f1468c0	System.Text.Json	true	3	0.1890	0.1860	0.1920	148329	
presence-rows-vs-exists	2026-09-26	mac	head	f7f1468c0	NuGet.Packaging	true	3	7.6470	7.5980	8.0260	22121135	
presence-rows-vs-exists	2026-09-26	mac	head	f7f1468c0	Microsoft.CodeAnalysis.CSharp	incomplete	3	22.6960	20.3520	25.5130	43479622	
presence-rows-vs-exists	2026-09-26	mac	head	f7f1468c0	System.Private.CoreLib	true	3	2.7860	2.7300	2.8690	434951	
presence-kernel-3way	2026-09-26	mac	base	7de7e646c	CommandLine	false	6	8.1620	8.1110	8.2990	26575708	
presence-kernel-3way	2026-09-26	mac	base	7de7e646c	Humanizer	false	6	5.3480	5.3140	5.4020	18681599	
presence-kernel-3way	2026-09-26	mac	base	7de7e646c	Mono.Cecil	false	6	13.9955	13.9380	14.2030	43957668	
presence-kernel-3way	2026-09-26	mac	base	7de7e646c	Newtonsoft.Json	true	6	5.7435	5.7290	5.8120	18003539	
presence-kernel-3way	2026-09-26	mac	base	7de7e646c	System.Text.Json	true	6	0.1810	0.1790	0.1830	146417	
presence-kernel-3way	2026-09-26	mac	base	7de7e646c	NuGet.Packaging	true	6	7.3145	7.2330	7.6420	21996243	
presence-kernel-3way	2026-09-26	mac	base	7de7e646c	Microsoft.CodeAnalysis.CSharp	incomplete	6	19.9725	19.9120	21.2140	43420707	
presence-kernel-3way	2026-09-26	mac	base	7de7e646c	System.Private.CoreLib	true	6	2.6705	2.6640	2.7260	433103	
presence-kernel-3way	2026-09-26	mac	head	f7f1468c0	CommandLine	false	6	8.4005	8.3150	8.4700	26705715	
presence-kernel-3way	2026-09-26	mac	head	f7f1468c0	Humanizer	false	6	5.5345	5.4460	5.5720	18811176	
presence-kernel-3way	2026-09-26	mac	head	f7f1468c0	Mono.Cecil	false	6	14.0155	13.8060	14.1350	44217759	
presence-kernel-3way	2026-09-26	mac	head	f7f1468c0	Newtonsoft.Json	true	6	5.7430	5.6470	5.9550	18116785	
presence-kernel-3way	2026-09-26	mac	head	f7f1468c0	System.Text.Json	true	6	0.1820	0.1790	0.1850	148329	
presence-kernel-3way	2026-09-26	mac	head	f7f1468c0	NuGet.Packaging	true	6	7.3735	7.2850	7.4080	22121132	
presence-kernel-3way	2026-09-26	mac	head	f7f1468c0	Microsoft.CodeAnalysis.CSharp	incomplete	6	20.0135	19.9280	20.6190	43480045	
presence-kernel-3way	2026-09-26	mac	head	f7f1468c0	System.Private.CoreLib	true	6	2.7065	2.6990	2.7390	434949	
presence-kernel-3way	2026-09-26	mac	kernel	f7f1468c0	CommandLine	false	6	8.1675	8.1500	8.4580	26632157	
presence-kernel-3way	2026-09-26	mac	kernel	f7f1468c0	Humanizer	false	6	5.3405	5.3280	5.5100	18737614	
presence-kernel-3way	2026-09-26	mac	kernel	f7f1468c0	Mono.Cecil	false	6	14.0150	13.8840	14.3650	44063101	
presence-kernel-3way	2026-09-26	mac	kernel	f7f1468c0	Newtonsoft.Json	true	6	5.7915	5.6300	5.8660	18043204	
presence-kernel-3way	2026-09-26	mac	kernel	f7f1468c0	System.Text.Json	true	6	0.1810	0.1800	0.1840	147746	
presence-kernel-3way	2026-09-26	mac	kernel	f7f1468c0	NuGet.Packaging	true	6	7.3405	7.3100	7.3940	22047571	
presence-kernel-3way	2026-09-26	mac	kernel	f7f1468c0	Microsoft.CodeAnalysis.CSharp	incomplete	6	19.9685	19.9240	20.0850	43445150	
presence-kernel-3way	2026-09-26	mac	kernel	f7f1468c0	System.Private.CoreLib	true	6	2.6985	2.6790	2.7060	434365	
presence-kernel-3way	2026-09-26	merritt	base	7de7e646c	CommandLine	false	6	9.3410	9.2810	9.3730	26690143	
presence-kernel-3way	2026-09-26	merritt	base	7de7e646c	Humanizer	false	6	6.2115	6.1570	6.2470	18695913	
presence-kernel-3way	2026-09-26	merritt	base	7de7e646c	Mono.Cecil	false	6	15.7650	15.6270	15.8610	44116709	
presence-kernel-3way	2026-09-26	merritt	base	7de7e646c	Newtonsoft.Json	true	6	6.5910	6.5160	6.6470	18038483	
presence-kernel-3way	2026-09-26	merritt	base	7de7e646c	System.Text.Json	true	6	0.1665	0.1650	0.3200	152466	
presence-kernel-3way	2026-09-26	merritt	base	7de7e646c	NuGet.Packaging	true	6	8.1020	8.0420	8.2630	22151020	
presence-kernel-3way	2026-09-26	merritt	base	7de7e646c	Microsoft.CodeAnalysis.CSharp	incomplete	6	20.3045	20.1920	20.8790	43440834	
presence-kernel-3way	2026-09-26	merritt	base	7de7e646c	System.Private.CoreLib	true	6	2.2205	2.1970	2.2580	439144	
presence-kernel-3way	2026-09-26	merritt	head	f7f1468c0	CommandLine	false	6	9.2815	9.2060	9.4510	26820142	
presence-kernel-3way	2026-09-26	merritt	head	f7f1468c0	Humanizer	false	6	6.2100	6.1560	6.2660	18825489	
presence-kernel-3way	2026-09-26	merritt	head	f7f1468c0	Mono.Cecil	false	6	15.5845	15.5090	15.9600	44376734	
presence-kernel-3way	2026-09-26	merritt	head	f7f1468c0	Newtonsoft.Json	true	6	6.6390	6.5460	6.7990	18151695	
presence-kernel-3way	2026-09-26	merritt	head	f7f1468c0	System.Text.Json	true	6	0.1680	0.1650	0.1710	154378	
presence-kernel-3way	2026-09-26	merritt	head	f7f1468c0	NuGet.Packaging	true	6	8.2045	8.1220	8.5440	22275908	
presence-kernel-3way	2026-09-26	merritt	head	f7f1468c0	Microsoft.CodeAnalysis.CSharp	incomplete	6	20.2330	20.2070	20.6040	43500139	
presence-kernel-3way	2026-09-26	merritt	head	f7f1468c0	System.Private.CoreLib	true	6	2.2370	2.2320	2.2540	440992	
presence-kernel-3way	2026-09-26	merritt	kernel	f7f1468c0	CommandLine	false	6	9.4315	9.3680	9.5960	26746746	
presence-kernel-3way	2026-09-26	merritt	kernel	f7f1468c0	Humanizer	false	6	6.2845	6.2450	6.4350	18752104	
presence-kernel-3way	2026-09-26	merritt	kernel	f7f1468c0	Mono.Cecil	false	6	15.8970	15.6000	16.3650	44222316	
presence-kernel-3way	2026-09-26	merritt	kernel	f7f1468c0	Newtonsoft.Json	true	6	6.6910	6.5430	6.8840	18078127	
presence-kernel-3way	2026-09-26	merritt	kernel	f7f1468c0	System.Text.Json	true	6	0.1665	0.1640	0.1680	153794	
presence-kernel-3way	2026-09-26	merritt	kernel	f7f1468c0	NuGet.Packaging	true	6	8.1985	8.1110	8.3850	22202349	
presence-kernel-3way	2026-09-26	merritt	kernel	f7f1468c0	Microsoft.CodeAnalysis.CSharp	incomplete	6	20.5185	20.4810	21.0870	43465255	
presence-kernel-3way	2026-09-26	merritt	kernel	f7f1468c0	System.Private.CoreLib	true	6	2.2855	2.2680	2.3070	440409	
presence-kernel-3way	2026-09-26	fernie	base	7de7e646c	CommandLine	false	6	16.9960	16.6140	18.8020	26671777	
presence-kernel-3way	2026-09-26	fernie	base	7de7e646c	Humanizer	false	6	11.1945	11.0320	11.9520	18765625	
presence-kernel-3way	2026-09-26	fernie	base	7de7e646c	Mono.Cecil	false	6	28.0980	27.0810	30.3790	44097416	
presence-kernel-3way	2026-09-26	fernie	base	7de7e646c	Newtonsoft.Json	true	6	11.4890	11.2470	11.7620	17915672	
presence-kernel-3way	2026-09-26	fernie	base	7de7e646c	System.Text.Json	true	6	0.3870	0.3840	0.4030	148434	
presence-kernel-3way	2026-09-26	fernie	base	7de7e646c	NuGet.Packaging	true	6	14.3680	14.1810	15.3460	22023834	
presence-kernel-3way	2026-09-26	fernie	base	7de7e646c	Microsoft.CodeAnalysis.CSharp	incomplete	6	37.7505	36.9490	39.4740	43546376	
presence-kernel-3way	2026-09-26	fernie	base	7de7e646c	System.Private.CoreLib	true	6	4.9585	4.7680	5.0130	435115	
presence-kernel-3way	2026-09-26	fernie	head	f7f1468c0	CommandLine	false	6	16.7105	16.3820	17.7160	26801803	
presence-kernel-3way	2026-09-26	fernie	head	f7f1468c0	Humanizer	false	6	11.0345	10.8880	11.3190	18895222	
presence-kernel-3way	2026-09-26	fernie	head	f7f1468c0	Mono.Cecil	false	6	28.1500	27.2690	30.0020	44357461	
presence-kernel-3way	2026-09-26	fernie	head	f7f1468c0	Newtonsoft.Json	true	6	11.6825	11.1420	11.9150	18028892	
presence-kernel-3way	2026-09-26	fernie	head	f7f1468c0	System.Text.Json	true	6	0.3965	0.3800	0.4060	150346	
presence-kernel-3way	2026-09-26	fernie	head	f7f1468c0	NuGet.Packaging	true	6	14.8535	14.4020	15.6170	22148721	
presence-kernel-3way	2026-09-26	fernie	head	f7f1468c0	Microsoft.CodeAnalysis.CSharp	incomplete	6	37.8120	37.1260	39.6960	43605830	
presence-kernel-3way	2026-09-26	fernie	head	f7f1468c0	System.Private.CoreLib	true	6	4.9685	4.7540	5.0850	436964	
presence-kernel-3way	2026-09-26	fernie	kernel	f7f1468c0	CommandLine	false	6	17.6025	16.9010	18.2840	26728219	
presence-kernel-3way	2026-09-26	fernie	kernel	f7f1468c0	Humanizer	false	6	11.4870	11.0830	12.1170	18821627	
presence-kernel-3way	2026-09-26	fernie	kernel	f7f1468c0	Mono.Cecil	false	6	28.5770	27.7640	29.1980	44202871	
presence-kernel-3way	2026-09-26	fernie	kernel	f7f1468c0	Newtonsoft.Json	true	6	11.6970	11.2570	11.9660	17955325	
presence-kernel-3way	2026-09-26	fernie	kernel	f7f1468c0	System.Text.Json	true	6	0.3930	0.3790	0.4030	149762	
presence-kernel-3way	2026-09-26	fernie	kernel	f7f1468c0	NuGet.Packaging	true	6	14.7705	14.2940	15.2350	22075161	
presence-kernel-3way	2026-09-26	fernie	kernel	f7f1468c0	Microsoft.CodeAnalysis.CSharp	incomplete	6	38.7430	37.3840	39.8920	43570650	
presence-kernel-3way	2026-09-26	fernie	kernel	f7f1468c0	System.Private.CoreLib	true	6	5.2720	5.0740	5.3990	436381	
presence-linq-removal-4way	2026-09-26	mac	base	7de7e646c	CommandLine	false	8	8.3935	8.1900	9.0920	26575709	
presence-linq-removal-4way	2026-09-26	mac	base	7de7e646c	Humanizer	false	8	5.4375	5.3600	5.8310	18681599	
presence-linq-removal-4way	2026-09-26	mac	base	7de7e646c	Mono.Cecil	false	8	14.3460	13.9610	16.1450	43957670	
presence-linq-removal-4way	2026-09-26	mac	base	7de7e646c	Newtonsoft.Json	true	8	5.8570	5.7880	6.4290	18003534	
presence-linq-removal-4way	2026-09-26	mac	base	7de7e646c	System.Text.Json	true	8	0.1825	0.1790	0.1890	146417	
presence-linq-removal-4way	2026-09-26	mac	base	7de7e646c	NuGet.Packaging	true	8	7.3935	7.3080	8.8660	21996244	
presence-linq-removal-4way	2026-09-26	mac	base	7de7e646c	Microsoft.CodeAnalysis.CSharp	incomplete	8	20.4135	20.1990	25.7070	43420517	
presence-linq-removal-4way	2026-09-26	mac	base	7de7e646c	System.Private.CoreLib	true	8	2.7100	2.6830	2.9520	433105	
presence-linq-removal-4way	2026-09-26	mac	head	f7f1468c0	CommandLine	false	8	8.4600	8.3540	9.3780	26705716	
presence-linq-removal-4way	2026-09-26	mac	head	f7f1468c0	Humanizer	false	8	5.5460	5.4630	6.5060	18811176	
presence-linq-removal-4way	2026-09-26	mac	head	f7f1468c0	Mono.Cecil	false	8	14.0035	13.9380	15.0300	44217759	
presence-linq-removal-4way	2026-09-26	mac	head	f7f1468c0	Newtonsoft.Json	true	8	5.7210	5.6680	5.9040	18116785	
presence-linq-removal-4way	2026-09-26	mac	head	f7f1468c0	System.Text.Json	true	8	0.1845	0.1820	0.1900	148329	
presence-linq-removal-4way	2026-09-26	mac	head	f7f1468c0	NuGet.Packaging	true	8	7.3450	7.3140	7.5700	22121132	
presence-linq-removal-4way	2026-09-26	mac	head	f7f1468c0	Microsoft.CodeAnalysis.CSharp	incomplete	8	20.6735	20.1980	22.6600	43479955	
presence-linq-removal-4way	2026-09-26	mac	head	f7f1468c0	System.Private.CoreLib	true	8	2.7475	2.7290	2.8480	434950	
presence-linq-removal-4way	2026-09-26	mac	kernel	f7f1468c0	CommandLine	false	8	8.2860	8.1860	8.7860	26632158	
presence-linq-removal-4way	2026-09-26	mac	kernel	f7f1468c0	Humanizer	false	8	5.4385	5.3620	5.5230	18737615	
presence-linq-removal-4way	2026-09-26	mac	kernel	f7f1468c0	Mono.Cecil	false	8	14.1350	13.9990	14.5030	44063102	
presence-linq-removal-4way	2026-09-26	mac	kernel	f7f1468c0	Newtonsoft.Json	true	8	5.8850	5.7920	6.2260	18043190	
presence-linq-removal-4way	2026-09-26	mac	kernel	f7f1468c0	System.Text.Json	true	8	0.1840	0.1830	0.1900	147746	
presence-linq-removal-4way	2026-09-26	mac	kernel	f7f1468c0	NuGet.Packaging	true	8	7.3870	7.3150	7.6750	22047571	
presence-linq-removal-4way	2026-09-26	mac	kernel	f7f1468c0	Microsoft.CodeAnalysis.CSharp	incomplete	8	20.3435	20.1630	20.7510	43445021	
presence-linq-removal-4way	2026-09-26	mac	kernel	f7f1468c0	System.Private.CoreLib	true	8	2.7360	2.7090	2.7670	434366	
presence-linq-removal-4way	2026-09-26	mac	clean	14138031c	CommandLine	false	8	8.2815	8.2360	8.5060	26631766	
presence-linq-removal-4way	2026-09-26	mac	clean	14138031c	Humanizer	false	8	5.4185	5.3910	5.5540	18737224	
presence-linq-removal-4way	2026-09-26	mac	clean	14138031c	Mono.Cecil	false	8	14.1335	14.0930	14.4100	44062710	
presence-linq-removal-4way	2026-09-26	mac	clean	14138031c	Newtonsoft.Json	true	8	5.8385	5.7280	5.9540	18042797	
presence-linq-removal-4way	2026-09-26	mac	clean	14138031c	System.Text.Json	true	8	0.1830	0.1800	0.1870	147353	
presence-linq-removal-4way	2026-09-26	mac	clean	14138031c	NuGet.Packaging	true	8	7.4625	7.3860	7.6490	22047177	
presence-linq-removal-4way	2026-09-26	mac	clean	14138031c	Microsoft.CodeAnalysis.CSharp	incomplete	8	20.6025	20.0940	21.2440	43444951	
presence-linq-removal-4way	2026-09-26	mac	clean	14138031c	System.Private.CoreLib	true	8	2.7150	2.6910	2.7660	433974	
presence-linq-removal-4way	2026-09-26	merritt	base	7de7e646c	CommandLine	false	8	9.3820	9.3040	9.5080	26690143	
presence-linq-removal-4way	2026-09-26	merritt	base	7de7e646c	Humanizer	false	8	6.2155	6.1420	6.5940	18695913	
presence-linq-removal-4way	2026-09-26	merritt	base	7de7e646c	Mono.Cecil	false	8	15.7235	15.6250	16.5180	44116710	
presence-linq-removal-4way	2026-09-26	merritt	base	7de7e646c	Newtonsoft.Json	true	8	6.5400	6.4790	6.6060	18038483	
presence-linq-removal-4way	2026-09-26	merritt	base	7de7e646c	System.Text.Json	true	8	0.1655	0.1630	0.1700	152466	
presence-linq-removal-4way	2026-09-26	merritt	base	7de7e646c	NuGet.Packaging	true	8	8.1325	8.0570	8.4310	22151020	
presence-linq-removal-4way	2026-09-26	merritt	base	7de7e646c	Microsoft.CodeAnalysis.CSharp	incomplete	8	20.2715	20.1920	20.6560	43440860	
presence-linq-removal-4way	2026-09-26	merritt	base	7de7e646c	System.Private.CoreLib	true	8	2.2235	2.1990	2.2410	439144	
presence-linq-removal-4way	2026-09-26	merritt	head	f7f1468c0	CommandLine	false	8	9.2560	9.1740	9.4400	26820142	
presence-linq-removal-4way	2026-09-26	merritt	head	f7f1468c0	Humanizer	false	8	6.1925	6.1350	6.4010	18825489	
presence-linq-removal-4way	2026-09-26	merritt	head	f7f1468c0	Mono.Cecil	false	8	15.6035	15.4270	15.8970	44376733	
presence-linq-removal-4way	2026-09-26	merritt	head	f7f1468c0	Newtonsoft.Json	true	8	6.5975	6.5340	6.6610	18151695	
presence-linq-removal-4way	2026-09-26	merritt	head	f7f1468c0	System.Text.Json	true	8	0.1670	0.1630	0.1690	154378	
presence-linq-removal-4way	2026-09-26	merritt	head	f7f1468c0	NuGet.Packaging	true	8	8.1255	8.0540	8.5640	22275908	
presence-linq-removal-4way	2026-09-26	merritt	head	f7f1468c0	Microsoft.CodeAnalysis.CSharp	incomplete	8	20.1040	19.8480	20.7440	43500263	
presence-linq-removal-4way	2026-09-26	merritt	head	f7f1468c0	System.Private.CoreLib	true	8	2.2250	2.2210	2.2510	440992	
presence-linq-removal-4way	2026-09-26	merritt	kernel	f7f1468c0	CommandLine	false	8	9.3925	9.3090	9.6180	26746746	
presence-linq-removal-4way	2026-09-26	merritt	kernel	f7f1468c0	Humanizer	false	8	6.2620	6.1790	6.3150	18752103	
presence-linq-removal-4way	2026-09-26	merritt	kernel	f7f1468c0	Mono.Cecil	false	8	15.6490	15.4820	15.8820	44222316	
presence-linq-removal-4way	2026-09-26	merritt	kernel	f7f1468c0	Newtonsoft.Json	true	8	6.5995	6.5030	6.9630	18078126	
presence-linq-removal-4way	2026-09-26	merritt	kernel	f7f1468c0	System.Text.Json	true	8	0.1660	0.1650	0.1710	153795	
presence-linq-removal-4way	2026-09-26	merritt	kernel	f7f1468c0	NuGet.Packaging	true	8	8.2085	8.0570	8.4420	22202349	
presence-linq-removal-4way	2026-09-26	merritt	kernel	f7f1468c0	Microsoft.CodeAnalysis.CSharp	incomplete	8	20.3535	20.0440	20.9690	43465348	
presence-linq-removal-4way	2026-09-26	merritt	kernel	f7f1468c0	System.Private.CoreLib	true	8	2.2635	2.2570	2.2920	440409	
presence-linq-removal-4way	2026-09-26	merritt	clean	14138031c	CommandLine	false	8	9.5255	9.3030	9.6560	26746199	
presence-linq-removal-4way	2026-09-26	merritt	clean	14138031c	Humanizer	false	8	6.2660	6.2010	6.3530	18751537	
presence-linq-removal-4way	2026-09-26	merritt	clean	14138031c	Mono.Cecil	false	8	15.9090	15.6430	16.4910	44221750	
presence-linq-removal-4way	2026-09-26	merritt	clean	14138031c	Newtonsoft.Json	true	8	6.6495	6.5610	6.9780	18077755	
presence-linq-removal-4way	2026-09-26	merritt	clean	14138031c	System.Text.Json	true	8	0.1660	0.1620	0.1680	153402	
presence-linq-removal-4way	2026-09-26	merritt	clean	14138031c	NuGet.Packaging	true	8	8.2060	8.0780	8.4200	22201957	
presence-linq-removal-4way	2026-09-26	merritt	clean	14138031c	Microsoft.CodeAnalysis.CSharp	incomplete	8	20.4655	20.1700	22.2790	43465014	
presence-linq-removal-4way	2026-09-26	merritt	clean	14138031c	System.Private.CoreLib	true	8	2.2170	2.1970	2.2320	440016	
presence-linq-removal-4way	2026-09-26	fernie	base	7de7e646c	CommandLine	false	8	16.5215	16.4570	16.8800	26671777	
presence-linq-removal-4way	2026-09-26	fernie	base	7de7e646c	Humanizer	false	8	10.8580	10.7940	11.1760	18765624	
presence-linq-removal-4way	2026-09-26	fernie	base	7de7e646c	Mono.Cecil	false	8	27.0010	26.8050	27.7080	44097395	
presence-linq-removal-4way	2026-09-26	fernie	base	7de7e646c	Newtonsoft.Json	true	8	11.0330	10.9560	11.1950	17915675	
presence-linq-removal-4way	2026-09-26	fernie	base	7de7e646c	System.Text.Json	true	8	0.3775	0.3770	0.3790	148434	
presence-linq-removal-4way	2026-09-26	fernie	base	7de7e646c	NuGet.Packaging	true	8	14.0710	13.8580	14.4680	22023837	
presence-linq-removal-4way	2026-09-26	fernie	base	7de7e646c	Microsoft.CodeAnalysis.CSharp	incomplete	8	36.4595	36.0990	37.0490	43546284	
presence-linq-removal-4way	2026-09-26	fernie	base	7de7e646c	System.Private.CoreLib	true	8	4.7450	4.7370	4.7490	435114	
presence-linq-removal-4way	2026-09-26	fernie	head	f7f1468c0	CommandLine	false	8	16.2005	16.0960	16.2700	26801803	
presence-linq-removal-4way	2026-09-26	fernie	head	f7f1468c0	Humanizer	false	8	10.7720	10.6930	10.8530	18895221	
presence-linq-removal-4way	2026-09-26	fernie	head	f7f1468c0	Mono.Cecil	false	8	27.1425	27.0240	27.3910	44357433	
presence-linq-removal-4way	2026-09-26	fernie	head	f7f1468c0	Newtonsoft.Json	true	8	11.1325	11.0550	11.2130	18028913	
presence-linq-removal-4way	2026-09-26	fernie	head	f7f1468c0	System.Text.Json	true	8	0.3800	0.3790	0.3810	150346	
presence-linq-removal-4way	2026-09-26	fernie	head	f7f1468c0	NuGet.Packaging	true	8	14.2930	14.2200	15.3680	22148720	
presence-linq-removal-4way	2026-09-26	fernie	head	f7f1468c0	Microsoft.CodeAnalysis.CSharp	incomplete	8	36.5820	36.3890	38.3610	43605555	
presence-linq-removal-4way	2026-09-26	fernie	head	f7f1468c0	System.Private.CoreLib	true	8	4.7375	4.7260	5.0010	436962	
presence-linq-removal-4way	2026-09-26	fernie	kernel	f7f1468c0	CommandLine	false	8	16.6830	16.5850	16.9600	26728218	
presence-linq-removal-4way	2026-09-26	fernie	kernel	f7f1468c0	Humanizer	false	8	11.0355	10.9540	11.3290	18821641	
presence-linq-removal-4way	2026-09-26	fernie	kernel	f7f1468c0	Mono.Cecil	false	8	27.2180	27.0980	29.2460	44202870	
presence-linq-removal-4way	2026-09-26	fernie	kernel	f7f1468c0	Newtonsoft.Json	true	8	11.1210	11.0430	11.9090	17955339	
presence-linq-removal-4way	2026-09-26	fernie	kernel	f7f1468c0	System.Text.Json	true	8	0.3765	0.3750	0.3930	149762	
presence-linq-removal-4way	2026-09-26	fernie	kernel	f7f1468c0	NuGet.Packaging	true	8	14.1350	14.0610	14.3770	22075159	
presence-linq-removal-4way	2026-09-26	fernie	kernel	f7f1468c0	Microsoft.CodeAnalysis.CSharp	incomplete	8	37.0070	36.8350	37.5390	43570855	
presence-linq-removal-4way	2026-09-26	fernie	kernel	f7f1468c0	System.Private.CoreLib	true	8	5.0635	5.0560	5.1540	436380	
presence-linq-removal-4way	2026-09-26	fernie	clean	14138031c	CommandLine	false	8	16.7325	16.6090	17.0160	26727826	
presence-linq-removal-4way	2026-09-26	fernie	clean	14138031c	Humanizer	false	8	11.0215	10.9340	12.0290	18821248	
presence-linq-removal-4way	2026-09-26	fernie	clean	14138031c	Mono.Cecil	false	8	27.2225	27.1320	29.5150	44202456	
presence-linq-removal-4way	2026-09-26	fernie	clean	14138031c	Newtonsoft.Json	true	8	11.1000	11.0050	11.3360	17954947	
presence-linq-removal-4way	2026-09-26	fernie	clean	14138031c	System.Text.Json	true	8	0.3770	0.3760	0.3780	149370	
presence-linq-removal-4way	2026-09-26	fernie	clean	14138031c	NuGet.Packaging	true	8	14.1680	13.9870	14.2620	22074774	
presence-linq-removal-4way	2026-09-26	fernie	clean	14138031c	Microsoft.CodeAnalysis.CSharp	incomplete	8	36.4235	36.1780	36.8340	43570457	
presence-linq-removal-4way	2026-09-26	fernie	clean	14138031c	System.Private.CoreLib	true	8	4.7320	4.7240	5.0510	435986	
presence-one-vs-two-producers	2026-09-26	mac	clean	14138031c	CommandLine	false	6	8.2830	8.2410	8.5910	26631770	
presence-one-vs-two-producers	2026-09-26	mac	clean	14138031c	Humanizer	false	6	5.4275	5.3950	5.5980	18737210	
presence-one-vs-two-producers	2026-09-26	mac	clean	14138031c	Mono.Cecil	false	6	14.3200	14.0480	14.9820	44062714	
presence-one-vs-two-producers	2026-09-26	mac	second	14138031c	CommandLine	false	6	8.4065	8.2950	8.7280	26631771	
presence-one-vs-two-producers	2026-09-26	mac	second	14138031c	Humanizer	false	6	5.4555	5.3690	5.5530	18737212	
presence-one-vs-two-producers	2026-09-26	mac	second	14138031c	Mono.Cecil	false	6	14.3345	14.0120	14.7620	44062713	
presence-executor-port-4way	2026-09-26	mac	base	7de7e646c	CommandLine	false	8	8.2550	8.1360	8.3480	26575709	
presence-executor-port-4way	2026-09-26	mac	base	7de7e646c	Humanizer	false	8	5.4065	5.3380	5.4310	18681599	
presence-executor-port-4way	2026-09-26	mac	base	7de7e646c	Mono.Cecil	false	8	14.1170	13.9210	14.1670	43957669	
presence-executor-port-4way	2026-09-26	mac	base	7de7e646c	Newtonsoft.Json	true	8	5.7240	5.7050	6.0560	18003539	
presence-executor-port-4way	2026-09-26	mac	base	7de7e646c	System.Text.Json	true	8	0.1815	0.1790	0.1850	146417	
presence-executor-port-4way	2026-09-26	mac	base	7de7e646c	NuGet.Packaging	true	8	7.3620	7.2850	7.5330	21996243	
presence-executor-port-4way	2026-09-26	mac	base	7de7e646c	Microsoft.CodeAnalysis.CSharp	incomplete	8	20.1670	19.9280	21.2160	43420528	
presence-executor-port-4way	2026-09-26	mac	base	7de7e646c	System.Private.CoreLib	true	8	2.6860	2.6420	2.7640	433104	
presence-executor-port-4way	2026-09-26	mac	head	f7f1468c0	CommandLine	false	8	8.3880	8.2890	8.5500	26705716	
presence-executor-port-4way	2026-09-26	mac	head	f7f1468c0	Humanizer	false	8	5.4770	5.4580	5.6030	18811176	
presence-executor-port-4way	2026-09-26	mac	head	f7f1468c0	Mono.Cecil	false	8	13.9755	13.8100	14.0600	44217759	
presence-executor-port-4way	2026-09-26	mac	head	f7f1468c0	Newtonsoft.Json	true	8	5.7240	5.6600	5.8730	18116785	
presence-executor-port-4way	2026-09-26	mac	head	f7f1468c0	System.Text.Json	true	8	0.1840	0.1810	0.1840	148330	
presence-executor-port-4way	2026-09-26	mac	head	f7f1468c0	NuGet.Packaging	true	8	7.3620	7.3180	7.4120	22121132	
presence-executor-port-4way	2026-09-26	mac	head	f7f1468c0	Microsoft.CodeAnalysis.CSharp	incomplete	8	20.1085	19.8850	20.3440	43479914	
presence-executor-port-4way	2026-09-26	mac	head	f7f1468c0	System.Private.CoreLib	true	8	2.7100	2.6820	2.7360	434949	
presence-executor-port-4way	2026-09-26	mac	clean	14138031c	CommandLine	false	8	8.2635	8.2060	8.4120	26631765	
presence-executor-port-4way	2026-09-26	mac	clean	14138031c	Humanizer	false	8	5.3965	5.3480	5.4830	18737223	
presence-executor-port-4way	2026-09-26	mac	clean	14138031c	Mono.Cecil	false	8	14.0720	13.9760	14.2830	44062710	
presence-executor-port-4way	2026-09-26	mac	clean	14138031c	Newtonsoft.Json	true	8	5.8045	5.7380	5.9050	18042811	
presence-executor-port-4way	2026-09-26	mac	clean	14138031c	System.Text.Json	true	8	0.1820	0.1790	0.1840	147354	
presence-executor-port-4way	2026-09-26	mac	clean	14138031c	NuGet.Packaging	true	8	7.3980	7.3480	7.4620	22047180	
presence-executor-port-4way	2026-09-26	mac	clean	14138031c	Microsoft.CodeAnalysis.CSharp	incomplete	8	20.0140	19.8490	20.4290	43444833	
presence-executor-port-4way	2026-09-26	mac	clean	14138031c	System.Private.CoreLib	true	8	2.6820	2.6580	2.6920	433973	
presence-executor-port-4way	2026-09-26	mac	final	d73a445f0	CommandLine	false	8	8.1715	8.1590	8.4470	26627302	
presence-executor-port-4way	2026-09-26	mac	final	d73a445f0	Humanizer	false	8	5.3430	5.3330	5.5200	18732759	
presence-executor-port-4way	2026-09-26	mac	final	d73a445f0	Mono.Cecil	false	8	14.0270	13.9600	14.2910	44054126	
presence-executor-port-4way	2026-09-26	mac	final	d73a445f0	Newtonsoft.Json	true	8	5.8345	5.7240	5.9320	18038339	
presence-executor-port-4way	2026-09-26	mac	final	d73a445f0	System.Text.Json	true	8	0.1810	0.1790	0.1830	147193	
presence-executor-port-4way	2026-09-26	mac	final	d73a445f0	NuGet.Packaging	true	8	7.4110	7.3050	7.5140	22042715	
presence-executor-port-4way	2026-09-26	mac	final	d73a445f0	Microsoft.CodeAnalysis.CSharp	incomplete	8	20.2320	19.9130	20.6480	43442526	
presence-executor-port-4way	2026-09-26	mac	final	d73a445f0	System.Private.CoreLib	true	8	2.7045	2.6710	2.7710	433813	
presence-consolidation-4way	2026-09-26	mac	base	7de7e646c	CommandLine	false	8	8.2295	8.1380	8.4320	26575709	
presence-consolidation-4way	2026-09-26	mac	base	7de7e646c	Humanizer	false	8	5.4030	5.3190	5.7260	18681599	
presence-consolidation-4way	2026-09-26	mac	base	7de7e646c	Mono.Cecil	false	8	14.0225	13.8950	14.8130	43957669	
presence-consolidation-4way	2026-09-26	mac	base	7de7e646c	Newtonsoft.Json	true	8	5.7840	5.7100	6.3540	18003539	
presence-consolidation-4way	2026-09-26	mac	base	7de7e646c	System.Text.Json	true	8	0.1810	0.1770	0.1890	146417	
presence-consolidation-4way	2026-09-26	mac	base	7de7e646c	NuGet.Packaging	true	8	7.3960	7.2860	7.7020	21996243	
presence-consolidation-4way	2026-09-26	mac	base	7de7e646c	Microsoft.CodeAnalysis.CSharp	incomplete	8	20.1415	19.9300	22.4650	43420667	
presence-consolidation-4way	2026-09-26	mac	base	7de7e646c	System.Private.CoreLib	true	8	2.6990	2.6510	2.8340	433104	
presence-consolidation-4way	2026-09-26	mac	head	f7f1468c0	CommandLine	false	8	8.3955	8.3570	8.5010	26705715	
presence-consolidation-4way	2026-09-26	mac	head	f7f1468c0	Humanizer	false	8	5.5320	5.4810	5.7010	18811176	
presence-consolidation-4way	2026-09-26	mac	head	f7f1468c0	Mono.Cecil	false	8	14.0055	13.8990	14.1530	44217752	
presence-consolidation-4way	2026-09-26	mac	head	f7f1468c0	Newtonsoft.Json	true	8	5.7835	5.6470	5.8940	18116785	
presence-consolidation-4way	2026-09-26	mac	head	f7f1468c0	System.Text.Json	true	8	0.1830	0.1820	0.1840	148329	
presence-consolidation-4way	2026-09-26	mac	head	f7f1468c0	NuGet.Packaging	true	8	7.3555	7.2760	7.4570	22121132	
presence-consolidation-4way	2026-09-26	mac	head	f7f1468c0	Microsoft.CodeAnalysis.CSharp	incomplete	8	20.3440	20.0370	22.1130	43480062	
presence-consolidation-4way	2026-09-26	mac	head	f7f1468c0	System.Private.CoreLib	true	8	2.7360	2.6970	2.8820	434950	
presence-consolidation-4way	2026-09-26	mac	final2	925e73ee2	CommandLine	false	8	8.2365	8.1820	8.7330	26627470	
presence-consolidation-4way	2026-09-26	mac	final2	925e73ee2	Humanizer	false	8	5.4150	5.3560	5.4990	18732927	
presence-consolidation-4way	2026-09-26	mac	final2	925e73ee2	Mono.Cecil	false	8	14.0865	13.9840	14.3280	44054293	
presence-consolidation-4way	2026-09-26	mac	final2	925e73ee2	Newtonsoft.Json	true	8	5.8305	5.7040	6.2020	18038508	
presence-consolidation-4way	2026-09-26	mac	final2	925e73ee2	System.Text.Json	true	8	0.1820	0.1780	0.1890	147362	
presence-consolidation-4way	2026-09-26	mac	final2	925e73ee2	NuGet.Packaging	true	8	7.4315	7.3180	8.0340	22042883	
presence-consolidation-4way	2026-09-26	mac	final2	925e73ee2	Microsoft.CodeAnalysis.CSharp	incomplete	8	20.2600	19.9630	36.0140	43442538	
presence-consolidation-4way	2026-09-26	mac	final2	925e73ee2	System.Private.CoreLib	true	8	2.6995	2.6600	2.8610	433981	
presence-consolidation-4way	2026-09-26	mac	final	d73a445f0	CommandLine	false	8	8.2285	8.1530	9.0820	26627302	
presence-consolidation-4way	2026-09-26	mac	final	d73a445f0	Humanizer	false	8	5.3520	5.3140	5.8320	18732759	
presence-consolidation-4way	2026-09-26	mac	final	d73a445f0	Mono.Cecil	false	8	14.0135	13.9120	15.0300	44054125	
presence-consolidation-4way	2026-09-26	mac	final	d73a445f0	Newtonsoft.Json	true	8	5.7900	5.7470	6.1810	18038347	
presence-consolidation-4way	2026-09-26	mac	final	d73a445f0	System.Text.Json	true	8	0.1815	0.1800	0.1880	147193	
presence-consolidation-4way	2026-09-26	mac	final	d73a445f0	NuGet.Packaging	true	8	7.3555	7.3360	7.7710	22042716	
presence-consolidation-4way	2026-09-26	mac	final	d73a445f0	Microsoft.CodeAnalysis.CSharp	incomplete	8	19.9470	19.7530	22.0750	43442319	
presence-consolidation-4way	2026-09-26	mac	final	d73a445f0	System.Private.CoreLib	true	8	2.6985	2.6680	2.8400	433813	
presence-consolidation-4way	2026-09-26	merritt	base	7de7e646c	CommandLine	false	8	9.3020	9.2560	9.4100	26690143	
presence-consolidation-4way	2026-09-26	merritt	base	7de7e646c	Humanizer	false	8	6.1365	6.1050	6.2430	18695912	
presence-consolidation-4way	2026-09-26	merritt	base	7de7e646c	Mono.Cecil	false	8	15.6155	15.4590	15.7450	44116710	
presence-consolidation-4way	2026-09-26	merritt	base	7de7e646c	Newtonsoft.Json	true	8	6.5050	6.4460	6.5720	18038483	
presence-consolidation-4way	2026-09-26	merritt	base	7de7e646c	System.Text.Json	true	8	0.1635	0.1620	0.1650	152466	
presence-consolidation-4way	2026-09-26	merritt	base	7de7e646c	NuGet.Packaging	true	8	8.0210	7.9540	8.0910	22151020	
presence-consolidation-4way	2026-09-26	merritt	base	7de7e646c	Microsoft.CodeAnalysis.CSharp	incomplete	8	20.3210	20.0230	20.3750	43440807	
presence-consolidation-4way	2026-09-26	merritt	base	7de7e646c	System.Private.CoreLib	true	8	2.2045	2.1850	2.2430	439144	
presence-consolidation-4way	2026-09-26	merritt	head	f7f1468c0	CommandLine	false	8	9.3765	9.2560	9.4840	26820143	
presence-consolidation-4way	2026-09-26	merritt	head	f7f1468c0	Humanizer	false	8	6.2910	6.2190	6.3200	18825489	
presence-consolidation-4way	2026-09-26	merritt	head	f7f1468c0	Mono.Cecil	false	8	16.0140	15.7320	16.1080	44376734	
presence-consolidation-4way	2026-09-26	merritt	head	f7f1468c0	Newtonsoft.Json	true	8	6.6620	6.6010	6.8130	18151695	
presence-consolidation-4way	2026-09-26	merritt	head	f7f1468c0	System.Text.Json	true	8	0.1660	0.1630	0.1690	154379	
presence-consolidation-4way	2026-09-26	merritt	head	f7f1468c0	NuGet.Packaging	true	8	8.2375	8.0850	8.3630	22275909	
presence-consolidation-4way	2026-09-26	merritt	head	f7f1468c0	Microsoft.CodeAnalysis.CSharp	incomplete	8	20.3445	20.0390	20.5100	43500200	
presence-consolidation-4way	2026-09-26	merritt	head	f7f1468c0	System.Private.CoreLib	true	8	2.2245	2.1990	2.2390	440992	
presence-consolidation-4way	2026-09-26	merritt	final2	925e73ee2	CommandLine	false	8	9.3080	9.2040	9.3900	26741902	
presence-consolidation-4way	2026-09-26	merritt	final2	925e73ee2	Humanizer	false	8	6.1710	6.1230	6.2740	18747241	
presence-consolidation-4way	2026-09-26	merritt	final2	925e73ee2	Mono.Cecil	false	8	15.5890	15.4270	15.8520	44213333	
presence-consolidation-4way	2026-09-26	merritt	final2	925e73ee2	Newtonsoft.Json	true	8	6.5110	6.4630	6.6310	18073458	
presence-consolidation-4way	2026-09-26	merritt	final2	925e73ee2	System.Text.Json	true	8	0.1645	0.1620	0.1680	153410	
presence-consolidation-4way	2026-09-26	merritt	final2	925e73ee2	NuGet.Packaging	true	8	8.0450	7.9730	8.1400	22197660	
presence-consolidation-4way	2026-09-26	merritt	final2	925e73ee2	Microsoft.CodeAnalysis.CSharp	incomplete	8	20.0945	19.8680	20.1970	43462737	
presence-consolidation-4way	2026-09-26	merritt	final2	925e73ee2	System.Private.CoreLib	true	8	2.2420	2.2050	2.2540	440024	
presence-consolidation-4way	2026-09-26	merritt	final	d73a445f0	CommandLine	false	8	9.3025	9.2350	9.4190	26741734	
presence-consolidation-4way	2026-09-26	merritt	final	d73a445f0	Humanizer	false	8	6.1375	6.1000	6.2180	18747073	
presence-consolidation-4way	2026-09-26	merritt	final	d73a445f0	Mono.Cecil	false	8	15.4490	15.4210	15.6890	44213165	
presence-consolidation-4way	2026-09-26	merritt	final	d73a445f0	Newtonsoft.Json	true	8	6.4930	6.4700	6.5790	18073291	
presence-consolidation-4way	2026-09-26	merritt	final	d73a445f0	System.Text.Json	true	8	0.1615	0.1580	0.1640	153242	
presence-consolidation-4way	2026-09-26	merritt	final	d73a445f0	NuGet.Packaging	true	8	8.0060	7.9910	8.1160	22197492	
presence-consolidation-4way	2026-09-26	merritt	final	d73a445f0	Microsoft.CodeAnalysis.CSharp	incomplete	8	20.2390	19.9770	20.4910	43462594	
presence-consolidation-4way	2026-09-26	merritt	final	d73a445f0	System.Private.CoreLib	true	8	2.2660	2.2520	2.2880	439857	
presence-consolidation-4way	2026-09-26	fernie	base	7de7e646c	CommandLine	false	8	16.5145	16.3630	16.5490	26671776	
presence-consolidation-4way	2026-09-26	fernie	base	7de7e646c	Humanizer	false	8	10.8415	10.7990	10.9090	18765624	
presence-consolidation-4way	2026-09-26	fernie	base	7de7e646c	Mono.Cecil	false	8	26.9510	26.7510	27.2270	44097395	
presence-consolidation-4way	2026-09-26	fernie	base	7de7e646c	Newtonsoft.Json	true	8	10.9795	10.9200	11.0650	17915675	
presence-consolidation-4way	2026-09-26	fernie	base	7de7e646c	System.Text.Json	true	8	0.3780	0.3770	0.3810	148434	
presence-consolidation-4way	2026-09-26	fernie	base	7de7e646c	NuGet.Packaging	true	8	14.0020	13.8350	14.1370	22023837	
presence-consolidation-4way	2026-09-26	fernie	base	7de7e646c	Microsoft.CodeAnalysis.CSharp	incomplete	8	36.1930	35.9870	36.6380	43546261	
presence-consolidation-4way	2026-09-26	fernie	base	7de7e646c	System.Private.CoreLib	true	8	4.7425	4.7390	4.7540	435114	
presence-consolidation-4way	2026-09-26	fernie	head	f7f1468c0	CommandLine	false	8	16.1945	16.0970	16.2660	26801803	
presence-consolidation-4way	2026-09-26	fernie	head	f7f1468c0	Humanizer	false	8	10.7535	10.6480	10.8010	18895221	
presence-consolidation-4way	2026-09-26	fernie	head	f7f1468c0	Mono.Cecil	false	8	27.0960	26.9510	27.2000	44357457	
presence-consolidation-4way	2026-09-26	fernie	head	f7f1468c0	Newtonsoft.Json	true	8	11.1215	11.0200	11.1720	18028914	
presence-consolidation-4way	2026-09-26	fernie	head	f7f1468c0	System.Text.Json	true	8	0.3800	0.3780	0.3820	150346	
presence-consolidation-4way	2026-09-26	fernie	head	f7f1468c0	NuGet.Packaging	true	8	14.2670	14.2110	14.3410	22148726	
presence-consolidation-4way	2026-09-26	fernie	head	f7f1468c0	Microsoft.CodeAnalysis.CSharp	incomplete	8	36.3410	36.0840	36.7270	43605906	
presence-consolidation-4way	2026-09-26	fernie	head	f7f1468c0	System.Private.CoreLib	true	8	4.7360	4.7280	4.7520	436962	
presence-consolidation-4way	2026-09-26	fernie	final2	925e73ee2	CommandLine	false	8	16.6540	16.5290	16.8190	26723530	
presence-consolidation-4way	2026-09-26	fernie	final2	925e73ee2	Humanizer	false	8	10.9505	10.8680	11.0240	18816952	
presence-consolidation-4way	2026-09-26	fernie	final2	925e73ee2	Mono.Cecil	false	8	27.1590	26.8820	27.2630	44194063	
presence-consolidation-4way	2026-09-26	fernie	final2	925e73ee2	Newtonsoft.Json	true	8	10.9945	10.9580	11.0820	17950651	
presence-consolidation-4way	2026-09-26	fernie	final2	925e73ee2	System.Text.Json	true	8	0.3780	0.3770	0.3790	149378	
presence-consolidation-4way	2026-09-26	fernie	final2	925e73ee2	NuGet.Packaging	true	8	13.9815	13.9520	14.1070	22070471	
presence-consolidation-4way	2026-09-26	fernie	final2	925e73ee2	Microsoft.CodeAnalysis.CSharp	incomplete	8	36.1050	35.8780	36.2260	43568152	
presence-consolidation-4way	2026-09-26	fernie	final2	925e73ee2	System.Private.CoreLib	true	8	4.7150	4.7080	4.7310	435994	
presence-consolidation-4way	2026-09-26	fernie	final	d73a445f0	CommandLine	false	8	16.5650	16.4370	16.6820	26723362	
presence-consolidation-4way	2026-09-26	fernie	final	d73a445f0	Humanizer	false	8	10.9175	10.8600	10.9910	18816784	
presence-consolidation-4way	2026-09-26	fernie	final	d73a445f0	Mono.Cecil	false	8	27.1335	26.9940	27.3850	44193871	
presence-consolidation-4way	2026-09-26	fernie	final	d73a445f0	Newtonsoft.Json	true	8	11.0380	10.9670	11.1880	17950483	
presence-consolidation-4way	2026-09-26	fernie	final	d73a445f0	System.Text.Json	true	8	0.3800	0.3790	0.3820	149210	
presence-consolidation-4way	2026-09-26	fernie	final	d73a445f0	NuGet.Packaging	true	8	14.0280	13.8780	14.1860	22070304	
presence-consolidation-4way	2026-09-26	fernie	final	d73a445f0	Microsoft.CodeAnalysis.CSharp	incomplete	8	36.8780	36.7310	37.2280	43568190	
presence-consolidation-4way	2026-09-26	fernie	final	d73a445f0	System.Private.CoreLib	true	8	5.1315	5.1200	5.1350	435828	
presence-open-query-3way	2026-09-27	mac	base	7de7e646c	CommandLine	false	6	8.1715	8.1420	8.2600	26575709	
presence-open-query-3way	2026-09-27	mac	base	7de7e646c	Humanizer	false	6	5.3595	5.2700	5.3940	18681599	
presence-open-query-3way	2026-09-27	mac	base	7de7e646c	Mono.Cecil	false	6	14.0980	13.7890	14.1350	43957669	
presence-open-query-3way	2026-09-27	mac	base	7de7e646c	Newtonsoft.Json	true	6	5.8315	5.6000	5.8400	18003540	
presence-open-query-3way	2026-09-27	mac	base	7de7e646c	System.Text.Json	true	6	0.1805	0.1760	0.1820	146417	
presence-open-query-3way	2026-09-27	mac	base	7de7e646c	NuGet.Packaging	true	6	7.3670	7.1700	7.3800	21996244	
presence-open-query-3way	2026-09-27	mac	base	7de7e646c	Microsoft.CodeAnalysis.CSharp	incomplete	6	19.9425	19.5890	20.0140	43420462	
presence-open-query-3way	2026-09-27	mac	base	7de7e646c	System.Private.CoreLib	true	6	2.6455	2.5990	2.6650	433104	
presence-open-query-3way	2026-09-27	mac	final2	925e73ee2	CommandLine	false	6	8.1855	8.1390	8.2670	26627470	
presence-open-query-3way	2026-09-27	mac	final2	925e73ee2	Humanizer	false	6	5.3900	5.3660	5.4500	18732927	
presence-open-query-3way	2026-09-27	mac	final2	925e73ee2	Mono.Cecil	false	6	14.0455	13.9800	14.1690	44054294	
presence-open-query-3way	2026-09-27	mac	final2	925e73ee2	Newtonsoft.Json	true	6	5.8135	5.7170	6.1300	18038515	
presence-open-query-3way	2026-09-27	mac	final2	925e73ee2	System.Text.Json	true	6	0.1790	0.1780	0.1820	147362	
presence-open-query-3way	2026-09-27	mac	final2	925e73ee2	NuGet.Packaging	true	6	7.3355	7.2500	7.6350	22042883	
presence-open-query-3way	2026-09-27	mac	final2	925e73ee2	Microsoft.CodeAnalysis.CSharp	incomplete	6	19.9430	19.7450	20.4190	43442628	
presence-open-query-3way	2026-09-27	mac	final2	925e73ee2	System.Private.CoreLib	true	6	2.6460	2.6000	2.6690	433981	
presence-open-query-3way	2026-09-27	mac	final3	c20817038	CommandLine	false	6	8.1940	8.1680	8.2600	26627374	
presence-open-query-3way	2026-09-27	mac	final3	c20817038	Humanizer	false	6	5.3650	5.3570	5.3880	18732831	
presence-open-query-3way	2026-09-27	mac	final3	c20817038	Mono.Cecil	false	6	13.9630	13.9170	14.0490	44054198	
presence-open-query-3way	2026-09-27	mac	final3	c20817038	Newtonsoft.Json	true	6	5.7980	5.6690	5.8610	18038419	
presence-open-query-3way	2026-09-27	mac	final3	c20817038	System.Text.Json	true	6	0.1780	0.1770	0.1790	147266	
presence-open-query-3way	2026-09-27	mac	final3	c20817038	NuGet.Packaging	true	6	7.3660	7.3480	7.3780	22042788	
presence-open-query-3way	2026-09-27	mac	final3	c20817038	Microsoft.CodeAnalysis.CSharp	incomplete	6	19.9425	19.6600	19.9990	43442561	
presence-open-query-3way	2026-09-27	mac	final3	c20817038	System.Private.CoreLib	true	6	2.6495	2.6140	2.6630	433885	
presence-open-query-3way	2026-09-27	annies-mac-mini	base	7de7e646c	CommandLine	false	6	8.2340	7.8850	8.3120	26781401	
presence-open-query-3way	2026-09-27	annies-mac-mini	base	7de7e646c	Humanizer	false	6	5.3635	5.1680	5.4450	18664735	
presence-open-query-3way	2026-09-27	annies-mac-mini	base	7de7e646c	Mono.Cecil	false	6	13.7415	13.2750	13.9350	44152006	
presence-open-query-3way	2026-09-27	annies-mac-mini	base	7de7e646c	Newtonsoft.Json	true	6	5.6705	5.4690	5.7410	17977303	
presence-open-query-3way	2026-09-27	annies-mac-mini	base	7de7e646c	System.Text.Json	true	6	0.1790	0.1780	0.1810	145409	
presence-open-query-3way	2026-09-27	annies-mac-mini	base	7de7e646c	NuGet.Packaging	true	6	7.3350	7.1020	7.4500	21910307	
presence-open-query-3way	2026-09-27	annies-mac-mini	base	7de7e646c	Microsoft.CodeAnalysis.CSharp	incomplete	6	19.6505	18.9040	19.8810	43387470	
presence-open-query-3way	2026-09-27	annies-mac-mini	base	7de7e646c	System.Private.CoreLib	true	6	2.6560	2.5560	2.6850	432100	
presence-open-query-3way	2026-09-27	annies-mac-mini	final2	925e73ee2	CommandLine	false	6	8.1830	8.1220	8.2690	26833164	
presence-open-query-3way	2026-09-27	annies-mac-mini	final2	925e73ee2	Humanizer	false	6	5.2855	5.2520	5.3590	18716063	
presence-open-query-3way	2026-09-27	annies-mac-mini	final2	925e73ee2	Mono.Cecil	false	6	13.8860	13.6620	14.0890	44248631	
presence-open-query-3way	2026-09-27	annies-mac-mini	final2	925e73ee2	Newtonsoft.Json	true	6	5.6705	5.5900	5.8350	18012267	
presence-open-query-3way	2026-09-27	annies-mac-mini	final2	925e73ee2	System.Text.Json	true	6	0.1785	0.1770	0.1820	146353	
presence-open-query-3way	2026-09-27	annies-mac-mini	final2	925e73ee2	NuGet.Packaging	true	6	7.2835	7.2260	7.4150	21956947	
presence-open-query-3way	2026-09-27	annies-mac-mini	final2	925e73ee2	Microsoft.CodeAnalysis.CSharp	incomplete	6	19.7035	19.1880	19.7860	43409309	
presence-open-query-3way	2026-09-27	annies-mac-mini	final2	925e73ee2	System.Private.CoreLib	true	6	2.6675	2.5820	2.7000	432979	
presence-open-query-3way	2026-09-27	annies-mac-mini	final3	c20817038	CommandLine	false	6	8.1680	8.1250	8.4040	26833068	
presence-open-query-3way	2026-09-27	annies-mac-mini	final3	c20817038	Humanizer	false	6	5.2935	5.2390	5.4320	18715967	
presence-open-query-3way	2026-09-27	annies-mac-mini	final3	c20817038	Mono.Cecil	false	6	13.7995	13.6480	14.0020	44248529	
presence-open-query-3way	2026-09-27	annies-mac-mini	final3	c20817038	Newtonsoft.Json	true	6	5.6425	5.5830	5.7220	18012171	
presence-open-query-3way	2026-09-27	annies-mac-mini	final3	c20817038	System.Text.Json	true	6	0.1790	0.1780	0.1800	146257	
presence-open-query-3way	2026-09-27	annies-mac-mini	final3	c20817038	NuGet.Packaging	true	6	7.3095	7.2210	7.4000	21956851	
presence-open-query-3way	2026-09-27	annies-mac-mini	final3	c20817038	Microsoft.CodeAnalysis.CSharp	incomplete	6	19.6770	19.3970	19.8110	43409559	
presence-open-query-3way	2026-09-27	annies-mac-mini	final3	c20817038	System.Private.CoreLib	true	6	2.6685	2.6050	2.6920	432879	
presence-open-query-3way	2026-09-27	merritt	base	7de7e646c	CommandLine	false	6	9.4240	9.2210	9.5150	26690143	
presence-open-query-3way	2026-09-27	merritt	base	7de7e646c	Humanizer	false	6	6.2155	6.1190	6.2790	18695912	
presence-open-query-3way	2026-09-27	merritt	base	7de7e646c	Mono.Cecil	false	6	15.7955	15.6250	15.9870	44116710	
presence-open-query-3way	2026-09-27	merritt	base	7de7e646c	Newtonsoft.Json	true	6	6.5920	6.5050	6.6720	18038483	
presence-open-query-3way	2026-09-27	merritt	base	7de7e646c	System.Text.Json	true	6	0.1650	0.1640	0.1660	152466	
presence-open-query-3way	2026-09-27	merritt	base	7de7e646c	NuGet.Packaging	true	6	8.1210	8.0080	8.1980	22151020	
presence-open-query-3way	2026-09-27	merritt	base	7de7e646c	Microsoft.CodeAnalysis.CSharp	incomplete	6	20.4335	20.1560	20.5230	43440834	
presence-open-query-3way	2026-09-27	merritt	base	7de7e646c	System.Private.CoreLib	true	6	2.2305	2.2050	2.2370	439144	
presence-open-query-3way	2026-09-27	merritt	final2	925e73ee2	CommandLine	false	6	9.3275	9.2790	9.4470	26741902	
presence-open-query-3way	2026-09-27	merritt	final2	925e73ee2	Humanizer	false	6	6.2310	6.1710	6.2450	18747241	
presence-open-query-3way	2026-09-27	merritt	final2	925e73ee2	Mono.Cecil	false	6	15.7220	15.6020	15.8020	44213334	
presence-open-query-3way	2026-09-27	merritt	final2	925e73ee2	Newtonsoft.Json	true	6	6.5665	6.4950	6.6050	18073459	
presence-open-query-3way	2026-09-27	merritt	final2	925e73ee2	System.Text.Json	true	6	0.1645	0.1620	0.1660	153410	
presence-open-query-3way	2026-09-27	merritt	final2	925e73ee2	NuGet.Packaging	true	6	8.0895	8.0200	8.1480	22197660	
presence-open-query-3way	2026-09-27	merritt	final2	925e73ee2	Microsoft.CodeAnalysis.CSharp	incomplete	6	20.2375	20.1250	20.3290	43462703	
presence-open-query-3way	2026-09-27	merritt	final2	925e73ee2	System.Private.CoreLib	true	6	2.2335	2.1990	2.2500	440024	
presence-open-query-3way	2026-09-27	merritt	final3	c20817038	CommandLine	false	6	9.2860	9.2180	9.3540	26741806	
presence-open-query-3way	2026-09-27	merritt	final3	c20817038	Humanizer	false	6	6.1870	6.1250	6.2440	18747145	
presence-open-query-3way	2026-09-27	merritt	final3	c20817038	Mono.Cecil	false	6	15.6695	15.4850	15.7180	44213238	
presence-open-query-3way	2026-09-27	merritt	final3	c20817038	Newtonsoft.Json	true	6	6.5390	6.4690	6.5970	18073363	
presence-open-query-3way	2026-09-27	merritt	final3	c20817038	System.Text.Json	true	6	0.1605	0.1600	0.1620	153314	
presence-open-query-3way	2026-09-27	merritt	final3	c20817038	NuGet.Packaging	true	6	8.0765	7.9930	8.1490	22197564	
presence-open-query-3way	2026-09-27	merritt	final3	c20817038	Microsoft.CodeAnalysis.CSharp	incomplete	6	20.2955	20.1880	20.4400	43462825	
presence-open-query-3way	2026-09-27	merritt	final3	c20817038	System.Private.CoreLib	true	6	2.2720	2.2380	2.2780	439929	
presence-open-query-3way	2026-09-27	fernie	base	7de7e646c	CommandLine	false	6	16.3905	16.3090	16.4370	26671777	
presence-open-query-3way	2026-09-27	fernie	base	7de7e646c	Humanizer	false	6	10.7855	10.7590	10.8490	18765624	
presence-open-query-3way	2026-09-27	fernie	base	7de7e646c	Mono.Cecil	false	6	26.8145	26.7100	27.0340	44097416	
presence-open-query-3way	2026-09-27	fernie	base	7de7e646c	Newtonsoft.Json	true	6	10.9800	10.9140	11.1610	17915675	
presence-open-query-3way	2026-09-27	fernie	base	7de7e646c	System.Text.Json	true	6	0.3780	0.3770	0.3810	148434	
presence-open-query-3way	2026-09-27	fernie	base	7de7e646c	NuGet.Packaging	true	6	14.0670	13.7600	14.1500	22023834	
presence-open-query-3way	2026-09-27	fernie	base	7de7e646c	Microsoft.CodeAnalysis.CSharp	incomplete	6	36.1080	35.9780	36.4600	43546303	
presence-open-query-3way	2026-09-27	fernie	base	7de7e646c	System.Private.CoreLib	true	6	4.7370	4.7340	4.7420	435114	
presence-open-query-3way	2026-09-27	fernie	final2	925e73ee2	CommandLine	false	6	16.6430	16.5470	16.7320	26723529	
presence-open-query-3way	2026-09-27	fernie	final2	925e73ee2	Humanizer	false	6	10.9500	10.8830	11.0360	18816952	
presence-open-query-3way	2026-09-27	fernie	final2	925e73ee2	Mono.Cecil	false	6	27.0200	26.9360	27.1820	44194019	
presence-open-query-3way	2026-09-27	fernie	final2	925e73ee2	Newtonsoft.Json	true	6	10.9855	10.9380	11.0040	17950650	
presence-open-query-3way	2026-09-27	fernie	final2	925e73ee2	System.Text.Json	true	6	0.3785	0.3770	0.3800	149378	
presence-open-query-3way	2026-09-27	fernie	final2	925e73ee2	NuGet.Packaging	true	6	13.9835	13.8750	14.1750	22070474	
presence-open-query-3way	2026-09-27	fernie	final2	925e73ee2	Microsoft.CodeAnalysis.CSharp	incomplete	6	36.0215	35.8010	36.4000	43568068	
presence-open-query-3way	2026-09-27	fernie	final2	925e73ee2	System.Private.CoreLib	true	6	4.7105	4.7020	4.7190	435994	
presence-open-query-3way	2026-09-27	fernie	final3	c20817038	CommandLine	false	6	16.6945	16.6000	16.7940	26723434	
presence-open-query-3way	2026-09-27	fernie	final3	c20817038	Humanizer	false	6	11.0565	10.9790	11.1480	18816856	
presence-open-query-3way	2026-09-27	fernie	final3	c20817038	Mono.Cecil	false	6	27.2045	26.9960	27.3360	44193922	
presence-open-query-3way	2026-09-27	fernie	final3	c20817038	Newtonsoft.Json	true	6	11.1295	11.0600	11.2200	17950555	
presence-open-query-3way	2026-09-27	fernie	final3	c20817038	System.Text.Json	true	6	0.3780	0.3770	0.3780	149282	
presence-open-query-3way	2026-09-27	fernie	final3	c20817038	NuGet.Packaging	true	6	14.2595	14.1340	14.4160	22070382	
presence-open-query-3way	2026-09-27	fernie	final3	c20817038	Microsoft.CodeAnalysis.CSharp	incomplete	6	37.0045	36.8210	37.2970	43568011	
presence-open-query-3way	2026-09-27	fernie	final3	c20817038	System.Private.CoreLib	true	6	5.0630	5.0540	5.0710	435900	
async-count-exp1	2026-09-26	mac	hand	9ecf5dbc7	CommandLine	3	6	0.0624	0.0620	0.0655	258698	
async-count-exp1	2026-09-26	mac	hand	9ecf5dbc7	Humanizer	0	6	0.0826	0.0812	0.0857	301050	
async-count-exp1	2026-09-26	mac	hand	9ecf5dbc7	Mono.Cecil	0	6	0.0682	0.0667	0.0711	104538	
async-count-exp1	2026-09-26	mac	hand	9ecf5dbc7	Newtonsoft.Json	11	6	0.2253	0.2187	0.2375	793370	
async-count-exp1	2026-09-26	mac	hand	9ecf5dbc7	System.Text.Json	8	6	0.2011	0.1952	0.2120	784394	
async-count-exp1	2026-09-26	mac	hand	9ecf5dbc7	NuGet.Packaging	22	6	0.1019	0.1003	0.1059	269322	
async-count-exp1	2026-09-26	mac	hand	9ecf5dbc7	Microsoft.CodeAnalysis.CSharp	0	6	1.2761	1.2237	1.3845	2330965	
async-count-exp1	2026-09-26	mac	hand	9ecf5dbc7	System.Private.CoreLib	31	6	3.2071	3.0790	3.4318	8874346	
async-count-exp1	2026-09-26	mac	hand-flat	9ecf5dbc7	CommandLine	3	6	0.0694	0.0683	0.0720	258698	
async-count-exp1	2026-09-26	mac	hand-flat	9ecf5dbc7	Humanizer	0	6	0.0879	0.0870	0.0918	301050	
async-count-exp1	2026-09-26	mac	hand-flat	9ecf5dbc7	Mono.Cecil	0	6	0.0801	0.0787	0.0824	104538	
async-count-exp1	2026-09-26	mac	hand-flat	9ecf5dbc7	Newtonsoft.Json	11	6	0.2414	0.2367	0.2540	793370	
async-count-exp1	2026-09-26	mac	hand-flat	9ecf5dbc7	System.Text.Json	8	6	0.2171	0.2121	0.2265	784394	
async-count-exp1	2026-09-26	mac	hand-flat	9ecf5dbc7	NuGet.Packaging	22	6	0.1148	0.1139	0.1198	269322	
async-count-exp1	2026-09-26	mac	hand-flat	9ecf5dbc7	Microsoft.CodeAnalysis.CSharp	0	6	1.4190	1.3871	1.5205	2330967	
async-count-exp1	2026-09-26	mac	hand-flat	9ecf5dbc7	System.Private.CoreLib	31	6	3.3232	3.2260	3.5422	8874347	
async-count-exp1	2026-09-26	mac	nlinq	9ecf5dbc7	CommandLine	3	6	0.0688	0.0683	0.0718	258698	
async-count-exp1	2026-09-26	mac	nlinq	9ecf5dbc7	Humanizer	0	6	0.0872	0.0864	0.0904	301050	
async-count-exp1	2026-09-26	mac	nlinq	9ecf5dbc7	Mono.Cecil	0	6	0.0795	0.0785	0.0822	104538	
async-count-exp1	2026-09-26	mac	nlinq	9ecf5dbc7	Newtonsoft.Json	11	6	0.2414	0.2357	0.2519	793370	
async-count-exp1	2026-09-26	mac	nlinq	9ecf5dbc7	System.Text.Json	8	6	0.2170	0.2145	0.2289	784394	
async-count-exp1	2026-09-26	mac	nlinq	9ecf5dbc7	NuGet.Packaging	22	6	0.1172	0.1127	0.1230	269322	
async-count-exp1	2026-09-26	mac	nlinq	9ecf5dbc7	Microsoft.CodeAnalysis.CSharp	0	6	1.4169	1.3828	1.5101	2330967	
async-count-exp1	2026-09-26	mac	nlinq	9ecf5dbc7	System.Private.CoreLib	31	6	3.3178	3.2344	3.5287	8874347	
async-count-exp1	2026-09-26	mac	planned	9ecf5dbc7	CommandLine	3	6	0.1462	0.1430	0.1510	311066	
async-count-exp1	2026-09-26	mac	planned	9ecf5dbc7	Humanizer	0	6	0.1707	0.1661	0.1765	364682	
async-count-exp1	2026-09-26	mac	planned	9ecf5dbc7	Mono.Cecil	0	6	0.2626	0.2536	0.2729	211226	
async-count-exp1	2026-09-26	mac	planned	9ecf5dbc7	Newtonsoft.Json	11	6	0.4968	0.4845	0.5217	918528	
async-count-exp1	2026-09-26	mac	planned	9ecf5dbc7	System.Text.Json	8	6	0.4229	0.4115	0.4425	900659	
async-count-exp1	2026-09-26	mac	planned	9ecf5dbc7	NuGet.Packaging	22	6	0.4135	0.4061	0.4350	404555	
async-count-exp1	2026-09-26	mac	planned	9ecf5dbc7	Microsoft.CodeAnalysis.CSharp	0	6	6.2592	6.1400	6.5570	3247242	
async-count-exp1	2026-09-26	mac	planned	9ecf5dbc7	System.Private.CoreLib	31	6	6.4744	6.3616	6.7872	9434602	
async-count-exp1	2026-09-26	mac	hand-exists	9ecf5dbc7	CommandLine	true	6	0.0363	0.0355	0.0372	152170	
async-count-exp1	2026-09-26	mac	hand-exists	9ecf5dbc7	Humanizer	false	6	0.0881	0.0866	0.0926	301050	
async-count-exp1	2026-09-26	mac	hand-exists	9ecf5dbc7	Mono.Cecil	false	6	0.0806	0.0793	0.0849	104538	
async-count-exp1	2026-09-26	mac	hand-exists	9ecf5dbc7	Newtonsoft.Json	true	6	0.0338	0.0334	0.0346	152746	
async-count-exp1	2026-09-26	mac	hand-exists	9ecf5dbc7	System.Text.Json	true	6	0.0040	0.0038	0.0040	4906	
async-count-exp1	2026-09-26	mac	hand-exists	9ecf5dbc7	NuGet.Packaging	true	6	0.0229	0.0224	0.0233	68202	
async-count-exp1	2026-09-26	mac	hand-exists	9ecf5dbc7	Microsoft.CodeAnalysis.CSharp	false	6	1.4269	1.4008	1.4932	2330967	
async-count-exp1	2026-09-26	mac	hand-exists	9ecf5dbc7	System.Private.CoreLib	true	6	1.2591	1.2439	1.3174	3885108	
async-count-exp1	2026-09-26	mac	nlinq-exists	9ecf5dbc7	CommandLine	true	6	0.0369	0.0365	0.0382	152170	
async-count-exp1	2026-09-26	mac	nlinq-exists	9ecf5dbc7	Humanizer	false	6	0.0917	0.0907	0.0947	301050	
async-count-exp1	2026-09-26	mac	nlinq-exists	9ecf5dbc7	Mono.Cecil	false	6	0.0869	0.0864	0.0905	104538	
async-count-exp1	2026-09-26	mac	nlinq-exists	9ecf5dbc7	Newtonsoft.Json	true	6	0.0340	0.0337	0.0351	152746	
async-count-exp1	2026-09-26	mac	nlinq-exists	9ecf5dbc7	System.Text.Json	true	6	0.0044	0.0042	0.0045	4906	
async-count-exp1	2026-09-26	mac	nlinq-exists	9ecf5dbc7	NuGet.Packaging	true	6	0.0237	0.0236	0.0242	68202	
async-count-exp1	2026-09-26	mac	nlinq-exists	9ecf5dbc7	Microsoft.CodeAnalysis.CSharp	false	6	1.4996	1.4913	1.6094	2330968	
async-count-exp1	2026-09-26	mac	nlinq-exists	9ecf5dbc7	System.Private.CoreLib	true	6	1.2841	1.2669	1.3436	3885109	
async-count-exp1	2026-09-26	mac	planned-exists	9ecf5dbc7	CommandLine	true	6	0.1036	0.1032	0.1082	201418	
async-count-exp1	2026-09-26	mac	planned-exists	9ecf5dbc7	Humanizer	false	6	0.1686	0.1675	0.1755	364682	
async-count-exp1	2026-09-26	mac	planned-exists	9ecf5dbc7	Mono.Cecil	false	6	0.2586	0.2545	0.2711	211226	
async-count-exp1	2026-09-26	mac	planned-exists	9ecf5dbc7	Newtonsoft.Json	true	6	0.2470	0.2457	0.2656	261922	
async-count-exp1	2026-09-26	mac	planned-exists	9ecf5dbc7	System.Text.Json	true	6	0.1716	0.1705	0.1825	113394	
async-count-exp1	2026-09-26	mac	planned-exists	9ecf5dbc7	NuGet.Packaging	true	6	0.2853	0.2813	0.3059	196194	
async-count-exp1	2026-09-26	mac	planned-exists	9ecf5dbc7	Microsoft.CodeAnalysis.CSharp	false	6	6.1960	6.1131	6.5653	3247242	
async-count-exp1	2026-09-26	mac	planned-exists	9ecf5dbc7	System.Private.CoreLib	true	6	4.1414	4.0700	4.3920	4347009	
async-count-exp1	2026-09-26	mac	legacy	9ecf5dbc7	CommandLine	3	6	0.1996	0.1992	0.2085	613076	
async-count-exp1	2026-09-26	mac	legacy	9ecf5dbc7	Humanizer	0	6	0.2128	0.2112	0.2206	761346	
async-count-exp1	2026-09-26	mac	legacy	9ecf5dbc7	Mono.Cecil	0	6	0.2715	0.2662	0.2803	759802	
async-count-exp1	2026-09-26	mac	legacy	9ecf5dbc7	Newtonsoft.Json	11	6	0.5595	0.5554	0.5915	1749815	
async-count-exp1	2026-09-26	mac	legacy	9ecf5dbc7	System.Text.Json	8	6	0.5043	0.5010	0.5405	1661487	
async-count-exp1	2026-09-26	mac	legacy	9ecf5dbc7	NuGet.Packaging	22	6	0.4909	0.4879	0.5205	1476863	
async-count-exp1	2026-09-26	mac	legacy	9ecf5dbc7	Microsoft.CodeAnalysis.CSharp	0	6	4.2073	4.1646	4.4539	9857129	
async-count-exp1	2026-09-26	mac	legacy	9ecf5dbc7	System.Private.CoreLib	31	6	15.0072	14.7513	16.0389	36600210	
async-count-exp1	2026-09-26	merritt	hand	9ecf5dbc7	CommandLine	3	6	0.0532	0.0527	0.0543	258698	
async-count-exp1	2026-09-26	merritt	hand	9ecf5dbc7	Humanizer	0	6	0.0709	0.0700	0.0739	301050	
async-count-exp1	2026-09-26	merritt	hand	9ecf5dbc7	Mono.Cecil	0	6	0.0599	0.0585	0.0607	104538	
async-count-exp1	2026-09-26	merritt	hand	9ecf5dbc7	Newtonsoft.Json	11	6	0.1970	0.1941	0.2084	793370	
async-count-exp1	2026-09-26	merritt	hand	9ecf5dbc7	System.Text.Json	8	6	0.1716	0.1699	0.1799	784394	
async-count-exp1	2026-09-26	merritt	hand	9ecf5dbc7	NuGet.Packaging	22	6	0.0868	0.0860	0.0881	269322	
async-count-exp1	2026-09-26	merritt	hand	9ecf5dbc7	Microsoft.CodeAnalysis.CSharp	0	6	1.1891	1.1803	1.2249	2330963	
async-count-exp1	2026-09-26	merritt	hand	9ecf5dbc7	System.Private.CoreLib	31	6	2.6987	2.6679	2.7138	8874342	
async-count-exp1	2026-09-26	merritt	hand-flat	9ecf5dbc7	CommandLine	3	6	0.0599	0.0592	0.0602	258698	
async-count-exp1	2026-09-26	merritt	hand-flat	9ecf5dbc7	Humanizer	0	6	0.0762	0.0751	0.0765	301050	
async-count-exp1	2026-09-26	merritt	hand-flat	9ecf5dbc7	Mono.Cecil	0	6	0.0708	0.0697	0.0718	104538	
async-count-exp1	2026-09-26	merritt	hand-flat	9ecf5dbc7	Newtonsoft.Json	11	6	0.2161	0.2115	0.2187	793370	
async-count-exp1	2026-09-26	merritt	hand-flat	9ecf5dbc7	System.Text.Json	8	6	0.1890	0.1856	0.1902	784394	
async-count-exp1	2026-09-26	merritt	hand-flat	9ecf5dbc7	NuGet.Packaging	22	6	0.1032	0.1024	0.1037	269322	
async-count-exp1	2026-09-26	merritt	hand-flat	9ecf5dbc7	Microsoft.CodeAnalysis.CSharp	0	6	1.3293	1.3112	1.3427	2330966	
async-count-exp1	2026-09-26	merritt	hand-flat	9ecf5dbc7	System.Private.CoreLib	31	6	2.8201	2.7806	2.9989	8874343	
async-count-exp1	2026-09-26	merritt	nlinq	9ecf5dbc7	CommandLine	3	6	0.0595	0.0587	0.0665	258698	
async-count-exp1	2026-09-26	merritt	nlinq	9ecf5dbc7	Humanizer	0	6	0.0765	0.0748	0.0832	301050	
async-count-exp1	2026-09-26	merritt	nlinq	9ecf5dbc7	Mono.Cecil	0	6	0.0715	0.0701	0.0769	104538	
async-count-exp1	2026-09-26	merritt	nlinq	9ecf5dbc7	Newtonsoft.Json	11	6	0.2164	0.2140	0.2472	793370	
async-count-exp1	2026-09-26	merritt	nlinq	9ecf5dbc7	System.Text.Json	8	6	0.1927	0.1894	0.2182	784394	
async-count-exp1	2026-09-26	merritt	nlinq	9ecf5dbc7	NuGet.Packaging	22	6	0.1041	0.1019	0.1186	269322	
async-count-exp1	2026-09-26	merritt	nlinq	9ecf5dbc7	Microsoft.CodeAnalysis.CSharp	0	6	1.3281	1.3187	1.6358	2330966	
async-count-exp1	2026-09-26	merritt	nlinq	9ecf5dbc7	System.Private.CoreLib	31	6	2.8304	2.7861	3.5660	8874343	
async-count-exp1	2026-09-26	merritt	planned	9ecf5dbc7	CommandLine	3	6	0.1267	0.1252	0.1439	317114	
async-count-exp1	2026-09-26	merritt	planned	9ecf5dbc7	Humanizer	0	6	0.1514	0.1490	0.1673	370730	
async-count-exp1	2026-09-26	merritt	planned	9ecf5dbc7	Mono.Cecil	0	6	0.2409	0.2367	0.2548	217274	
async-count-exp1	2026-09-26	merritt	planned	9ecf5dbc7	Newtonsoft.Json	11	6	0.4842	0.4796	0.4915	924576	
async-count-exp1	2026-09-26	merritt	planned	9ecf5dbc7	System.Text.Json	8	6	0.3858	0.3845	0.3898	906706	
async-count-exp1	2026-09-26	merritt	planned	9ecf5dbc7	NuGet.Packaging	22	6	0.4214	0.4171	0.4301	410603	
async-count-exp1	2026-09-26	merritt	planned	9ecf5dbc7	Microsoft.CodeAnalysis.CSharp	0	6	5.1155	5.0754	5.1517	3253285	
async-count-exp1	2026-09-26	merritt	planned	9ecf5dbc7	System.Private.CoreLib	31	6	5.2801	5.2407	5.3940	9440646	
async-count-exp1	2026-09-26	merritt	hand-exists	9ecf5dbc7	CommandLine	true	6	0.0307	0.0303	0.0315	152170	
async-count-exp1	2026-09-26	merritt	hand-exists	9ecf5dbc7	Humanizer	false	6	0.0760	0.0749	0.0784	301050	
async-count-exp1	2026-09-26	merritt	hand-exists	9ecf5dbc7	Mono.Cecil	false	6	0.0705	0.0693	0.0712	104538	
async-count-exp1	2026-09-26	merritt	hand-exists	9ecf5dbc7	Newtonsoft.Json	true	6	0.0289	0.0285	0.0292	152746	
async-count-exp1	2026-09-26	merritt	hand-exists	9ecf5dbc7	System.Text.Json	true	6	0.0037	0.0036	0.0037	4906	
async-count-exp1	2026-09-26	merritt	hand-exists	9ecf5dbc7	NuGet.Packaging	true	6	0.0195	0.0193	0.0197	68202	
async-count-exp1	2026-09-26	merritt	hand-exists	9ecf5dbc7	Microsoft.CodeAnalysis.CSharp	false	6	1.3318	1.3148	1.3549	2330966	
async-count-exp1	2026-09-26	merritt	hand-exists	9ecf5dbc7	System.Private.CoreLib	true	6	1.0842	1.0700	1.0981	3885106	
async-count-exp1	2026-09-26	merritt	nlinq-exists	9ecf5dbc7	CommandLine	true	6	0.0316	0.0311	0.0356	152170	
async-count-exp1	2026-09-26	merritt	nlinq-exists	9ecf5dbc7	Humanizer	false	6	0.0796	0.0777	0.0884	301050	
async-count-exp1	2026-09-26	merritt	nlinq-exists	9ecf5dbc7	Mono.Cecil	false	6	0.0773	0.0763	0.0829	104538	
async-count-exp1	2026-09-26	merritt	nlinq-exists	9ecf5dbc7	Newtonsoft.Json	true	6	0.0298	0.0292	0.0342	152746	
async-count-exp1	2026-09-26	merritt	nlinq-exists	9ecf5dbc7	System.Text.Json	true	6	0.0041	0.0040	0.0044	4906	
async-count-exp1	2026-09-26	merritt	nlinq-exists	9ecf5dbc7	NuGet.Packaging	true	6	0.0207	0.0202	0.0224	68202	
async-count-exp1	2026-09-26	merritt	nlinq-exists	9ecf5dbc7	Microsoft.CodeAnalysis.CSharp	false	6	1.3967	1.3791	1.5985	2330967	
async-count-exp1	2026-09-26	merritt	nlinq-exists	9ecf5dbc7	System.Private.CoreLib	true	6	1.1093	1.0908	1.2969	3885106	
async-count-exp1	2026-09-26	merritt	planned-exists	9ecf5dbc7	CommandLine	true	6	0.0897	0.0894	0.0903	207466	
async-count-exp1	2026-09-26	merritt	planned-exists	9ecf5dbc7	Humanizer	false	6	0.1515	0.1494	0.1566	370730	
async-count-exp1	2026-09-26	merritt	planned-exists	9ecf5dbc7	Mono.Cecil	false	6	0.2414	0.2393	0.2518	217274	
async-count-exp1	2026-09-26	merritt	planned-exists	9ecf5dbc7	Newtonsoft.Json	true	6	0.2398	0.2353	0.2509	267970	
async-count-exp1	2026-09-26	merritt	planned-exists	9ecf5dbc7	System.Text.Json	true	6	0.1575	0.1537	0.1604	119442	
async-count-exp1	2026-09-26	merritt	planned-exists	9ecf5dbc7	NuGet.Packaging	true	6	0.2928	0.2880	0.2983	202242	
async-count-exp1	2026-09-26	merritt	planned-exists	9ecf5dbc7	Microsoft.CodeAnalysis.CSharp	false	6	5.0982	5.0553	5.6060	3253287	
async-count-exp1	2026-09-26	merritt	planned-exists	9ecf5dbc7	System.Private.CoreLib	true	6	3.3875	3.3668	3.9307	4353068	
async-count-exp1	2026-09-26	merritt	legacy	9ecf5dbc7	CommandLine	3	6	0.1820	0.1790	0.1918	613111	
async-count-exp1	2026-09-26	merritt	legacy	9ecf5dbc7	Humanizer	0	6	0.2001	0.1992	0.2024	761346	
async-count-exp1	2026-09-26	merritt	legacy	9ecf5dbc7	Mono.Cecil	0	6	0.2553	0.2534	0.2600	759802	
async-count-exp1	2026-09-26	merritt	legacy	9ecf5dbc7	Newtonsoft.Json	11	6	0.5574	0.5554	0.5773	1749858	
async-count-exp1	2026-09-26	merritt	legacy	9ecf5dbc7	System.Text.Json	8	6	0.5027	0.4975	0.5120	1661494	
async-count-exp1	2026-09-26	merritt	legacy	9ecf5dbc7	NuGet.Packaging	22	6	0.4969	0.4949	0.5015	1476368	
async-count-exp1	2026-09-26	merritt	legacy	9ecf5dbc7	Microsoft.CodeAnalysis.CSharp	0	6	3.8271	3.7956	4.0457	9857143	
async-count-exp1	2026-09-26	merritt	legacy	9ecf5dbc7	System.Private.CoreLib	31	6	13.5663	13.5479	15.3578	36599841	
async-count-exp1	2026-09-26	fernie	hand	9ecf5dbc7	CommandLine	3	6	0.1184	0.1182	0.1197	258698	
async-count-exp1	2026-09-26	fernie	hand	9ecf5dbc7	Humanizer	0	6	0.1549	0.1546	0.1671	301050	
async-count-exp1	2026-09-26	fernie	hand	9ecf5dbc7	Mono.Cecil	0	6	0.1278	0.1276	0.1369	104538	
async-count-exp1	2026-09-26	fernie	hand	9ecf5dbc7	Newtonsoft.Json	11	6	0.4366	0.4360	0.4732	793373	
async-count-exp1	2026-09-26	fernie	hand	9ecf5dbc7	System.Text.Json	8	6	0.3791	0.3787	0.4170	784394	
async-count-exp1	2026-09-26	fernie	hand	9ecf5dbc7	NuGet.Packaging	22	6	0.2047	0.2046	0.2163	269322	
async-count-exp1	2026-09-26	fernie	hand	9ecf5dbc7	Microsoft.CodeAnalysis.CSharp	0	6	2.2648	2.2593	2.3843	2330963	
async-count-exp1	2026-09-26	fernie	hand	9ecf5dbc7	System.Private.CoreLib	31	6	5.4687	5.4582	5.5552	8874343	
async-count-exp1	2026-09-26	fernie	hand-flat	9ecf5dbc7	CommandLine	3	6	0.1346	0.1335	0.1371	258698	
async-count-exp1	2026-09-26	fernie	hand-flat	9ecf5dbc7	Humanizer	0	6	0.1686	0.1685	0.1702	301050	
async-count-exp1	2026-09-26	fernie	hand-flat	9ecf5dbc7	Mono.Cecil	0	6	0.1552	0.1549	0.1579	104538	
async-count-exp1	2026-09-26	fernie	hand-flat	9ecf5dbc7	Newtonsoft.Json	11	6	0.4730	0.4725	0.5064	793375	
async-count-exp1	2026-09-26	fernie	hand-flat	9ecf5dbc7	System.Text.Json	8	6	0.4121	0.4113	0.4366	784395	
async-count-exp1	2026-09-26	fernie	hand-flat	9ecf5dbc7	NuGet.Packaging	22	6	0.2391	0.2380	0.2522	269322	
async-count-exp1	2026-09-26	fernie	hand-flat	9ecf5dbc7	Microsoft.CodeAnalysis.CSharp	0	6	2.6376	2.6319	2.8132	2330966	
async-count-exp1	2026-09-26	fernie	hand-flat	9ecf5dbc7	System.Private.CoreLib	31	6	5.7979	5.7797	5.8690	8874344	
async-count-exp1	2026-09-26	fernie	nlinq	9ecf5dbc7	CommandLine	3	6	0.1320	0.1317	0.1415	258698	
async-count-exp1	2026-09-26	fernie	nlinq	9ecf5dbc7	Humanizer	0	6	0.1671	0.1670	0.1759	301050	
async-count-exp1	2026-09-26	fernie	nlinq	9ecf5dbc7	Mono.Cecil	0	6	0.1521	0.1517	0.1594	104538	
async-count-exp1	2026-09-26	fernie	nlinq	9ecf5dbc7	Newtonsoft.Json	11	6	0.4711	0.4707	0.5056	793368	
async-count-exp1	2026-09-26	fernie	nlinq	9ecf5dbc7	System.Text.Json	8	6	0.4099	0.4092	0.4359	784395	
async-count-exp1	2026-09-26	fernie	nlinq	9ecf5dbc7	NuGet.Packaging	22	6	0.2362	0.2357	0.2385	269322	
async-count-exp1	2026-09-26	fernie	nlinq	9ecf5dbc7	Microsoft.CodeAnalysis.CSharp	0	6	2.6355	2.6131	2.6690	2330966	
async-count-exp1	2026-09-26	fernie	nlinq	9ecf5dbc7	System.Private.CoreLib	31	6	5.7778	5.7741	5.9952	8874344	
async-count-exp1	2026-09-26	fernie	planned	9ecf5dbc7	CommandLine	3	6	0.2989	0.2975	0.3186	313082	
async-count-exp1	2026-09-26	fernie	planned	9ecf5dbc7	Humanizer	0	6	0.3395	0.3387	0.3567	366698	
async-count-exp1	2026-09-26	fernie	planned	9ecf5dbc7	Mono.Cecil	0	6	0.5115	0.5107	0.5125	213233	
async-count-exp1	2026-09-26	fernie	planned	9ecf5dbc7	Newtonsoft.Json	11	6	0.9461	0.9438	0.9931	920559	
async-count-exp1	2026-09-26	fernie	planned	9ecf5dbc7	System.Text.Json	8	6	0.8016	0.7998	0.8477	902674	
async-count-exp1	2026-09-26	fernie	planned	9ecf5dbc7	NuGet.Packaging	22	6	0.8015	0.8001	0.8139	406570	
async-count-exp1	2026-09-26	fernie	planned	9ecf5dbc7	Microsoft.CodeAnalysis.CSharp	0	6	10.7403	10.6818	10.7868	3249255	
async-count-exp1	2026-09-26	fernie	planned	9ecf5dbc7	System.Private.CoreLib	31	6	11.0370	10.9955	11.6762	9436615	
async-count-exp1	2026-09-26	fernie	hand-exists	9ecf5dbc7	CommandLine	true	6	0.0674	0.0672	0.0683	152170	
async-count-exp1	2026-09-26	fernie	hand-exists	9ecf5dbc7	Humanizer	false	6	0.1684	0.1683	0.1695	301050	
async-count-exp1	2026-09-26	fernie	hand-exists	9ecf5dbc7	Mono.Cecil	false	6	0.1545	0.1541	0.1548	104538	
async-count-exp1	2026-09-26	fernie	hand-exists	9ecf5dbc7	Newtonsoft.Json	true	6	0.0633	0.0632	0.0640	152746	
async-count-exp1	2026-09-26	fernie	hand-exists	9ecf5dbc7	System.Text.Json	true	6	0.0078	0.0077	0.0079	4906	
async-count-exp1	2026-09-26	fernie	hand-exists	9ecf5dbc7	NuGet.Packaging	true	6	0.0445	0.0443	0.0451	68202	
async-count-exp1	2026-09-26	fernie	hand-exists	9ecf5dbc7	Microsoft.CodeAnalysis.CSharp	false	6	2.6418	2.6202	2.6576	2330966	
async-count-exp1	2026-09-26	fernie	hand-exists	9ecf5dbc7	System.Private.CoreLib	true	6	2.2667	2.2652	2.2705	3885106	
async-count-exp1	2026-09-26	fernie	nlinq-exists	9ecf5dbc7	CommandLine	true	6	0.0688	0.0684	0.0741	152170	
async-count-exp1	2026-09-26	fernie	nlinq-exists	9ecf5dbc7	Humanizer	false	6	0.1720	0.1713	0.1853	301050	
async-count-exp1	2026-09-26	fernie	nlinq-exists	9ecf5dbc7	Mono.Cecil	false	6	0.1600	0.1595	0.1620	104538	
async-count-exp1	2026-09-26	fernie	nlinq-exists	9ecf5dbc7	Newtonsoft.Json	true	6	0.0640	0.0639	0.0644	152746	
async-count-exp1	2026-09-26	fernie	nlinq-exists	9ecf5dbc7	System.Text.Json	true	6	0.0082	0.0082	0.0083	4906	
async-count-exp1	2026-09-26	fernie	nlinq-exists	9ecf5dbc7	NuGet.Packaging	true	6	0.0454	0.0452	0.0454	68202	
async-count-exp1	2026-09-26	fernie	nlinq-exists	9ecf5dbc7	Microsoft.CodeAnalysis.CSharp	false	6	2.6886	2.6744	2.9047	2330966	
async-count-exp1	2026-09-26	fernie	nlinq-exists	9ecf5dbc7	System.Private.CoreLib	true	6	2.2829	2.2815	2.5210	3885107	
async-count-exp1	2026-09-26	fernie	planned-exists	9ecf5dbc7	CommandLine	true	6	0.2201	0.2199	0.2356	203434	
async-count-exp1	2026-09-26	fernie	planned-exists	9ecf5dbc7	Humanizer	false	6	0.3398	0.3395	0.3704	366698	
async-count-exp1	2026-09-26	fernie	planned-exists	9ecf5dbc7	Mono.Cecil	false	6	0.5133	0.5121	0.5478	213233	
async-count-exp1	2026-09-26	fernie	planned-exists	9ecf5dbc7	Newtonsoft.Json	true	6	0.4960	0.4947	0.5284	263928	
async-count-exp1	2026-09-26	fernie	planned-exists	9ecf5dbc7	System.Text.Json	true	6	0.3581	0.3562	0.3610	115410	
async-count-exp1	2026-09-26	fernie	planned-exists	9ecf5dbc7	NuGet.Packaging	true	6	0.5714	0.5707	0.6080	198203	
async-count-exp1	2026-09-26	fernie	planned-exists	9ecf5dbc7	Microsoft.CodeAnalysis.CSharp	false	6	10.7283	10.7064	11.5688	3249256	
async-count-exp1	2026-09-26	fernie	planned-exists	9ecf5dbc7	System.Private.CoreLib	true	6	7.2067	7.1978	7.8033	4349038	
async-count-exp1	2026-09-26	fernie	legacy	9ecf5dbc7	CommandLine	3	6	0.3644	0.3611	0.3732	613072	
async-count-exp1	2026-09-26	fernie	legacy	9ecf5dbc7	Humanizer	0	6	0.3830	0.3818	0.3858	761346	
async-count-exp1	2026-09-26	fernie	legacy	9ecf5dbc7	Mono.Cecil	0	6	0.4718	0.4700	0.5177	759792	
async-count-exp1	2026-09-26	fernie	legacy	9ecf5dbc7	Newtonsoft.Json	11	6	0.9991	0.9907	1.0892	1749805	
async-count-exp1	2026-09-26	fernie	legacy	9ecf5dbc7	System.Text.Json	8	6	0.9012	0.8929	0.9475	1661447	
async-count-exp1	2026-09-26	fernie	legacy	9ecf5dbc7	NuGet.Packaging	22	6	0.9053	0.8989	0.9518	1476582	
async-count-exp1	2026-09-26	fernie	legacy	9ecf5dbc7	Microsoft.CodeAnalysis.CSharp	0	6	6.5488	6.4617	6.8798	9857139	
async-count-exp1	2026-09-26	fernie	legacy	9ecf5dbc7	System.Private.CoreLib	31	6	25.1229	24.9876	28.0864	36600080	
async-count-exp2	2026-09-26	mac	hand-flat	bb4e9bee7	CommandLine	3	6	0.0693	0.0688	0.0705	258698	
async-count-exp2	2026-09-26	mac	hand-flat	bb4e9bee7	Humanizer	0	6	0.0876	0.0872	0.0892	301050	
async-count-exp2	2026-09-26	mac	hand-flat	bb4e9bee7	Mono.Cecil	0	6	0.0806	0.0799	0.0828	104538	
async-count-exp2	2026-09-26	mac	hand-flat	bb4e9bee7	Newtonsoft.Json	11	6	0.2429	0.2410	0.2505	793370	
async-count-exp2	2026-09-26	mac	hand-flat	bb4e9bee7	System.Text.Json	8	6	0.2178	0.2161	0.2222	784394	
async-count-exp2	2026-09-26	mac	hand-flat	bb4e9bee7	NuGet.Packaging	22	6	0.1172	0.1151	0.1184	269322	
async-count-exp2	2026-09-26	mac	hand-flat	bb4e9bee7	Microsoft.CodeAnalysis.CSharp	0	6	1.4379	1.4233	1.4820	2330967	
async-count-exp2	2026-09-26	mac	hand-flat	bb4e9bee7	System.Private.CoreLib	31	6	3.3280	3.3048	3.4292	8874347	
async-count-exp2	2026-09-26	mac	nlinq	bb4e9bee7	CommandLine	3	6	0.0688	0.0687	0.0697	258698	
async-count-exp2	2026-09-26	mac	nlinq	bb4e9bee7	Humanizer	0	6	0.0873	0.0868	0.0875	301050	
async-count-exp2	2026-09-26	mac	nlinq	bb4e9bee7	Mono.Cecil	0	6	0.0799	0.0792	0.0814	104538	
async-count-exp2	2026-09-26	mac	nlinq	bb4e9bee7	Newtonsoft.Json	11	6	0.2433	0.2410	0.2445	793370	
async-count-exp2	2026-09-26	mac	nlinq	bb4e9bee7	System.Text.Json	8	6	0.2177	0.2128	0.2192	784394	
async-count-exp2	2026-09-26	mac	nlinq	bb4e9bee7	NuGet.Packaging	22	6	0.1150	0.1137	0.1191	269322	
async-count-exp2	2026-09-26	mac	nlinq	bb4e9bee7	Microsoft.CodeAnalysis.CSharp	0	6	1.4486	1.4269	1.4660	2330968	
async-count-exp2	2026-09-26	mac	nlinq	bb4e9bee7	System.Private.CoreLib	31	6	3.3343	3.3170	3.4877	8874347	
async-count-exp2	2026-09-26	mac	planned	bb4e9bee7	CommandLine	3	6	0.0809	0.0797	0.0819	263738	
async-count-exp2	2026-09-26	mac	planned	bb4e9bee7	Humanizer	0	6	0.0998	0.0977	0.1012	306090	
async-count-exp2	2026-09-26	mac	planned	bb4e9bee7	Mono.Cecil	0	6	0.1033	0.1009	0.1040	113698	
async-count-exp2	2026-09-26	mac	planned	bb4e9bee7	Newtonsoft.Json	11	6	0.2763	0.2723	0.2829	810746	
async-count-exp2	2026-09-26	mac	planned	bb4e9bee7	System.Text.Json	8	6	0.2486	0.2446	0.2517	793554	
async-count-exp2	2026-09-26	mac	planned	bb4e9bee7	NuGet.Packaging	22	6	0.1487	0.1449	0.1511	278482	
async-count-exp2	2026-09-26	mac	planned	bb4e9bee7	Microsoft.CodeAnalysis.CSharp	0	6	1.7735	1.7300	1.7837	2463109	
async-count-exp2	2026-09-26	mac	planned	bb4e9bee7	System.Private.CoreLib	31	6	3.6158	3.5596	3.6390	9006486	
async-count-exp2	2026-09-26	mac	hand-exists	bb4e9bee7	CommandLine	true	6	0.0363	0.0358	0.0367	152170	
async-count-exp2	2026-09-26	mac	hand-exists	bb4e9bee7	Humanizer	false	6	0.0879	0.0866	0.0905	301050	
async-count-exp2	2026-09-26	mac	hand-exists	bb4e9bee7	Mono.Cecil	false	6	0.0808	0.0782	0.0832	104538	
async-count-exp2	2026-09-26	mac	hand-exists	bb4e9bee7	Newtonsoft.Json	true	6	0.0338	0.0335	0.0350	152746	
async-count-exp2	2026-09-26	mac	hand-exists	bb4e9bee7	System.Text.Json	true	6	0.0040	0.0039	0.0041	4906	
async-count-exp2	2026-09-26	mac	hand-exists	bb4e9bee7	NuGet.Packaging	true	6	0.0230	0.0228	0.0237	68202	
async-count-exp2	2026-09-26	mac	hand-exists	bb4e9bee7	Microsoft.CodeAnalysis.CSharp	false	6	1.4361	1.4261	1.4903	2330967	
async-count-exp2	2026-09-26	mac	hand-exists	bb4e9bee7	System.Private.CoreLib	true	6	1.2634	1.2525	1.3090	3885108	
async-count-exp2	2026-09-26	mac	nlinq-exists	bb4e9bee7	CommandLine	true	6	0.0369	0.0367	0.0375	152170	
async-count-exp2	2026-09-26	mac	nlinq-exists	bb4e9bee7	Humanizer	false	6	0.0907	0.0902	0.0934	301050	
async-count-exp2	2026-09-26	mac	nlinq-exists	bb4e9bee7	Mono.Cecil	false	6	0.0868	0.0866	0.0891	104538	
async-count-exp2	2026-09-26	mac	nlinq-exists	bb4e9bee7	Newtonsoft.Json	true	6	0.0343	0.0337	0.0343	152746	
async-count-exp2	2026-09-26	mac	nlinq-exists	bb4e9bee7	System.Text.Json	true	6	0.0043	0.0043	0.0045	4906	
async-count-exp2	2026-09-26	mac	nlinq-exists	bb4e9bee7	NuGet.Packaging	true	6	0.0236	0.0231	0.0240	68202	
async-count-exp2	2026-09-26	mac	nlinq-exists	bb4e9bee7	Microsoft.CodeAnalysis.CSharp	false	6	1.5160	1.5069	1.5747	2330969	
async-count-exp2	2026-09-26	mac	nlinq-exists	bb4e9bee7	System.Private.CoreLib	true	6	1.2846	1.2728	1.3149	3885109	
async-count-exp2	2026-09-26	mac	planned-exists	bb4e9bee7	CommandLine	true	6	0.0393	0.0392	0.0408	154090	
async-count-exp2	2026-09-26	mac	planned-exists	bb4e9bee7	Humanizer	false	6	0.0990	0.0986	0.1038	306090	
async-count-exp2	2026-09-26	mac	planned-exists	bb4e9bee7	Mono.Cecil	false	6	0.1045	0.1032	0.1051	113698	
async-count-exp2	2026-09-26	mac	planned-exists	bb4e9bee7	Newtonsoft.Json	true	6	0.0357	0.0350	0.0360	154130	
async-count-exp2	2026-09-26	mac	planned-exists	bb4e9bee7	System.Text.Json	true	6	0.0058	0.0057	0.0061	6290	
async-count-exp2	2026-09-26	mac	planned-exists	bb4e9bee7	NuGet.Packaging	true	6	0.0265	0.0261	0.0273	70122	
async-count-exp2	2026-09-26	mac	planned-exists	bb4e9bee7	Microsoft.CodeAnalysis.CSharp	false	6	1.7599	1.7380	1.8105	2463109	
async-count-exp2	2026-09-26	mac	planned-exists	bb4e9bee7	System.Private.CoreLib	true	6	1.3741	1.3599	1.4195	3918894	
async-count-exp2	2026-09-26	mac	hand	bb4e9bee7	CommandLine	3	6	0.0631	0.0621	0.0638	258698	
async-count-exp2	2026-09-26	mac	hand	bb4e9bee7	Humanizer	0	6	0.0830	0.0817	0.0840	301050	
async-count-exp2	2026-09-26	mac	hand	bb4e9bee7	Mono.Cecil	0	6	0.0693	0.0674	0.0702	104538	
async-count-exp2	2026-09-26	mac	hand	bb4e9bee7	Newtonsoft.Json	11	6	0.2264	0.2241	0.2275	793370	
async-count-exp2	2026-09-26	mac	hand	bb4e9bee7	System.Text.Json	8	6	0.2007	0.1997	0.2042	784394	
async-count-exp2	2026-09-26	mac	hand	bb4e9bee7	NuGet.Packaging	22	6	0.1033	0.0999	0.1055	269322	
async-count-exp2	2026-09-26	mac	hand	bb4e9bee7	Microsoft.CodeAnalysis.CSharp	0	6	1.3005	1.2825	1.3326	2330965	
async-count-exp2	2026-09-26	mac	hand	bb4e9bee7	System.Private.CoreLib	31	6	3.2363	3.2017	3.3286	8874346	
async-count-exp2	2026-09-26	merritt	hand-flat	bb4e9bee7	CommandLine	3	6	0.0593	0.0585	0.0605	258698	
async-count-exp2	2026-09-26	merritt	hand-flat	bb4e9bee7	Humanizer	0	6	0.0748	0.0745	0.0763	301050	
async-count-exp2	2026-09-26	merritt	hand-flat	bb4e9bee7	Mono.Cecil	0	6	0.0699	0.0695	0.0708	104538	
async-count-exp2	2026-09-26	merritt	hand-flat	bb4e9bee7	Newtonsoft.Json	11	6	0.2144	0.2134	0.2163	793370	
async-count-exp2	2026-09-26	merritt	hand-flat	bb4e9bee7	System.Text.Json	8	6	0.1882	0.1850	0.1891	784394	
async-count-exp2	2026-09-26	merritt	hand-flat	bb4e9bee7	NuGet.Packaging	22	6	0.1033	0.1020	0.1043	269322	
async-count-exp2	2026-09-26	merritt	hand-flat	bb4e9bee7	Microsoft.CodeAnalysis.CSharp	0	6	1.3315	1.3188	1.3629	2330966	
async-count-exp2	2026-09-26	merritt	hand-flat	bb4e9bee7	System.Private.CoreLib	31	6	2.7769	2.7577	2.8220	8874343	
async-count-exp2	2026-09-26	merritt	nlinq	bb4e9bee7	CommandLine	3	6	0.0593	0.0585	0.0600	258698	
async-count-exp2	2026-09-26	merritt	nlinq	bb4e9bee7	Humanizer	0	6	0.0757	0.0750	0.0767	301050	
async-count-exp2	2026-09-26	merritt	nlinq	bb4e9bee7	Mono.Cecil	0	6	0.0714	0.0705	0.0717	104538	
async-count-exp2	2026-09-26	merritt	nlinq	bb4e9bee7	Newtonsoft.Json	11	6	0.2138	0.2120	0.2152	793370	
async-count-exp2	2026-09-26	merritt	nlinq	bb4e9bee7	System.Text.Json	8	6	0.1880	0.1863	0.1913	784394	
async-count-exp2	2026-09-26	merritt	nlinq	bb4e9bee7	NuGet.Packaging	22	6	0.1040	0.1026	0.1053	269322	
async-count-exp2	2026-09-26	merritt	nlinq	bb4e9bee7	Microsoft.CodeAnalysis.CSharp	0	6	1.3268	1.3150	1.3409	2330965	
async-count-exp2	2026-09-26	merritt	nlinq	bb4e9bee7	System.Private.CoreLib	31	6	2.8033	2.7869	2.8245	8874343	
async-count-exp2	2026-09-26	merritt	planned	bb4e9bee7	CommandLine	3	6	0.0706	0.0695	0.0726	263738	
async-count-exp2	2026-09-26	merritt	planned	bb4e9bee7	Humanizer	0	6	0.0867	0.0855	0.0881	306090	
async-count-exp2	2026-09-26	merritt	planned	bb4e9bee7	Mono.Cecil	0	6	0.0924	0.0913	0.0933	113698	
async-count-exp2	2026-09-26	merritt	planned	bb4e9bee7	Newtonsoft.Json	11	6	0.2447	0.2419	0.2484	810746	
async-count-exp2	2026-09-26	merritt	planned	bb4e9bee7	System.Text.Json	8	6	0.2177	0.2144	0.2235	793554	
async-count-exp2	2026-09-26	merritt	planned	bb4e9bee7	NuGet.Packaging	22	6	0.1324	0.1309	0.1330	278482	
async-count-exp2	2026-09-26	merritt	planned	bb4e9bee7	Microsoft.CodeAnalysis.CSharp	0	6	1.5796	1.5497	1.6168	2463106	
async-count-exp2	2026-09-26	merritt	planned	bb4e9bee7	System.Private.CoreLib	31	6	3.0341	2.9916	3.1118	9006481	
async-count-exp2	2026-09-26	merritt	hand-exists	bb4e9bee7	CommandLine	true	6	0.0307	0.0305	0.0311	152170	
async-count-exp2	2026-09-26	merritt	hand-exists	bb4e9bee7	Humanizer	false	6	0.0756	0.0748	0.0760	301050	
async-count-exp2	2026-09-26	merritt	hand-exists	bb4e9bee7	Mono.Cecil	false	6	0.0703	0.0698	0.0712	104538	
async-count-exp2	2026-09-26	merritt	hand-exists	bb4e9bee7	Newtonsoft.Json	true	6	0.0285	0.0283	0.0289	152746	
async-count-exp2	2026-09-26	merritt	hand-exists	bb4e9bee7	System.Text.Json	true	6	0.0036	0.0036	0.0037	4906	
async-count-exp2	2026-09-26	merritt	hand-exists	bb4e9bee7	NuGet.Packaging	true	6	0.0195	0.0193	0.0197	68202	
async-count-exp2	2026-09-26	merritt	hand-exists	bb4e9bee7	Microsoft.CodeAnalysis.CSharp	false	6	1.3273	1.3173	1.3357	2330966	
async-count-exp2	2026-09-26	merritt	hand-exists	bb4e9bee7	System.Private.CoreLib	true	6	1.0773	1.0608	1.1018	3885106	
async-count-exp2	2026-09-26	merritt	nlinq-exists	bb4e9bee7	CommandLine	true	6	0.0314	0.0309	0.0328	152170	
async-count-exp2	2026-09-26	merritt	nlinq-exists	bb4e9bee7	Humanizer	false	6	0.0796	0.0777	0.0817	301050	
async-count-exp2	2026-09-26	merritt	nlinq-exists	bb4e9bee7	Mono.Cecil	false	6	0.0778	0.0756	0.0792	104538	
async-count-exp2	2026-09-26	merritt	nlinq-exists	bb4e9bee7	Newtonsoft.Json	true	6	0.0292	0.0287	0.0308	152746	
async-count-exp2	2026-09-26	merritt	nlinq-exists	bb4e9bee7	System.Text.Json	true	6	0.0041	0.0040	0.0041	4906	
async-count-exp2	2026-09-26	merritt	nlinq-exists	bb4e9bee7	NuGet.Packaging	true	6	0.0205	0.0201	0.0212	68202	
async-count-exp2	2026-09-26	merritt	nlinq-exists	bb4e9bee7	Microsoft.CodeAnalysis.CSharp	false	6	1.3971	1.3840	1.4404	2330967	
async-count-exp2	2026-09-26	merritt	nlinq-exists	bb4e9bee7	System.Private.CoreLib	true	6	1.0907	1.0828	1.1106	3885106	
async-count-exp2	2026-09-26	merritt	planned-exists	bb4e9bee7	CommandLine	true	6	0.0341	0.0336	0.0343	154090	
async-count-exp2	2026-09-26	merritt	planned-exists	bb4e9bee7	Humanizer	false	6	0.0876	0.0857	0.0890	306090	
async-count-exp2	2026-09-26	merritt	planned-exists	bb4e9bee7	Mono.Cecil	false	6	0.0930	0.0921	0.0945	113698	
async-count-exp2	2026-09-26	merritt	planned-exists	bb4e9bee7	Newtonsoft.Json	true	6	0.0307	0.0301	0.0311	154130	
async-count-exp2	2026-09-26	merritt	planned-exists	bb4e9bee7	System.Text.Json	true	6	0.0054	0.0054	0.0056	6290	
async-count-exp2	2026-09-26	merritt	planned-exists	bb4e9bee7	NuGet.Packaging	true	6	0.0228	0.0223	0.0229	70122	
async-count-exp2	2026-09-26	merritt	planned-exists	bb4e9bee7	Microsoft.CodeAnalysis.CSharp	false	6	1.5703	1.5550	1.5834	2463106	
async-count-exp2	2026-09-26	merritt	planned-exists	bb4e9bee7	System.Private.CoreLib	true	6	1.1540	1.1425	1.1912	3918891	
async-count-exp2	2026-09-26	merritt	hand	bb4e9bee7	CommandLine	3	6	0.0532	0.0528	0.0575	258698	
async-count-exp2	2026-09-26	merritt	hand	bb4e9bee7	Humanizer	0	6	0.0708	0.0702	0.0743	301050	
async-count-exp2	2026-09-26	merritt	hand	bb4e9bee7	Mono.Cecil	0	6	0.0591	0.0589	0.0691	104538	
async-count-exp2	2026-09-26	merritt	hand	bb4e9bee7	Newtonsoft.Json	11	6	0.1953	0.1935	0.3414	793370	
async-count-exp2	2026-09-26	merritt	hand	bb4e9bee7	System.Text.Json	8	6	0.1735	0.1683	0.1789	784394	
async-count-exp2	2026-09-26	merritt	hand	bb4e9bee7	NuGet.Packaging	22	6	0.0867	0.0851	0.0876	269322	
async-count-exp2	2026-09-26	merritt	hand	bb4e9bee7	Microsoft.CodeAnalysis.CSharp	0	6	1.1913	1.1733	1.2018	2330963	
async-count-exp2	2026-09-26	merritt	hand	bb4e9bee7	System.Private.CoreLib	31	6	2.6843	2.6459	2.7054	8874342	
async-count-exp2	2026-09-26	fernie	hand-flat	bb4e9bee7	CommandLine	3	6	0.2701	0.1433	0.2927	258698	
async-count-exp2	2026-09-26	fernie	hand-flat	bb4e9bee7	Humanizer	0	6	0.3424	0.1830	0.3762	301050	
async-count-exp2	2026-09-26	fernie	hand-flat	bb4e9bee7	Mono.Cecil	0	6	0.3083	0.1642	0.3374	104538	
async-count-exp2	2026-09-26	fernie	hand-flat	bb4e9bee7	Newtonsoft.Json	11	6	0.8623	0.4909	1.0435	793369	
async-count-exp2	2026-09-26	fernie	hand-flat	bb4e9bee7	System.Text.Json	8	6	0.8197	0.4468	0.8726	784394	
async-count-exp2	2026-09-26	fernie	hand-flat	bb4e9bee7	NuGet.Packaging	22	6	0.4716	0.2580	0.4922	269322	
async-count-exp2	2026-09-26	fernie	hand-flat	bb4e9bee7	Microsoft.CodeAnalysis.CSharp	0	6	5.6356	2.9986	5.9827	2330967	
async-count-exp2	2026-09-26	fernie	hand-flat	bb4e9bee7	System.Private.CoreLib	31	6	11.9066	6.2809	12.6422	8874344	
async-count-exp2	2026-09-26	fernie	nlinq	bb4e9bee7	CommandLine	3	6	0.2626	0.1473	0.2845	258698	
async-count-exp2	2026-09-26	fernie	nlinq	bb4e9bee7	Humanizer	0	6	0.3443	0.1847	0.3611	301050	
async-count-exp2	2026-09-26	fernie	nlinq	bb4e9bee7	Mono.Cecil	0	6	0.2506	0.1651	0.3317	104538	
async-count-exp2	2026-09-26	fernie	nlinq	bb4e9bee7	Newtonsoft.Json	11	6	0.9266	0.5014	0.9893	793371	
async-count-exp2	2026-09-26	fernie	nlinq	bb4e9bee7	System.Text.Json	8	6	0.8100	0.4280	0.8772	784394	
async-count-exp2	2026-09-26	fernie	nlinq	bb4e9bee7	NuGet.Packaging	22	6	0.4594	0.2601	0.4896	269323	
async-count-exp2	2026-09-26	fernie	nlinq	bb4e9bee7	Microsoft.CodeAnalysis.CSharp	0	6	5.5379	3.1229	5.8951	2330965	
async-count-exp2	2026-09-26	fernie	nlinq	bb4e9bee7	System.Private.CoreLib	31	6	12.0218	7.1750	12.8576	8874344	
async-count-exp2	2026-09-26	fernie	planned	bb4e9bee7	CommandLine	3	6	0.3063	0.2843	0.3318	263738	
async-count-exp2	2026-09-26	fernie	planned	bb4e9bee7	Humanizer	0	6	0.3841	0.3698	0.4066	306090	
async-count-exp2	2026-09-26	fernie	planned	bb4e9bee7	Mono.Cecil	0	6	0.4181	0.2156	0.4286	113698	
async-count-exp2	2026-09-26	fernie	planned	bb4e9bee7	Newtonsoft.Json	11	6	1.1228	0.5856	1.1408	810738	
async-count-exp2	2026-09-26	fernie	planned	bb4e9bee7	System.Text.Json	8	6	0.9807	0.5828	0.9907	793552	
async-count-exp2	2026-09-26	fernie	planned	bb4e9bee7	NuGet.Packaging	22	6	0.5731	0.3273	0.6053	278474	
async-count-exp2	2026-09-26	fernie	planned	bb4e9bee7	Microsoft.CodeAnalysis.CSharp	0	6	6.8060	5.9238	7.1673	2463106	
async-count-exp2	2026-09-26	fernie	planned	bb4e9bee7	System.Private.CoreLib	31	6	12.9223	12.5351	13.5720	9006481	
async-count-exp2	2026-09-26	fernie	hand-exists	bb4e9bee7	CommandLine	true	6	0.1348	0.0811	0.1478	152170	
async-count-exp2	2026-09-26	fernie	hand-exists	bb4e9bee7	Humanizer	false	6	0.3479	0.1994	0.3618	301050	
async-count-exp2	2026-09-26	fernie	hand-exists	bb4e9bee7	Mono.Cecil	false	6	0.3092	0.1883	0.3372	104538	
async-count-exp2	2026-09-26	fernie	hand-exists	bb4e9bee7	Newtonsoft.Json	true	6	0.1320	0.0718	0.1441	152746	
async-count-exp2	2026-09-26	fernie	hand-exists	bb4e9bee7	System.Text.Json	true	6	0.0174	0.0087	0.0177	4906	
async-count-exp2	2026-09-26	fernie	hand-exists	bb4e9bee7	NuGet.Packaging	true	6	0.0904	0.0499	0.1006	68202	
async-count-exp2	2026-09-26	fernie	hand-exists	bb4e9bee7	Microsoft.CodeAnalysis.CSharp	false	6	5.5437	2.9821	5.8444	2330967	
async-count-exp2	2026-09-26	fernie	hand-exists	bb4e9bee7	System.Private.CoreLib	true	6	4.6044	2.6593	4.9721	3885107	
async-count-exp2	2026-09-26	fernie	nlinq-exists	bb4e9bee7	CommandLine	true	6	0.1392	0.0775	0.1496	152170	
async-count-exp2	2026-09-26	fernie	nlinq-exists	bb4e9bee7	Humanizer	false	6	0.3558	0.2099	0.3800	301050	
async-count-exp2	2026-09-26	fernie	nlinq-exists	bb4e9bee7	Mono.Cecil	false	6	0.3302	0.3191	0.3965	104538	
async-count-exp2	2026-09-26	fernie	nlinq-exists	bb4e9bee7	Newtonsoft.Json	true	6	0.1336	0.1324	0.1392	152746	
async-count-exp2	2026-09-26	fernie	nlinq-exists	bb4e9bee7	System.Text.Json	true	6	0.0175	0.0106	0.0186	4906	
async-count-exp2	2026-09-26	fernie	nlinq-exists	bb4e9bee7	NuGet.Packaging	true	6	0.0970	0.0943	0.1056	68202	
async-count-exp2	2026-09-26	fernie	nlinq-exists	bb4e9bee7	Microsoft.CodeAnalysis.CSharp	false	6	5.8607	5.6159	6.1613	2330967	
async-count-exp2	2026-09-26	fernie	nlinq-exists	bb4e9bee7	System.Private.CoreLib	true	6	4.7765	4.3623	4.8640	3885106	
async-count-exp2	2026-09-26	fernie	planned-exists	bb4e9bee7	CommandLine	true	6	0.1522	0.1452	0.1585	154090	
async-count-exp2	2026-09-26	fernie	planned-exists	bb4e9bee7	Humanizer	false	6	0.3796	0.2199	0.4147	306090	
async-count-exp2	2026-09-26	fernie	planned-exists	bb4e9bee7	Mono.Cecil	false	6	0.4074	0.2170	0.4378	113698	
async-count-exp2	2026-09-26	fernie	planned-exists	bb4e9bee7	Newtonsoft.Json	true	6	0.1455	0.0753	0.1529	154130	
async-count-exp2	2026-09-26	fernie	planned-exists	bb4e9bee7	System.Text.Json	true	6	0.0212	0.0125	0.0261	6290	
async-count-exp2	2026-09-26	fernie	planned-exists	bb4e9bee7	NuGet.Packaging	true	6	0.1084	0.0567	0.1116	70122	
async-count-exp2	2026-09-26	fernie	planned-exists	bb4e9bee7	Microsoft.CodeAnalysis.CSharp	false	6	6.8976	6.5350	7.0786	2463105	
async-count-exp2	2026-09-26	fernie	planned-exists	bb4e9bee7	System.Private.CoreLib	true	6	5.1615	4.7434	5.2767	3918891	
async-count-exp2	2026-09-26	fernie	hand	bb4e9bee7	CommandLine	3	6	0.2366	0.2223	0.2488	258698	
async-count-exp2	2026-09-26	fernie	hand	bb4e9bee7	Humanizer	0	6	0.3178	0.3142	0.3361	301050	
async-count-exp2	2026-09-26	fernie	hand	bb4e9bee7	Mono.Cecil	0	6	0.2641	0.1435	0.2748	104538	
async-count-exp2	2026-09-26	fernie	hand	bb4e9bee7	Newtonsoft.Json	11	6	0.8747	0.4881	0.9207	793370	
async-count-exp2	2026-09-26	fernie	hand	bb4e9bee7	System.Text.Json	8	6	0.7491	0.4225	0.8025	784390	
async-count-exp2	2026-09-26	fernie	hand	bb4e9bee7	NuGet.Packaging	22	6	0.3839	0.2270	0.4241	269322	
async-count-exp2	2026-09-26	fernie	hand	bb4e9bee7	Microsoft.CodeAnalysis.CSharp	0	6	4.7637	2.9535	5.1297	2330964	
async-count-exp2	2026-09-26	fernie	hand	bb4e9bee7	System.Private.CoreLib	31	6	11.2698	10.9760	11.9974	8874342	
async-count-exp3	2026-09-26	mac	hand-flat	405e37b52	CommandLine	3	6	0.0694	0.0688	0.0697	258698	
async-count-exp3	2026-09-26	mac	hand-flat	405e37b52	Humanizer	0	6	0.0880	0.0873	0.0884	301050	
async-count-exp3	2026-09-26	mac	hand-flat	405e37b52	Mono.Cecil	0	6	0.0804	0.0802	0.0808	104538	
async-count-exp3	2026-09-26	mac	hand-flat	405e37b52	Newtonsoft.Json	11	6	0.2446	0.2420	0.2460	793370	
async-count-exp3	2026-09-26	mac	hand-flat	405e37b52	System.Text.Json	8	6	0.2201	0.2183	0.2204	784394	
async-count-exp3	2026-09-26	mac	hand-flat	405e37b52	NuGet.Packaging	22	6	0.1181	0.1141	0.1200	269322	
async-count-exp3	2026-09-26	mac	hand-flat	405e37b52	Microsoft.CodeAnalysis.CSharp	0	6	1.4543	1.4431	1.4717	2330968	
async-count-exp3	2026-09-26	mac	hand-flat	405e37b52	System.Private.CoreLib	31	6	3.3639	3.3504	3.3753	8874347	
async-count-exp3	2026-09-26	mac	nlinq	405e37b52	CommandLine	3	6	0.0687	0.0684	0.0695	258698	
async-count-exp3	2026-09-26	mac	nlinq	405e37b52	Humanizer	0	6	0.0877	0.0865	0.0879	301050	
async-count-exp3	2026-09-26	mac	nlinq	405e37b52	Mono.Cecil	0	6	0.0799	0.0789	0.0809	104538	
async-count-exp3	2026-09-26	mac	nlinq	405e37b52	Newtonsoft.Json	11	6	0.2448	0.2425	0.2460	793370	
async-count-exp3	2026-09-26	mac	nlinq	405e37b52	System.Text.Json	8	6	0.2186	0.2162	0.2202	784394	
async-count-exp3	2026-09-26	mac	nlinq	405e37b52	NuGet.Packaging	22	6	0.1155	0.1142	0.1180	269322	
async-count-exp3	2026-09-26	mac	nlinq	405e37b52	Microsoft.CodeAnalysis.CSharp	0	6	1.4505	1.4385	1.4804	2330968	
async-count-exp3	2026-09-26	mac	nlinq	405e37b52	System.Private.CoreLib	31	6	3.3780	3.3527	3.3984	8874348	
async-count-exp3	2026-09-26	mac	planned	405e37b52	CommandLine	3	6	0.0800	0.0782	0.0813	259370	
async-count-exp3	2026-09-26	mac	planned	405e37b52	Humanizer	0	6	0.0986	0.0976	0.1008	301722	
async-count-exp3	2026-09-26	mac	planned	405e37b52	Mono.Cecil	0	6	0.1014	0.1003	0.1053	105210	
async-count-exp3	2026-09-26	mac	planned	405e37b52	Newtonsoft.Json	11	6	0.2731	0.2713	0.2818	794042	
async-count-exp3	2026-09-26	mac	planned	405e37b52	System.Text.Json	8	6	0.2466	0.2431	0.2531	785066	
async-count-exp3	2026-09-26	mac	planned	405e37b52	NuGet.Packaging	22	6	0.1452	0.1415	0.1499	269994	
async-count-exp3	2026-09-26	mac	planned	405e37b52	Microsoft.CodeAnalysis.CSharp	0	6	1.7338	1.7228	1.7613	2331644	
async-count-exp3	2026-09-26	mac	planned	405e37b52	System.Private.CoreLib	31	6	3.6025	3.5683	3.6586	8875021	
async-count-exp3	2026-09-26	mac	hand-exists	405e37b52	CommandLine	true	6	0.0362	0.0356	0.0367	152170	
async-count-exp3	2026-09-26	mac	hand-exists	405e37b52	Humanizer	false	6	0.0876	0.0869	0.0894	301050	
async-count-exp3	2026-09-26	mac	hand-exists	405e37b52	Mono.Cecil	false	6	0.0810	0.0802	0.0816	104538	
async-count-exp3	2026-09-26	mac	hand-exists	405e37b52	Newtonsoft.Json	true	6	0.0340	0.0335	0.0344	152746	
async-count-exp3	2026-09-26	mac	hand-exists	405e37b52	System.Text.Json	true	6	0.0040	0.0040	0.0040	4906	
async-count-exp3	2026-09-26	mac	hand-exists	405e37b52	NuGet.Packaging	true	6	0.0228	0.0224	0.0233	68202	
async-count-exp3	2026-09-26	mac	hand-exists	405e37b52	Microsoft.CodeAnalysis.CSharp	false	6	1.4434	1.4404	1.4776	2330967	
async-count-exp3	2026-09-26	mac	hand-exists	405e37b52	System.Private.CoreLib	true	6	1.2693	1.2569	1.2909	3885108	
async-count-exp3	2026-09-26	mac	nlinq-exists	405e37b52	CommandLine	true	6	0.0368	0.0366	0.0372	152170	
async-count-exp3	2026-09-26	mac	nlinq-exists	405e37b52	Humanizer	false	6	0.0906	0.0901	0.0923	301050	
async-count-exp3	2026-09-26	mac	nlinq-exists	405e37b52	Mono.Cecil	false	6	0.0869	0.0862	0.0875	104538	
async-count-exp3	2026-09-26	mac	nlinq-exists	405e37b52	Newtonsoft.Json	true	6	0.0341	0.0338	0.0346	152746	
async-count-exp3	2026-09-26	mac	nlinq-exists	405e37b52	System.Text.Json	true	6	0.0044	0.0042	0.0044	4906	
async-count-exp3	2026-09-26	mac	nlinq-exists	405e37b52	NuGet.Packaging	true	6	0.0237	0.0231	0.0239	68202	
async-count-exp3	2026-09-26	mac	nlinq-exists	405e37b52	Microsoft.CodeAnalysis.CSharp	false	6	1.5259	1.5128	1.5345	2330969	
async-count-exp3	2026-09-26	mac	nlinq-exists	405e37b52	System.Private.CoreLib	true	6	1.2900	1.2833	1.2981	3885109	
async-count-exp3	2026-09-26	mac	planned-exists	405e37b52	CommandLine	true	6	0.0393	0.0390	0.0395	152842	
async-count-exp3	2026-09-26	mac	planned-exists	405e37b52	Humanizer	false	6	0.0985	0.0976	0.1000	301722	
async-count-exp3	2026-09-26	mac	planned-exists	405e37b52	Mono.Cecil	false	6	0.1012	0.0990	0.1028	105210	
async-count-exp3	2026-09-26	mac	planned-exists	405e37b52	Newtonsoft.Json	true	6	0.0354	0.0348	0.0358	153418	
async-count-exp3	2026-09-26	mac	planned-exists	405e37b52	System.Text.Json	true	6	0.0055	0.0054	0.0057	5578	
async-count-exp3	2026-09-26	mac	planned-exists	405e37b52	NuGet.Packaging	true	6	0.0257	0.0250	0.0262	68874	
async-count-exp3	2026-09-26	mac	planned-exists	405e37b52	Microsoft.CodeAnalysis.CSharp	false	6	1.7378	1.7198	1.7399	2331644	
async-count-exp3	2026-09-26	mac	planned-exists	405e37b52	System.Private.CoreLib	true	6	1.3712	1.3604	1.3829	3885782	
async-count-exp3	2026-09-26	mac	hand	405e37b52	CommandLine	3	6	0.0629	0.0624	0.0630	258698	
async-count-exp3	2026-09-26	mac	hand	405e37b52	Humanizer	0	6	0.0825	0.0820	0.0836	301050	
async-count-exp3	2026-09-26	mac	hand	405e37b52	Mono.Cecil	0	6	0.0687	0.0682	0.0703	104538	
async-count-exp3	2026-09-26	mac	hand	405e37b52	Newtonsoft.Json	11	6	0.2283	0.2251	0.2294	793370	
async-count-exp3	2026-09-26	mac	hand	405e37b52	System.Text.Json	8	6	0.2030	0.2017	0.2060	784394	
async-count-exp3	2026-09-26	mac	hand	405e37b52	NuGet.Packaging	22	6	0.1036	0.1009	0.1040	269322	
async-count-exp3	2026-09-26	mac	hand	405e37b52	Microsoft.CodeAnalysis.CSharp	0	6	1.3065	1.2970	1.3165	2330965	
async-count-exp3	2026-09-26	mac	hand	405e37b52	System.Private.CoreLib	31	6	3.2475	3.2334	3.3033	8874347	
async-count-exp3	2026-09-26	merritt	hand-flat	405e37b52	CommandLine	3	6	0.0598	0.0585	0.0607	258698	
async-count-exp3	2026-09-26	merritt	hand-flat	405e37b52	Humanizer	0	6	0.0759	0.0745	0.0768	301050	
async-count-exp3	2026-09-26	merritt	hand-flat	405e37b52	Mono.Cecil	0	6	0.0698	0.0692	0.0704	104538	
async-count-exp3	2026-09-26	merritt	hand-flat	405e37b52	Newtonsoft.Json	11	6	0.2122	0.2103	0.2133	793370	
async-count-exp3	2026-09-26	merritt	hand-flat	405e37b52	System.Text.Json	8	6	0.1871	0.1849	0.1910	784394	
async-count-exp3	2026-09-26	merritt	hand-flat	405e37b52	NuGet.Packaging	22	6	0.1027	0.1009	0.1036	269322	
async-count-exp3	2026-09-26	merritt	hand-flat	405e37b52	Microsoft.CodeAnalysis.CSharp	0	6	1.3213	1.3047	1.3356	2330965	
async-count-exp3	2026-09-26	merritt	hand-flat	405e37b52	System.Private.CoreLib	31	6	2.8151	2.7831	2.8546	8874343	
async-count-exp3	2026-09-26	merritt	nlinq	405e37b52	CommandLine	3	6	0.0597	0.0595	0.0601	258698	
async-count-exp3	2026-09-26	merritt	nlinq	405e37b52	Humanizer	0	6	0.0759	0.0757	0.0766	301050	
async-count-exp3	2026-09-26	merritt	nlinq	405e37b52	Mono.Cecil	0	6	0.0711	0.0700	0.0715	104538	
async-count-exp3	2026-09-26	merritt	nlinq	405e37b52	Newtonsoft.Json	11	6	0.2141	0.2120	0.2171	793370	
async-count-exp3	2026-09-26	merritt	nlinq	405e37b52	System.Text.Json	8	6	0.1889	0.1878	0.1916	784394	
async-count-exp3	2026-09-26	merritt	nlinq	405e37b52	NuGet.Packaging	22	6	0.1030	0.1022	0.1039	269322	
async-count-exp3	2026-09-26	merritt	nlinq	405e37b52	Microsoft.CodeAnalysis.CSharp	0	6	1.3201	1.3102	1.3356	2330965	
async-count-exp3	2026-09-26	merritt	nlinq	405e37b52	System.Private.CoreLib	31	6	2.7991	2.7884	2.8160	8874343	
async-count-exp3	2026-09-26	merritt	planned	405e37b52	CommandLine	3	6	0.0701	0.0691	0.0707	259370	
async-count-exp3	2026-09-26	merritt	planned	405e37b52	Humanizer	0	6	0.0869	0.0865	0.0872	301722	
async-count-exp3	2026-09-26	merritt	planned	405e37b52	Mono.Cecil	0	6	0.0920	0.0917	0.0923	105210	
async-count-exp3	2026-09-26	merritt	planned	405e37b52	Newtonsoft.Json	11	6	0.2444	0.2403	0.2452	794042	
async-count-exp3	2026-09-26	merritt	planned	405e37b52	System.Text.Json	8	6	0.2163	0.2135	0.2171	785066	
async-count-exp3	2026-09-26	merritt	planned	405e37b52	NuGet.Packaging	22	6	0.1313	0.1295	0.1322	269994	
async-count-exp3	2026-09-26	merritt	planned	405e37b52	Microsoft.CodeAnalysis.CSharp	0	6	1.5501	1.5328	1.5588	2331641	
async-count-exp3	2026-09-26	merritt	planned	405e37b52	System.Private.CoreLib	31	6	3.0209	2.9815	3.0308	8875017	
async-count-exp3	2026-09-26	merritt	hand-exists	405e37b52	CommandLine	true	6	0.0307	0.0302	0.0308	152170	
async-count-exp3	2026-09-26	merritt	hand-exists	405e37b52	Humanizer	false	6	0.0759	0.0749	0.0764	301050	
async-count-exp3	2026-09-26	merritt	hand-exists	405e37b52	Mono.Cecil	false	6	0.0702	0.0697	0.0713	104538	
async-count-exp3	2026-09-26	merritt	hand-exists	405e37b52	Newtonsoft.Json	true	6	0.0290	0.0284	0.0299	152746	
async-count-exp3	2026-09-26	merritt	hand-exists	405e37b52	System.Text.Json	true	6	0.0036	0.0036	0.0037	4906	
async-count-exp3	2026-09-26	merritt	hand-exists	405e37b52	NuGet.Packaging	true	6	0.0195	0.0191	0.0197	68202	
async-count-exp3	2026-09-26	merritt	hand-exists	405e37b52	Microsoft.CodeAnalysis.CSharp	false	6	1.3262	1.3054	1.3294	2330965	
async-count-exp3	2026-09-26	merritt	hand-exists	405e37b52	System.Private.CoreLib	true	6	1.0764	1.0637	1.0841	3885105	
async-count-exp3	2026-09-26	merritt	nlinq-exists	405e37b52	CommandLine	true	6	0.0313	0.0310	0.0317	152170	
async-count-exp3	2026-09-26	merritt	nlinq-exists	405e37b52	Humanizer	false	6	0.0779	0.0775	0.0791	301050	
async-count-exp3	2026-09-26	merritt	nlinq-exists	405e37b52	Mono.Cecil	false	6	0.0760	0.0754	0.0765	104538	
async-count-exp3	2026-09-26	merritt	nlinq-exists	405e37b52	Newtonsoft.Json	true	6	0.0292	0.0291	0.0304	152746	
async-count-exp3	2026-09-26	merritt	nlinq-exists	405e37b52	System.Text.Json	true	6	0.0041	0.0040	0.0043	4906	
async-count-exp3	2026-09-26	merritt	nlinq-exists	405e37b52	NuGet.Packaging	true	6	0.0202	0.0201	0.0204	68202	
async-count-exp3	2026-09-26	merritt	nlinq-exists	405e37b52	Microsoft.CodeAnalysis.CSharp	false	6	1.3721	1.3623	1.3883	2330966	
async-count-exp3	2026-09-26	merritt	nlinq-exists	405e37b52	System.Private.CoreLib	true	6	1.0876	1.0800	1.1088	3885106	
async-count-exp3	2026-09-26	merritt	planned-exists	405e37b52	CommandLine	true	6	0.0336	0.0331	0.0340	152842	
async-count-exp3	2026-09-26	merritt	planned-exists	405e37b52	Humanizer	false	6	0.0860	0.0855	0.0864	301722	
async-count-exp3	2026-09-26	merritt	planned-exists	405e37b52	Mono.Cecil	false	6	0.0906	0.0901	0.0910	105210	
async-count-exp3	2026-09-26	merritt	planned-exists	405e37b52	Newtonsoft.Json	true	6	0.0306	0.0302	0.0316	153418	
async-count-exp3	2026-09-26	merritt	planned-exists	405e37b52	System.Text.Json	true	6	0.0051	0.0051	0.0052	5578	
async-count-exp3	2026-09-26	merritt	planned-exists	405e37b52	NuGet.Packaging	true	6	0.0222	0.0219	0.0228	68874	
async-count-exp3	2026-09-26	merritt	planned-exists	405e37b52	Microsoft.CodeAnalysis.CSharp	false	6	1.5274	1.5125	1.5461	2331641	
async-count-exp3	2026-09-26	merritt	planned-exists	405e37b52	System.Private.CoreLib	true	6	1.1465	1.1367	1.1624	3885779	
async-count-exp3	2026-09-26	merritt	hand	405e37b52	CommandLine	3	6	0.0537	0.0531	0.0541	258698	
async-count-exp3	2026-09-26	merritt	hand	405e37b52	Humanizer	0	6	0.0711	0.0705	0.0719	301050	
async-count-exp3	2026-09-26	merritt	hand	405e37b52	Mono.Cecil	0	6	0.0592	0.0585	0.0593	104538	
async-count-exp3	2026-09-26	merritt	hand	405e37b52	Newtonsoft.Json	11	6	0.1954	0.1947	0.1984	793370	
async-count-exp3	2026-09-26	merritt	hand	405e37b52	System.Text.Json	8	6	0.1721	0.1698	0.1748	784394	
async-count-exp3	2026-09-26	merritt	hand	405e37b52	NuGet.Packaging	22	6	0.0861	0.0857	0.0869	269322	
async-count-exp3	2026-09-26	merritt	hand	405e37b52	Microsoft.CodeAnalysis.CSharp	0	6	1.1909	1.1734	1.2019	2330963	
async-count-exp3	2026-09-26	merritt	hand	405e37b52	System.Private.CoreLib	31	6	2.7023	2.6571	2.7380	8874342	
async-count-exp3	2026-09-26	fernie	hand-flat	405e37b52	CommandLine	3	6	0.2525	0.1453	0.2653	258698	load average 22-29 from another workload
async-count-exp3	2026-09-26	fernie	hand-flat	405e37b52	Humanizer	0	6	0.3082	0.1823	0.3470	301050	load average 22-29 from another workload
async-count-exp3	2026-09-26	fernie	hand-flat	405e37b52	Mono.Cecil	0	6	0.3152	0.1664	0.3249	104538	load average 22-29 from another workload
async-count-exp3	2026-09-26	fernie	hand-flat	405e37b52	Newtonsoft.Json	11	6	0.9334	0.5076	0.9921	793367	load average 22-29 from another workload
async-count-exp3	2026-09-26	fernie	hand-flat	405e37b52	System.Text.Json	8	6	0.6405	0.4414	0.8661	784395	load average 22-29 from another workload
async-count-exp3	2026-09-26	fernie	hand-flat	405e37b52	NuGet.Packaging	22	6	0.3740	0.2544	0.4968	269322	load average 22-29 from another workload
async-count-exp3	2026-09-26	fernie	hand-flat	405e37b52	Microsoft.CodeAnalysis.CSharp	0	6	4.2567	2.9739	5.8954	2330969	load average 22-29 from another workload
async-count-exp3	2026-09-26	fernie	hand-flat	405e37b52	System.Private.CoreLib	31	6	10.8627	6.6106	12.1091	8874344	load average 22-29 from another workload
async-count-exp3	2026-09-26	fernie	nlinq	405e37b52	CommandLine	3	6	0.2573	0.1440	0.2890	258698	load average 22-29 from another workload
async-count-exp3	2026-09-26	fernie	nlinq	405e37b52	Humanizer	0	6	0.1884	0.1810	0.3432	301050	load average 22-29 from another workload
async-count-exp3	2026-09-26	fernie	nlinq	405e37b52	Mono.Cecil	0	6	0.2348	0.1617	0.3138	104538	load average 22-29 from another workload
async-count-exp3	2026-09-26	fernie	nlinq	405e37b52	Newtonsoft.Json	11	6	0.7728	0.5144	0.9370	793369	load average 22-29 from another workload
async-count-exp3	2026-09-26	fernie	nlinq	405e37b52	System.Text.Json	8	6	0.6340	0.4418	0.8386	784393	load average 22-29 from another workload
async-count-exp3	2026-09-26	fernie	nlinq	405e37b52	NuGet.Packaging	22	6	0.3618	0.2510	0.4588	269322	load average 22-29 from another workload
async-count-exp3	2026-09-26	fernie	nlinq	405e37b52	Microsoft.CodeAnalysis.CSharp	0	6	3.6165	2.7918	5.5146	2330963	load average 22-29 from another workload
async-count-exp3	2026-09-26	fernie	nlinq	405e37b52	System.Private.CoreLib	31	6	6.6639	6.0796	11.8482	8874344	load average 22-29 from another workload
async-count-exp3	2026-09-26	fernie	planned	405e37b52	CommandLine	3	6	0.2368	0.1647	0.3143	259370	load average 22-29 from another workload
async-count-exp3	2026-09-26	fernie	planned	405e37b52	Humanizer	0	6	0.3043	0.2022	0.4074	301722	load average 22-29 from another workload
async-count-exp3	2026-09-26	fernie	planned	405e37b52	Mono.Cecil	0	6	0.2842	0.1999	0.4248	105210	load average 22-29 from another workload
async-count-exp3	2026-09-26	fernie	planned	405e37b52	Newtonsoft.Json	11	6	1.0284	0.5449	1.1231	794034	load average 22-29 from another workload
async-count-exp3	2026-09-26	fernie	planned	405e37b52	System.Text.Json	8	6	0.9331	0.4519	0.9732	785068	load average 22-29 from another workload
async-count-exp3	2026-09-26	fernie	planned	405e37b52	NuGet.Packaging	22	6	0.4415	0.2873	0.5756	269994	load average 22-29 from another workload
async-count-exp3	2026-09-26	fernie	planned	405e37b52	Microsoft.CodeAnalysis.CSharp	0	6	5.2756	3.2586	6.8219	2331643	load average 22-29 from another workload
async-count-exp3	2026-09-26	fernie	planned	405e37b52	System.Private.CoreLib	31	6	6.9874	6.5115	13.7681	8875019	load average 22-29 from another workload
async-count-exp3	2026-09-26	fernie	hand-exists	405e37b52	CommandLine	true	6	0.0950	0.0700	0.1437	152170	load average 22-29 from another workload
async-count-exp3	2026-09-26	fernie	hand-exists	405e37b52	Humanizer	false	6	0.1923	0.1753	0.3607	301050	load average 22-29 from another workload
async-count-exp3	2026-09-26	fernie	hand-exists	405e37b52	Mono.Cecil	false	6	0.1683	0.1588	0.3286	104538	load average 22-29 from another workload
async-count-exp3	2026-09-26	fernie	hand-exists	405e37b52	Newtonsoft.Json	true	6	0.0930	0.0633	0.1303	152746	load average 22-29 from another workload
async-count-exp3	2026-09-26	fernie	hand-exists	405e37b52	System.Text.Json	true	6	0.0115	0.0080	0.0176	4906	load average 22-29 from another workload
async-count-exp3	2026-09-26	fernie	hand-exists	405e37b52	NuGet.Packaging	true	6	0.0488	0.0444	0.0925	68202	load average 22-29 from another workload
async-count-exp3	2026-09-26	fernie	hand-exists	405e37b52	Microsoft.CodeAnalysis.CSharp	false	6	2.9906	2.6829	5.7797	2330968	load average 22-29 from another workload
async-count-exp3	2026-09-26	fernie	hand-exists	405e37b52	System.Private.CoreLib	true	6	3.0518	2.5211	4.8940	3885112	load average 22-29 from another workload
async-count-exp3	2026-09-26	fernie	nlinq-exists	405e37b52	CommandLine	true	6	0.1001	0.0753	0.1447	152170	load average 22-29 from another workload
async-count-exp3	2026-09-26	fernie	nlinq-exists	405e37b52	Humanizer	false	6	0.2564	0.1849	0.3491	301050	load average 22-29 from another workload
async-count-exp3	2026-09-26	fernie	nlinq-exists	405e37b52	Mono.Cecil	false	6	0.2508	0.1714	0.3321	104538	load average 22-29 from another workload
async-count-exp3	2026-09-26	fernie	nlinq-exists	405e37b52	Newtonsoft.Json	true	6	0.0741	0.0684	0.1414	152746	load average 22-29 from another workload
async-count-exp3	2026-09-26	fernie	nlinq-exists	405e37b52	System.Text.Json	true	6	0.0088	0.0086	0.0188	4906	load average 22-29 from another workload
async-count-exp3	2026-09-26	fernie	nlinq-exists	405e37b52	NuGet.Packaging	true	6	0.0663	0.0481	0.1026	68202	load average 22-29 from another workload
async-count-exp3	2026-09-26	fernie	nlinq-exists	405e37b52	Microsoft.CodeAnalysis.CSharp	false	6	3.5436	2.9698	6.1362	2330969	load average 22-29 from another workload
async-count-exp3	2026-09-26	fernie	nlinq-exists	405e37b52	System.Private.CoreLib	true	6	4.3781	2.5368	4.8816	3885107	load average 22-29 from another workload
async-count-exp3	2026-09-26	fernie	planned-exists	405e37b52	CommandLine	true	6	0.1443	0.0784	0.1596	152842	load average 22-29 from another workload
async-count-exp3	2026-09-26	fernie	planned-exists	405e37b52	Humanizer	false	6	0.3868	0.2007	0.4400	301722	load average 22-29 from another workload
async-count-exp3	2026-09-26	fernie	planned-exists	405e37b52	Mono.Cecil	false	6	0.3942	0.1962	0.4195	105210	load average 22-29 from another workload
async-count-exp3	2026-09-26	fernie	planned-exists	405e37b52	Newtonsoft.Json	true	6	0.1351	0.0713	0.1420	153418	load average 22-29 from another workload
async-count-exp3	2026-09-26	fernie	planned-exists	405e37b52	System.Text.Json	true	6	0.0219	0.0109	0.0239	5578	load average 22-29 from another workload
async-count-exp3	2026-09-26	fernie	planned-exists	405e37b52	NuGet.Packaging	true	6	0.1060	0.0525	0.1159	68874	load average 22-29 from another workload
async-count-exp3	2026-09-26	fernie	planned-exists	405e37b52	Microsoft.CodeAnalysis.CSharp	false	6	6.8299	3.3613	6.9114	2331644	load average 22-29 from another workload
async-count-exp3	2026-09-26	fernie	planned-exists	405e37b52	System.Private.CoreLib	true	6	5.1106	2.6166	5.2511	3885782	load average 22-29 from another workload
async-count-exp3	2026-09-26	fernie	hand	405e37b52	CommandLine	3	6	0.2333	0.1262	0.2774	258698	load average 22-29 from another workload
async-count-exp3	2026-09-26	fernie	hand	405e37b52	Humanizer	0	6	0.3196	0.1667	0.3465	301050	load average 22-29 from another workload
async-count-exp3	2026-09-26	fernie	hand	405e37b52	Mono.Cecil	0	6	0.2620	0.1358	0.2869	104538	load average 22-29 from another workload
async-count-exp3	2026-09-26	fernie	hand	405e37b52	Newtonsoft.Json	11	6	0.8765	0.4663	0.9364	793370	load average 22-29 from another workload
async-count-exp3	2026-09-26	fernie	hand	405e37b52	System.Text.Json	8	6	0.7376	0.4052	0.8102	784392	load average 22-29 from another workload
async-count-exp3	2026-09-26	fernie	hand	405e37b52	NuGet.Packaging	22	6	0.3876	0.2216	0.4234	269322	load average 22-29 from another workload
async-count-exp3	2026-09-26	fernie	hand	405e37b52	Microsoft.CodeAnalysis.CSharp	0	6	3.5925	2.5523	4.8086	2330963	load average 22-29 from another workload
async-count-exp3	2026-09-26	fernie	hand	405e37b52	System.Private.CoreLib	31	6	9.0076	6.2172	11.3921	8874342	load average 22-29 from another workload
async-count-exp4	2026-09-26	mac	hand-flat	e78c5f552	CommandLine	3	6	0.0689	0.0686	0.0694	258698	
async-count-exp4	2026-09-26	mac	hand-flat	e78c5f552	Humanizer	0	6	0.0885	0.0877	0.0896	301050	
async-count-exp4	2026-09-26	mac	hand-flat	e78c5f552	Mono.Cecil	0	6	0.0806	0.0801	0.0810	104538	
async-count-exp4	2026-09-26	mac	hand-flat	e78c5f552	Newtonsoft.Json	11	6	0.2441	0.2432	0.2459	793370	
async-count-exp4	2026-09-26	mac	hand-flat	e78c5f552	System.Text.Json	8	6	0.2188	0.2168	0.2210	784394	
async-count-exp4	2026-09-26	mac	hand-flat	e78c5f552	NuGet.Packaging	22	6	0.1168	0.1145	0.1190	269322	
async-count-exp4	2026-09-26	mac	hand-flat	e78c5f552	Microsoft.CodeAnalysis.CSharp	0	6	1.4536	1.4410	1.4564	2330968	
async-count-exp4	2026-09-26	mac	hand-flat	e78c5f552	System.Private.CoreLib	31	6	3.3853	3.3675	3.4050	8874348	
async-count-exp4	2026-09-26	mac	nlinq	e78c5f552	CommandLine	3	6	0.0693	0.0690	0.0707	258698	
async-count-exp4	2026-09-26	mac	nlinq	e78c5f552	Humanizer	0	6	0.0879	0.0871	0.0892	301050	
async-count-exp4	2026-09-26	mac	nlinq	e78c5f552	Mono.Cecil	0	6	0.0794	0.0787	0.0797	104538	
async-count-exp4	2026-09-26	mac	nlinq	e78c5f552	Newtonsoft.Json	11	6	0.2446	0.2417	0.2480	793370	
async-count-exp4	2026-09-26	mac	nlinq	e78c5f552	System.Text.Json	8	6	0.2181	0.2165	0.2205	784394	
async-count-exp4	2026-09-26	mac	nlinq	e78c5f552	NuGet.Packaging	22	6	0.1167	0.1157	0.1180	269322	
async-count-exp4	2026-09-26	mac	nlinq	e78c5f552	Microsoft.CodeAnalysis.CSharp	0	6	1.4562	1.4476	1.4659	2330968	
async-count-exp4	2026-09-26	mac	nlinq	e78c5f552	System.Private.CoreLib	31	6	3.3830	3.3719	3.3882	8874348	
async-count-exp4	2026-09-26	mac	planned	e78c5f552	CommandLine	3	6	0.0766	0.0757	0.0769	259274	
async-count-exp4	2026-09-26	mac	planned	e78c5f552	Humanizer	0	6	0.0955	0.0952	0.0961	301626	
async-count-exp4	2026-09-26	mac	planned	e78c5f552	Mono.Cecil	0	6	0.0949	0.0941	0.0957	105114	
async-count-exp4	2026-09-26	mac	planned	e78c5f552	Newtonsoft.Json	11	6	0.2640	0.2632	0.2670	793946	
async-count-exp4	2026-09-26	mac	planned	e78c5f552	System.Text.Json	8	6	0.2379	0.2345	0.2391	784970	
async-count-exp4	2026-09-26	mac	planned	e78c5f552	NuGet.Packaging	22	6	0.1367	0.1343	0.1378	269898	
async-count-exp4	2026-09-26	mac	planned	e78c5f552	Microsoft.CodeAnalysis.CSharp	0	6	1.6404	1.6356	1.6423	2331547	
async-count-exp4	2026-09-26	mac	planned	e78c5f552	System.Private.CoreLib	31	6	3.5345	3.5288	3.5522	8874925	
async-count-exp4	2026-09-26	mac	hand-exists	e78c5f552	CommandLine	true	6	0.0362	0.0361	0.0365	152170	
async-count-exp4	2026-09-26	mac	hand-exists	e78c5f552	Humanizer	false	6	0.0879	0.0872	0.0886	301050	
async-count-exp4	2026-09-26	mac	hand-exists	e78c5f552	Mono.Cecil	false	6	0.0806	0.0801	0.0815	104538	
async-count-exp4	2026-09-26	mac	hand-exists	e78c5f552	Newtonsoft.Json	true	6	0.0338	0.0336	0.0346	152746	
async-count-exp4	2026-09-26	mac	hand-exists	e78c5f552	System.Text.Json	true	6	0.0039	0.0039	0.0040	4906	
async-count-exp4	2026-09-26	mac	hand-exists	e78c5f552	NuGet.Packaging	true	6	0.0230	0.0229	0.0231	68202	
async-count-exp4	2026-09-26	mac	hand-exists	e78c5f552	Microsoft.CodeAnalysis.CSharp	false	6	1.4438	1.4380	1.4567	2330967	
async-count-exp4	2026-09-26	mac	hand-exists	e78c5f552	System.Private.CoreLib	true	6	1.2732	1.2681	1.2780	3885108	
async-count-exp4	2026-09-26	mac	nlinq-exists	e78c5f552	CommandLine	true	6	0.0372	0.0370	0.0373	152170	
async-count-exp4	2026-09-26	mac	nlinq-exists	e78c5f552	Humanizer	false	6	0.0914	0.0910	0.0920	301050	
async-count-exp4	2026-09-26	mac	nlinq-exists	e78c5f552	Mono.Cecil	false	6	0.0871	0.0862	0.0885	104538	
async-count-exp4	2026-09-26	mac	nlinq-exists	e78c5f552	Newtonsoft.Json	true	6	0.0347	0.0341	0.0357	152746	
async-count-exp4	2026-09-26	mac	nlinq-exists	e78c5f552	System.Text.Json	true	6	0.0044	0.0043	0.0045	4906	
async-count-exp4	2026-09-26	mac	nlinq-exists	e78c5f552	NuGet.Packaging	true	6	0.0238	0.0234	0.0239	68202	
async-count-exp4	2026-09-26	mac	nlinq-exists	e78c5f552	Microsoft.CodeAnalysis.CSharp	false	6	1.5362	1.5193	1.5755	2330969	
async-count-exp4	2026-09-26	mac	nlinq-exists	e78c5f552	System.Private.CoreLib	true	6	1.3037	1.2952	1.3395	3885109	
async-count-exp4	2026-09-26	mac	planned-exists	e78c5f552	CommandLine	true	6	0.0383	0.0381	0.0393	152746	
async-count-exp4	2026-09-26	mac	planned-exists	e78c5f552	Humanizer	false	6	0.0953	0.0945	0.0980	301626	
async-count-exp4	2026-09-26	mac	planned-exists	e78c5f552	Mono.Cecil	false	6	0.0945	0.0937	0.0954	105114	
async-count-exp4	2026-09-26	mac	planned-exists	e78c5f552	Newtonsoft.Json	true	6	0.0352	0.0347	0.0354	153322	
async-count-exp4	2026-09-26	mac	planned-exists	e78c5f552	System.Text.Json	true	6	0.0050	0.0049	0.0051	5482	
async-count-exp4	2026-09-26	mac	planned-exists	e78c5f552	NuGet.Packaging	true	6	0.0247	0.0242	0.0254	68778	
async-count-exp4	2026-09-26	mac	planned-exists	e78c5f552	Microsoft.CodeAnalysis.CSharp	false	6	1.6280	1.6245	1.6625	2331546	
async-count-exp4	2026-09-26	mac	planned-exists	e78c5f552	System.Private.CoreLib	true	6	1.3382	1.3315	1.3439	3885686	
async-count-exp4	2026-09-26	mac	hand	e78c5f552	CommandLine	3	6	0.0633	0.0627	0.0638	258698	
async-count-exp4	2026-09-26	mac	hand	e78c5f552	Humanizer	0	6	0.0833	0.0827	0.0836	301050	
async-count-exp4	2026-09-26	mac	hand	e78c5f552	Mono.Cecil	0	6	0.0693	0.0672	0.0695	104538	
async-count-exp4	2026-09-26	mac	hand	e78c5f552	Newtonsoft.Json	11	6	0.2282	0.2270	0.2302	793370	
async-count-exp4	2026-09-26	mac	hand	e78c5f552	System.Text.Json	8	6	0.2042	0.2030	0.2068	784394	
async-count-exp4	2026-09-26	mac	hand	e78c5f552	NuGet.Packaging	22	6	0.1030	0.1014	0.1048	269322	
async-count-exp4	2026-09-26	mac	hand	e78c5f552	Microsoft.CodeAnalysis.CSharp	0	6	1.3095	1.2997	1.3125	2330965	
async-count-exp4	2026-09-26	mac	hand	e78c5f552	System.Private.CoreLib	31	6	3.2613	3.2570	3.2720	8874347	
async-count-exp4	2026-09-26	merritt	hand-flat	e78c5f552	CommandLine	3	6	0.0605	0.0596	0.0609	258698	
async-count-exp4	2026-09-26	merritt	hand-flat	e78c5f552	Humanizer	0	6	0.0766	0.0749	0.0779	301050	
async-count-exp4	2026-09-26	merritt	hand-flat	e78c5f552	Mono.Cecil	0	6	0.0708	0.0693	0.0717	104538	
async-count-exp4	2026-09-26	merritt	hand-flat	e78c5f552	Newtonsoft.Json	11	6	0.2160	0.2116	0.2194	793370	
async-count-exp4	2026-09-26	merritt	hand-flat	e78c5f552	System.Text.Json	8	6	0.1905	0.1870	0.1964	784394	
async-count-exp4	2026-09-26	merritt	hand-flat	e78c5f552	NuGet.Packaging	22	6	0.1028	0.1010	0.1053	269322	
async-count-exp4	2026-09-26	merritt	hand-flat	e78c5f552	Microsoft.CodeAnalysis.CSharp	0	6	1.3388	1.3100	1.3464	2330966	
async-count-exp4	2026-09-26	merritt	hand-flat	e78c5f552	System.Private.CoreLib	31	6	2.8179	2.7866	2.8447	8874343	
async-count-exp4	2026-09-26	merritt	nlinq	e78c5f552	CommandLine	3	6	0.0604	0.0595	0.0613	258698	
async-count-exp4	2026-09-26	merritt	nlinq	e78c5f552	Humanizer	0	6	0.0767	0.0758	0.0780	301050	
async-count-exp4	2026-09-26	merritt	nlinq	e78c5f552	Mono.Cecil	0	6	0.0713	0.0703	0.0722	104538	
async-count-exp4	2026-09-26	merritt	nlinq	e78c5f552	Newtonsoft.Json	11	6	0.2151	0.2130	0.2178	793370	
async-count-exp4	2026-09-26	merritt	nlinq	e78c5f552	System.Text.Json	8	6	0.1900	0.1874	0.1918	784394	
async-count-exp4	2026-09-26	merritt	nlinq	e78c5f552	NuGet.Packaging	22	6	0.1035	0.1019	0.1047	269322	
async-count-exp4	2026-09-26	merritt	nlinq	e78c5f552	Microsoft.CodeAnalysis.CSharp	0	6	1.3253	1.3168	1.3458	2330965	
async-count-exp4	2026-09-26	merritt	nlinq	e78c5f552	System.Private.CoreLib	31	6	2.8038	2.7668	2.8287	8874343	
async-count-exp4	2026-09-26	merritt	planned	e78c5f552	CommandLine	3	6	0.0685	0.0674	0.0697	259274	
async-count-exp4	2026-09-26	merritt	planned	e78c5f552	Humanizer	0	6	0.0847	0.0837	0.0870	301626	
async-count-exp4	2026-09-26	merritt	planned	e78c5f552	Mono.Cecil	0	6	0.0874	0.0870	0.0887	105114	
async-count-exp4	2026-09-26	merritt	planned	e78c5f552	Newtonsoft.Json	11	6	0.2392	0.2372	0.2477	793946	
async-count-exp4	2026-09-26	merritt	planned	e78c5f552	System.Text.Json	8	6	0.2108	0.2095	0.2181	784970	
async-count-exp4	2026-09-26	merritt	planned	e78c5f552	NuGet.Packaging	22	6	0.1265	0.1247	0.1287	269898	
async-count-exp4	2026-09-26	merritt	planned	e78c5f552	Microsoft.CodeAnalysis.CSharp	0	6	1.5296	1.5078	1.5725	2331545	
async-count-exp4	2026-09-26	merritt	planned	e78c5f552	System.Private.CoreLib	31	6	2.9776	2.9530	3.0165	8874920	
async-count-exp4	2026-09-26	merritt	hand-exists	e78c5f552	CommandLine	true	6	0.0307	0.0304	0.0310	152170	
async-count-exp4	2026-09-26	merritt	hand-exists	e78c5f552	Humanizer	false	6	0.0758	0.0751	0.0763	301050	
async-count-exp4	2026-09-26	merritt	hand-exists	e78c5f552	Mono.Cecil	false	6	0.0703	0.0698	0.0712	104538	
async-count-exp4	2026-09-26	merritt	hand-exists	e78c5f552	Newtonsoft.Json	true	6	0.0290	0.0286	0.0304	152746	
async-count-exp4	2026-09-26	merritt	hand-exists	e78c5f552	System.Text.Json	true	6	0.0037	0.0036	0.0038	4906	
async-count-exp4	2026-09-26	merritt	hand-exists	e78c5f552	NuGet.Packaging	true	6	0.0194	0.0192	0.0200	68202	
async-count-exp4	2026-09-26	merritt	hand-exists	e78c5f552	Microsoft.CodeAnalysis.CSharp	false	6	1.3182	1.3027	1.3450	2330965	
async-count-exp4	2026-09-26	merritt	hand-exists	e78c5f552	System.Private.CoreLib	true	6	1.0730	1.0566	1.0840	3885105	
async-count-exp4	2026-09-26	merritt	nlinq-exists	e78c5f552	CommandLine	true	6	0.0319	0.0314	0.0329	152170	
async-count-exp4	2026-09-26	merritt	nlinq-exists	e78c5f552	Humanizer	false	6	0.0787	0.0780	0.0792	301050	
async-count-exp4	2026-09-26	merritt	nlinq-exists	e78c5f552	Mono.Cecil	false	6	0.0759	0.0753	0.0765	104538	
async-count-exp4	2026-09-26	merritt	nlinq-exists	e78c5f552	Newtonsoft.Json	true	6	0.0293	0.0291	0.0305	152746	
async-count-exp4	2026-09-26	merritt	nlinq-exists	e78c5f552	System.Text.Json	true	6	0.0040	0.0040	0.0042	4906	
async-count-exp4	2026-09-26	merritt	nlinq-exists	e78c5f552	NuGet.Packaging	true	6	0.0202	0.0201	0.0206	68202	
async-count-exp4	2026-09-26	merritt	nlinq-exists	e78c5f552	Microsoft.CodeAnalysis.CSharp	false	6	1.3710	1.3680	1.3880	2330966	
async-count-exp4	2026-09-26	merritt	nlinq-exists	e78c5f552	System.Private.CoreLib	true	6	1.0911	1.0838	1.0978	3885106	
async-count-exp4	2026-09-26	merritt	planned-exists	e78c5f552	CommandLine	true	6	0.0332	0.0330	0.0340	152746	
async-count-exp4	2026-09-26	merritt	planned-exists	e78c5f552	Humanizer	false	6	0.0844	0.0832	0.0856	301626	
async-count-exp4	2026-09-26	merritt	planned-exists	e78c5f552	Mono.Cecil	false	6	0.0867	0.0853	0.0873	105114	
async-count-exp4	2026-09-26	merritt	planned-exists	e78c5f552	Newtonsoft.Json	true	6	0.0300	0.0296	0.0316	153322	
async-count-exp4	2026-09-26	merritt	planned-exists	e78c5f552	System.Text.Json	true	6	0.0049	0.0048	0.0050	5482	
async-count-exp4	2026-09-26	merritt	planned-exists	e78c5f552	NuGet.Packaging	true	6	0.0216	0.0214	0.0221	68778	
async-count-exp4	2026-09-26	merritt	planned-exists	e78c5f552	Microsoft.CodeAnalysis.CSharp	false	6	1.5040	1.4898	1.5246	2331544	
async-count-exp4	2026-09-26	merritt	planned-exists	e78c5f552	System.Private.CoreLib	true	6	1.1414	1.1268	1.1524	3885682	
async-count-exp4	2026-09-26	merritt	hand	e78c5f552	CommandLine	3	6	0.0536	0.0527	0.0538	258698	
async-count-exp4	2026-09-26	merritt	hand	e78c5f552	Humanizer	0	6	0.0706	0.0700	0.0713	301050	
async-count-exp4	2026-09-26	merritt	hand	e78c5f552	Mono.Cecil	0	6	0.0587	0.0583	0.0593	104538	
async-count-exp4	2026-09-26	merritt	hand	e78c5f552	Newtonsoft.Json	11	6	0.1974	0.1928	0.2005	793370	
async-count-exp4	2026-09-26	merritt	hand	e78c5f552	System.Text.Json	8	6	0.1731	0.1695	0.1762	784394	
async-count-exp4	2026-09-26	merritt	hand	e78c5f552	NuGet.Packaging	22	6	0.0859	0.0848	0.0868	269322	
async-count-exp4	2026-09-26	merritt	hand	e78c5f552	Microsoft.CodeAnalysis.CSharp	0	6	1.1861	1.1696	1.2063	2330963	
async-count-exp4	2026-09-26	merritt	hand	e78c5f552	System.Private.CoreLib	31	6	2.6806	2.6542	2.7568	8874342	
async-count-exp5	2026-09-26	mac	hand-flat	5126fc8ac	CommandLine	3	6	0.0689	0.0685	0.0705	258698	
async-count-exp5	2026-09-26	mac	hand-flat	5126fc8ac	Humanizer	0	6	0.0874	0.0870	0.0887	301050	
async-count-exp5	2026-09-26	mac	hand-flat	5126fc8ac	Mono.Cecil	0	6	0.0794	0.0786	0.0800	104538	
async-count-exp5	2026-09-26	mac	hand-flat	5126fc8ac	Newtonsoft.Json	11	6	0.2422	0.2409	0.2488	793370	
async-count-exp5	2026-09-26	mac	hand-flat	5126fc8ac	System.Text.Json	8	6	0.2172	0.2137	0.2245	784394	
async-count-exp5	2026-09-26	mac	hand-flat	5126fc8ac	NuGet.Packaging	22	6	0.1147	0.1129	0.1183	269322	
async-count-exp5	2026-09-26	mac	hand-flat	5126fc8ac	Microsoft.CodeAnalysis.CSharp	0	6	1.4319	1.4167	1.4535	2330967	
async-count-exp5	2026-09-26	mac	hand-flat	5126fc8ac	System.Private.CoreLib	31	6	3.3239	3.2970	3.4559	8874347	
async-count-exp5	2026-09-26	mac	nlinq	5126fc8ac	CommandLine	3	6	0.0688	0.0683	0.0701	258698	
async-count-exp5	2026-09-26	mac	nlinq	5126fc8ac	Humanizer	0	6	0.0871	0.0868	0.0880	301050	
async-count-exp5	2026-09-26	mac	nlinq	5126fc8ac	Mono.Cecil	0	6	0.0799	0.0789	0.0818	104538	
async-count-exp5	2026-09-26	mac	nlinq	5126fc8ac	Newtonsoft.Json	11	6	0.2441	0.2421	0.2489	793370	
async-count-exp5	2026-09-26	mac	nlinq	5126fc8ac	System.Text.Json	8	6	0.2175	0.2157	0.2233	784394	
async-count-exp5	2026-09-26	mac	nlinq	5126fc8ac	NuGet.Packaging	22	6	0.1159	0.1140	0.1206	269322	
async-count-exp5	2026-09-26	mac	nlinq	5126fc8ac	Microsoft.CodeAnalysis.CSharp	0	6	1.4363	1.4185	1.4618	2330967	
async-count-exp5	2026-09-26	mac	nlinq	5126fc8ac	System.Private.CoreLib	31	6	3.3356	3.3127	3.4536	8874347	
async-count-exp5	2026-09-26	mac	planned	5126fc8ac	CommandLine	3	6	0.0751	0.0747	0.0758	259274	
async-count-exp5	2026-09-26	mac	planned	5126fc8ac	Humanizer	0	6	0.0940	0.0935	0.0954	301626	
async-count-exp5	2026-09-26	mac	planned	5126fc8ac	Mono.Cecil	0	6	0.0931	0.0922	0.0946	105114	
async-count-exp5	2026-09-26	mac	planned	5126fc8ac	Newtonsoft.Json	11	6	0.2596	0.2578	0.2635	793946	
async-count-exp5	2026-09-26	mac	planned	5126fc8ac	System.Text.Json	8	6	0.2333	0.2320	0.2352	784970	
async-count-exp5	2026-09-26	mac	planned	5126fc8ac	NuGet.Packaging	22	6	0.1336	0.1311	0.1350	269898	
async-count-exp5	2026-09-26	mac	planned	5126fc8ac	Microsoft.CodeAnalysis.CSharp	0	6	1.6146	1.5923	1.6636	2331546	
async-count-exp5	2026-09-26	mac	planned	5126fc8ac	System.Private.CoreLib	31	6	3.4729	3.4481	3.6273	8874924	
async-count-exp5	2026-09-26	mac	hand-exists	5126fc8ac	CommandLine	true	6	0.0364	0.0357	0.0372	152170	
async-count-exp5	2026-09-26	mac	hand-exists	5126fc8ac	Humanizer	false	6	0.0877	0.0873	0.0899	301050	
async-count-exp5	2026-09-26	mac	hand-exists	5126fc8ac	Mono.Cecil	false	6	0.0805	0.0785	0.0838	104538	
async-count-exp5	2026-09-26	mac	hand-exists	5126fc8ac	Newtonsoft.Json	true	6	0.0338	0.0335	0.0348	152746	
async-count-exp5	2026-09-26	mac	hand-exists	5126fc8ac	System.Text.Json	true	6	0.0040	0.0039	0.0040	4906	
async-count-exp5	2026-09-26	mac	hand-exists	5126fc8ac	NuGet.Packaging	true	6	0.0230	0.0227	0.0233	68202	
async-count-exp5	2026-09-26	mac	hand-exists	5126fc8ac	Microsoft.CodeAnalysis.CSharp	false	6	1.4289	1.4173	1.5315	2330967	
async-count-exp5	2026-09-26	mac	hand-exists	5126fc8ac	System.Private.CoreLib	true	6	1.2746	1.2493	1.3399	3885108	
async-count-exp5	2026-09-26	mac	nlinq-exists	5126fc8ac	CommandLine	true	6	0.0370	0.0367	0.0381	152170	
async-count-exp5	2026-09-26	mac	nlinq-exists	5126fc8ac	Humanizer	false	6	0.0915	0.0901	0.0938	301050	
async-count-exp5	2026-09-26	mac	nlinq-exists	5126fc8ac	Mono.Cecil	false	6	0.0869	0.0860	0.0897	104538	
async-count-exp5	2026-09-26	mac	nlinq-exists	5126fc8ac	Newtonsoft.Json	true	6	0.0342	0.0340	0.0352	152746	
async-count-exp5	2026-09-26	mac	nlinq-exists	5126fc8ac	System.Text.Json	true	6	0.0044	0.0043	0.0045	4906	
async-count-exp5	2026-09-26	mac	nlinq-exists	5126fc8ac	NuGet.Packaging	true	6	0.0238	0.0230	0.0241	68202	
async-count-exp5	2026-09-26	mac	nlinq-exists	5126fc8ac	Microsoft.CodeAnalysis.CSharp	false	6	1.5165	1.4963	1.6104	2330969	
async-count-exp5	2026-09-26	mac	nlinq-exists	5126fc8ac	System.Private.CoreLib	true	6	1.2853	1.2750	1.3592	3885109	
async-count-exp5	2026-09-26	mac	planned-exists	5126fc8ac	CommandLine	true	6	0.0382	0.0377	0.0390	152746	
async-count-exp5	2026-09-26	mac	planned-exists	5126fc8ac	Humanizer	false	6	0.0950	0.0929	0.0963	301626	
async-count-exp5	2026-09-26	mac	planned-exists	5126fc8ac	Mono.Cecil	false	6	0.0917	0.0905	0.0942	105114	
async-count-exp5	2026-09-26	mac	planned-exists	5126fc8ac	Newtonsoft.Json	true	6	0.0347	0.0341	0.0355	153322	
async-count-exp5	2026-09-26	mac	planned-exists	5126fc8ac	System.Text.Json	true	6	0.0048	0.0047	0.0050	5482	
async-count-exp5	2026-09-26	mac	planned-exists	5126fc8ac	NuGet.Packaging	true	6	0.0244	0.0239	0.0249	68778	
async-count-exp5	2026-09-26	mac	planned-exists	5126fc8ac	Microsoft.CodeAnalysis.CSharp	false	6	1.5873	1.5757	1.6795	2331546	
async-count-exp5	2026-09-26	mac	planned-exists	5126fc8ac	System.Private.CoreLib	true	6	1.3194	1.3061	1.3993	3885685	
async-count-exp5	2026-09-26	mac	hand	5126fc8ac	CommandLine	3	6	0.0627	0.0622	0.0639	258698	
async-count-exp5	2026-09-26	mac	hand	5126fc8ac	Humanizer	0	6	0.0824	0.0817	0.0842	301050	
async-count-exp5	2026-09-26	mac	hand	5126fc8ac	Mono.Cecil	0	6	0.0689	0.0681	0.0711	104538	
async-count-exp5	2026-09-26	mac	hand	5126fc8ac	Newtonsoft.Json	11	6	0.2276	0.2252	0.2347	793370	
async-count-exp5	2026-09-26	mac	hand	5126fc8ac	System.Text.Json	8	6	0.2020	0.1992	0.2075	784394	
async-count-exp5	2026-09-26	mac	hand	5126fc8ac	NuGet.Packaging	22	6	0.1031	0.0997	0.1047	269322	
async-count-exp5	2026-09-26	mac	hand	5126fc8ac	Microsoft.CodeAnalysis.CSharp	0	6	1.2983	1.2753	1.3959	2330965	
async-count-exp5	2026-09-26	mac	hand	5126fc8ac	System.Private.CoreLib	31	6	3.2634	3.1917	3.4500	8874347	
async-count-exp5	2026-09-26	merritt	hand-flat	5126fc8ac	CommandLine	3	6	0.0597	0.0583	0.0607	258698	
async-count-exp5	2026-09-26	merritt	hand-flat	5126fc8ac	Humanizer	0	6	0.0757	0.0744	0.0779	301050	
async-count-exp5	2026-09-26	merritt	hand-flat	5126fc8ac	Mono.Cecil	0	6	0.0709	0.0702	0.0711	104538	
async-count-exp5	2026-09-26	merritt	hand-flat	5126fc8ac	Newtonsoft.Json	11	6	0.2131	0.2122	0.2154	793370	
async-count-exp5	2026-09-26	merritt	hand-flat	5126fc8ac	System.Text.Json	8	6	0.1881	0.1869	0.1941	784394	
async-count-exp5	2026-09-26	merritt	hand-flat	5126fc8ac	NuGet.Packaging	22	6	0.1030	0.1011	0.1068	269322	
async-count-exp5	2026-09-26	merritt	hand-flat	5126fc8ac	Microsoft.CodeAnalysis.CSharp	0	6	1.3093	1.2968	1.3120	2330965	
async-count-exp5	2026-09-26	merritt	hand-flat	5126fc8ac	System.Private.CoreLib	31	6	2.7689	2.7410	2.8150	8874342	
async-count-exp5	2026-09-26	merritt	nlinq	5126fc8ac	CommandLine	3	6	0.0597	0.0584	0.0603	258698	
async-count-exp5	2026-09-26	merritt	nlinq	5126fc8ac	Humanizer	0	6	0.0756	0.0746	0.0770	301050	
async-count-exp5	2026-09-26	merritt	nlinq	5126fc8ac	Mono.Cecil	0	6	0.0717	0.0697	0.0726	104538	
async-count-exp5	2026-09-26	merritt	nlinq	5126fc8ac	Newtonsoft.Json	11	6	0.2123	0.2098	0.2152	793370	
async-count-exp5	2026-09-26	merritt	nlinq	5126fc8ac	System.Text.Json	8	6	0.1879	0.1860	0.1896	784394	
async-count-exp5	2026-09-26	merritt	nlinq	5126fc8ac	NuGet.Packaging	22	6	0.1036	0.1025	0.1040	269322	
async-count-exp5	2026-09-26	merritt	nlinq	5126fc8ac	Microsoft.CodeAnalysis.CSharp	0	6	1.3266	1.3210	1.3395	2330966	
async-count-exp5	2026-09-26	merritt	nlinq	5126fc8ac	System.Private.CoreLib	31	6	2.7785	2.7489	2.8498	8874343	
async-count-exp5	2026-09-26	merritt	planned	5126fc8ac	CommandLine	3	6	0.0680	0.0666	0.0722	259274	
async-count-exp5	2026-09-26	merritt	planned	5126fc8ac	Humanizer	0	6	0.0837	0.0823	0.0843	301626	
async-count-exp5	2026-09-26	merritt	planned	5126fc8ac	Mono.Cecil	0	6	0.0858	0.0844	0.0869	105114	
async-count-exp5	2026-09-26	merritt	planned	5126fc8ac	Newtonsoft.Json	11	6	0.2356	0.2327	0.2416	793946	
async-count-exp5	2026-09-26	merritt	planned	5126fc8ac	System.Text.Json	8	6	0.2080	0.2058	0.2140	784970	
async-count-exp5	2026-09-26	merritt	planned	5126fc8ac	NuGet.Packaging	22	6	0.1232	0.1210	0.1268	269898	
async-count-exp5	2026-09-26	merritt	planned	5126fc8ac	Microsoft.CodeAnalysis.CSharp	0	6	1.4882	1.4687	1.4983	2331544	
async-count-exp5	2026-09-26	merritt	planned	5126fc8ac	System.Private.CoreLib	31	6	2.9144	2.8961	2.9903	8874920	
async-count-exp5	2026-09-26	merritt	hand-exists	5126fc8ac	CommandLine	true	6	0.0304	0.0301	0.0318	152170	
async-count-exp5	2026-09-26	merritt	hand-exists	5126fc8ac	Humanizer	false	6	0.0748	0.0743	0.0765	301050	
async-count-exp5	2026-09-26	merritt	hand-exists	5126fc8ac	Mono.Cecil	false	6	0.0703	0.0694	0.0727	104538	
async-count-exp5	2026-09-26	merritt	hand-exists	5126fc8ac	Newtonsoft.Json	true	6	0.0284	0.0281	0.0300	152746	
async-count-exp5	2026-09-26	merritt	hand-exists	5126fc8ac	System.Text.Json	true	6	0.0036	0.0036	0.0038	4906	
async-count-exp5	2026-09-26	merritt	hand-exists	5126fc8ac	NuGet.Packaging	true	6	0.0197	0.0191	0.0209	68202	
async-count-exp5	2026-09-26	merritt	hand-exists	5126fc8ac	Microsoft.CodeAnalysis.CSharp	false	6	1.3048	1.2916	1.3526	2330965	
async-count-exp5	2026-09-26	merritt	hand-exists	5126fc8ac	System.Private.CoreLib	true	6	1.0642	1.0499	1.0953	3885105	
async-count-exp5	2026-09-26	merritt	nlinq-exists	5126fc8ac	CommandLine	true	6	0.0314	0.0310	0.0319	152170	
async-count-exp5	2026-09-26	merritt	nlinq-exists	5126fc8ac	Humanizer	false	6	0.0788	0.0774	0.0792	301050	
async-count-exp5	2026-09-26	merritt	nlinq-exists	5126fc8ac	Mono.Cecil	false	6	0.0761	0.0756	0.0768	104538	
async-count-exp5	2026-09-26	merritt	nlinq-exists	5126fc8ac	Newtonsoft.Json	true	6	0.0287	0.0285	0.0290	152746	
async-count-exp5	2026-09-26	merritt	nlinq-exists	5126fc8ac	System.Text.Json	true	6	0.0040	0.0040	0.0041	4906	
async-count-exp5	2026-09-26	merritt	nlinq-exists	5126fc8ac	NuGet.Packaging	true	6	0.0202	0.0201	0.0204	68202	
async-count-exp5	2026-09-26	merritt	nlinq-exists	5126fc8ac	Microsoft.CodeAnalysis.CSharp	false	6	1.3802	1.3653	1.3859	2330966	
async-count-exp5	2026-09-26	merritt	nlinq-exists	5126fc8ac	System.Private.CoreLib	true	6	1.0863	1.0805	1.1072	3885106	
async-count-exp5	2026-09-26	merritt	planned-exists	5126fc8ac	CommandLine	true	6	0.0325	0.0323	0.0330	152746	
async-count-exp5	2026-09-26	merritt	planned-exists	5126fc8ac	Humanizer	false	6	0.0829	0.0823	0.0836	301626	
async-count-exp5	2026-09-26	merritt	planned-exists	5126fc8ac	Mono.Cecil	false	6	0.0846	0.0834	0.0853	105114	
async-count-exp5	2026-09-26	merritt	planned-exists	5126fc8ac	Newtonsoft.Json	true	6	0.0295	0.0292	0.0298	153322	
async-count-exp5	2026-09-26	merritt	planned-exists	5126fc8ac	System.Text.Json	true	6	0.0047	0.0047	0.0048	5482	
async-count-exp5	2026-09-26	merritt	planned-exists	5126fc8ac	NuGet.Packaging	true	6	0.0212	0.0210	0.0216	68778	
async-count-exp5	2026-09-26	merritt	planned-exists	5126fc8ac	Microsoft.CodeAnalysis.CSharp	false	6	1.4712	1.4614	1.5128	2331544	
async-count-exp5	2026-09-26	merritt	planned-exists	5126fc8ac	System.Private.CoreLib	true	6	1.1205	1.1041	1.1585	3885682	
async-count-exp5	2026-09-26	merritt	hand	5126fc8ac	CommandLine	3	6	0.0532	0.0527	0.0534	258698	
async-count-exp5	2026-09-26	merritt	hand	5126fc8ac	Humanizer	0	6	0.0699	0.0696	0.0709	301050	
async-count-exp5	2026-09-26	merritt	hand	5126fc8ac	Mono.Cecil	0	6	0.0590	0.0584	0.0605	104538	
async-count-exp5	2026-09-26	merritt	hand	5126fc8ac	Newtonsoft.Json	11	6	0.1942	0.1920	0.2018	793370	
async-count-exp5	2026-09-26	merritt	hand	5126fc8ac	System.Text.Json	8	6	0.1699	0.1691	0.1823	784394	
async-count-exp5	2026-09-26	merritt	hand	5126fc8ac	NuGet.Packaging	22	6	0.0861	0.0851	0.0869	269322	
async-count-exp5	2026-09-26	merritt	hand	5126fc8ac	Microsoft.CodeAnalysis.CSharp	0	6	1.1783	1.1695	1.1984	2330963	
async-count-exp5	2026-09-26	merritt	hand	5126fc8ac	System.Private.CoreLib	31	6	2.6646	2.6394	2.7211	8874342	
fused	2026-09-26	mac	c-hand-separate	69673060d	CommandLine	p=0;a=3;u=0	6	0.1798	0.1750	0.1830	584634	
fused	2026-09-26	mac	c-hand-separate	69673060d	Humanizer	p=0;a=0;u=0	6	0.2142	0.2085	0.2194	640586	
fused	2026-09-26	mac	c-hand-separate	69673060d	Mono.Cecil	p=0;a=0;u=0	6	0.2232	0.2168	0.2308	261650	
fused	2026-09-26	mac	c-hand-separate	69673060d	Newtonsoft.Json	p=0;a=11;u=0	6	0.6016	0.5855	0.6312	1687500	
fused	2026-09-26	mac	c-hand-separate	69673060d	System.Text.Json	p=0;a=8;u=0	6	0.5342	0.5224	0.5585	1661793	
fused	2026-09-26	mac	c-hand-separate	69673060d	NuGet.Packaging	p=8;a=22;u=0	6	0.3055	0.3005	0.3217	602762	
fused	2026-09-26	mac	c-hand-separate	69673060d	Microsoft.CodeAnalysis.CSharp	p=0;a=0;u=0	6	3.8649	3.7690	3.9735	5664111	
fused	2026-09-26	mac	c-hand-separate	69673060d	System.Private.CoreLib	p=0;a=31;u=1	6	3.7732	3.7176	3.9509	8878191	
fused	2026-09-26	mac	c-hand-fused	69673060d	CommandLine	p=0;a=3;u=0	6	0.0966	0.0941	0.0972	330154	
fused	2026-09-26	mac	c-hand-fused	69673060d	Humanizer	p=0;a=0;u=0	6	0.1045	0.1022	0.1070	343754	
fused	2026-09-26	mac	c-hand-fused	69673060d	Mono.Cecil	p=0;a=0;u=0	6	0.1045	0.1034	0.1077	161330	
fused	2026-09-26	mac	c-hand-fused	69673060d	Newtonsoft.Json	p=0;a=11;u=0	6	0.2969	0.2899	0.3052	898354	
fused	2026-09-26	mac	c-hand-fused	69673060d	System.Text.Json	p=0;a=8;u=0	6	0.2645	0.2619	0.2682	881626	
fused	2026-09-26	mac	c-hand-fused	69673060d	NuGet.Packaging	p=8;a=22;u=0	6	0.1444	0.1436	0.1497	337658	
fused	2026-09-26	mac	c-hand-fused	69673060d	Microsoft.CodeAnalysis.CSharp	p=0;a=0;u=0	6	1.9609	1.9315	2.0492	3337352	
fused	2026-09-26	mac	c-hand-fused	69673060d	System.Private.CoreLib	p=0;a=31;u=1	6	3.3541	3.2553	3.4452	8876027	
fused	2026-09-26	mac	c-nlinq-fused	69673060d	CommandLine	p=0;a=3;u=0	6	0.1069	0.1054	0.1090	330154	
fused	2026-09-26	mac	c-nlinq-fused	69673060d	Humanizer	p=0;a=0;u=0	6	0.1149	0.1130	0.1175	343754	
fused	2026-09-26	mac	c-nlinq-fused	69673060d	Mono.Cecil	p=0;a=0;u=0	6	0.1250	0.1226	0.1272	161330	
fused	2026-09-26	mac	c-nlinq-fused	69673060d	Newtonsoft.Json	p=0;a=11;u=0	6	0.3242	0.3212	0.3335	898354	
fused	2026-09-26	mac	c-nlinq-fused	69673060d	System.Text.Json	p=0;a=8;u=0	6	0.2916	0.2893	0.3000	881626	
fused	2026-09-26	mac	c-nlinq-fused	69673060d	NuGet.Packaging	p=8;a=22;u=0	6	0.1735	0.1694	0.1803	337658	
fused	2026-09-26	mac	c-nlinq-fused	69673060d	Microsoft.CodeAnalysis.CSharp	p=0;a=0;u=0	6	2.2119	2.1707	2.3280	3337354	
fused	2026-09-26	mac	c-nlinq-fused	69673060d	System.Private.CoreLib	p=0;a=31;u=1	6	3.4867	3.4291	3.6694	8876028	
fused	2026-09-26	mac	c-planned-separate	69673060d	CommandLine	p=0;a=3;u=0	6	0.2154	0.2122	0.2209	592434	
fused	2026-09-26	mac	c-planned-separate	69673060d	Humanizer	p=0;a=0;u=0	6	0.2480	0.2453	0.2553	648386	
fused	2026-09-26	mac	c-planned-separate	69673060d	Mono.Cecil	p=0;a=0;u=0	6	0.2936	0.2908	0.3029	269450	
fused	2026-09-26	mac	c-planned-separate	69673060d	Newtonsoft.Json	p=0;a=11;u=0	6	0.7045	0.6849	0.7307	1695302	
fused	2026-09-26	mac	c-planned-separate	69673060d	System.Text.Json	p=0;a=8;u=0	6	0.6243	0.6145	0.6544	1669596	
fused	2026-09-26	mac	c-planned-separate	69673060d	NuGet.Packaging	p=8;a=22;u=0	6	0.3959	0.3922	0.4116	610562	
fused	2026-09-26	mac	c-planned-separate	69673060d	Microsoft.CodeAnalysis.CSharp	p=0;a=0;u=0	6	4.7538	4.6990	5.0102	5671907	
fused	2026-09-26	mac	c-planned-separate	69673060d	System.Private.CoreLib	p=0;a=31;u=1	6	4.4474	4.3559	4.6136	8885978	
fused	2026-09-26	mac	c-planned-fused	69673060d	CommandLine	p=0;a=3;u=0	6	0.2074	0.2062	0.2131	585954	
fused	2026-09-26	mac	c-planned-fused	69673060d	Humanizer	p=0;a=0;u=0	6	0.2407	0.2386	0.2457	641906	
fused	2026-09-26	mac	c-planned-fused	69673060d	Mono.Cecil	p=0;a=0;u=0	6	0.2735	0.2717	0.2811	262970	
fused	2026-09-26	mac	c-planned-fused	69673060d	Newtonsoft.Json	p=0;a=11;u=0	6	0.6763	0.6612	0.7003	1688822	
fused	2026-09-26	mac	c-planned-fused	69673060d	System.Text.Json	p=0;a=8;u=0	6	0.6057	0.5988	0.6257	1663116	
fused	2026-09-26	mac	c-planned-fused	69673060d	NuGet.Packaging	p=8;a=22;u=0	6	0.3773	0.3734	0.3896	604082	
fused	2026-09-26	mac	c-planned-fused	69673060d	Microsoft.CodeAnalysis.CSharp	p=0;a=0;u=0	6	4.5302	4.4583	4.6498	5665427	
fused	2026-09-26	mac	c-planned-fused	69673060d	System.Private.CoreLib	p=0;a=31;u=1	6	4.3342	4.2740	4.4866	8879498	
fused	2026-09-26	mac	c-planned-async-only	69673060d	CommandLine	3	6	0.0766	0.0762	0.0790	259274	
fused	2026-09-26	mac	c-planned-async-only	69673060d	Humanizer	0	6	0.0965	0.0954	0.0989	301626	
fused	2026-09-26	mac	c-planned-async-only	69673060d	Mono.Cecil	0	6	0.0956	0.0938	0.0966	105114	
fused	2026-09-26	mac	c-planned-async-only	69673060d	Newtonsoft.Json	11	6	0.2666	0.2632	0.2722	793946	
fused	2026-09-26	mac	c-planned-async-only	69673060d	System.Text.Json	8	6	0.2414	0.2393	0.2434	784970	
fused	2026-09-26	mac	c-planned-async-only	69673060d	NuGet.Packaging	22	6	0.1371	0.1358	0.1392	269898	
fused	2026-09-26	mac	c-planned-async-only	69673060d	Microsoft.CodeAnalysis.CSharp	0	6	1.6707	1.6399	1.7562	2331547	
fused	2026-09-26	mac	c-planned-async-only	69673060d	System.Private.CoreLib	31	6	3.5626	3.5238	3.7983	8874925	
fused	2026-09-26	mac	c-legacy	69673060d	CommandLine	p=0;a=3;u=0	6	0.1960	0.1929	0.2017	613130	
fused	2026-09-26	mac	c-legacy	69673060d	Humanizer	p=0;a=0;u=0	6	0.2140	0.2117	0.2193	761394	
fused	2026-09-26	mac	c-legacy	69673060d	Mono.Cecil	p=0;a=0;u=0	6	0.2703	0.2686	0.2797	759850	
fused	2026-09-26	mac	c-legacy	69673060d	Newtonsoft.Json	p=0;a=11;u=0	6	0.5644	0.5541	0.5861	1749861	
fused	2026-09-26	mac	c-legacy	69673060d	System.Text.Json	p=0;a=8;u=0	6	0.5120	0.4981	0.5430	1661535	
fused	2026-09-26	mac	c-legacy	69673060d	NuGet.Packaging	p=8;a=22;u=0	6	0.4948	0.4872	0.5137	1476902	
fused	2026-09-26	mac	c-legacy	69673060d	Microsoft.CodeAnalysis.CSharp	p=0;a=0;u=0	6	4.2606	4.1431	4.3456	9857177	
fused	2026-09-26	mac	c-legacy	69673060d	System.Private.CoreLib	p=0;a=31;u=1	6	15.2178	14.7875	15.7387	36600362	
fused	2026-09-26	annies-mac-mini	c-hand-separate	69673060d	CommandLine	p=0;a=3;u=0	6	0.1762	0.1750	0.1775	584634	
fused	2026-09-26	annies-mac-mini	c-hand-separate	69673060d	Humanizer	p=0;a=0;u=0	6	0.2107	0.2058	0.2123	640586	
fused	2026-09-26	annies-mac-mini	c-hand-separate	69673060d	Mono.Cecil	p=0;a=0;u=0	6	0.2247	0.2212	0.2252	261650	
fused	2026-09-26	annies-mac-mini	c-hand-separate	69673060d	Newtonsoft.Json	p=0;a=11;u=0	6	0.5946	0.5787	0.5996	1687499	
fused	2026-09-26	annies-mac-mini	c-hand-separate	69673060d	System.Text.Json	p=0;a=8;u=0	6	0.5344	0.5175	0.5367	1661793	
fused	2026-09-26	annies-mac-mini	c-hand-separate	69673060d	NuGet.Packaging	p=8;a=22;u=0	6	0.3134	0.3019	0.3159	602762	
fused	2026-09-26	annies-mac-mini	c-hand-separate	69673060d	Microsoft.CodeAnalysis.CSharp	p=0;a=0;u=0	6	3.8204	3.7172	3.8583	5664119	
fused	2026-09-26	annies-mac-mini	c-hand-separate	69673060d	System.Private.CoreLib	p=0;a=31;u=1	6	3.7227	3.6187	3.7508	8878191	
fused	2026-09-26	annies-mac-mini	c-hand-fused	69673060d	CommandLine	p=0;a=3;u=0	6	0.0944	0.0938	0.0949	330154	
fused	2026-09-26	annies-mac-mini	c-hand-fused	69673060d	Humanizer	p=0;a=0;u=0	6	0.1032	0.1022	0.1037	343754	
fused	2026-09-26	annies-mac-mini	c-hand-fused	69673060d	Mono.Cecil	p=0;a=0;u=0	6	0.1035	0.1018	0.1047	161330	
fused	2026-09-26	annies-mac-mini	c-hand-fused	69673060d	Newtonsoft.Json	p=0;a=11;u=0	6	0.2907	0.2859	0.2923	898354	
fused	2026-09-26	annies-mac-mini	c-hand-fused	69673060d	System.Text.Json	p=0;a=8;u=0	6	0.2608	0.2587	0.2639	881626	
fused	2026-09-26	annies-mac-mini	c-hand-fused	69673060d	NuGet.Packaging	p=8;a=22;u=0	6	0.1446	0.1436	0.1468	337658	
fused	2026-09-26	annies-mac-mini	c-hand-fused	69673060d	Microsoft.CodeAnalysis.CSharp	p=0;a=0;u=0	6	1.9278	1.8948	1.9352	3337368	
fused	2026-09-26	annies-mac-mini	c-hand-fused	69673060d	System.Private.CoreLib	p=0;a=31;u=1	6	3.2246	3.1592	3.2395	8876026	
fused	2026-09-26	annies-mac-mini	c-nlinq-fused	69673060d	CommandLine	p=0;a=3;u=0	6	0.1051	0.1046	0.1061	330154	
fused	2026-09-26	annies-mac-mini	c-nlinq-fused	69673060d	Humanizer	p=0;a=0;u=0	6	0.1133	0.1126	0.1135	343754	
fused	2026-09-26	annies-mac-mini	c-nlinq-fused	69673060d	Mono.Cecil	p=0;a=0;u=0	6	0.1245	0.1237	0.1250	161330	
fused	2026-09-26	annies-mac-mini	c-nlinq-fused	69673060d	Newtonsoft.Json	p=0;a=11;u=0	6	0.3185	0.3166	0.3208	898354	
fused	2026-09-26	annies-mac-mini	c-nlinq-fused	69673060d	System.Text.Json	p=0;a=8;u=0	6	0.2894	0.2879	0.2922	881626	
fused	2026-09-26	annies-mac-mini	c-nlinq-fused	69673060d	NuGet.Packaging	p=8;a=22;u=0	6	0.1721	0.1710	0.1734	337658	
fused	2026-09-26	annies-mac-mini	c-nlinq-fused	69673060d	Microsoft.CodeAnalysis.CSharp	p=0;a=0;u=0	6	2.1582	2.1404	2.1681	3337354	
fused	2026-09-26	annies-mac-mini	c-nlinq-fused	69673060d	System.Private.CoreLib	p=0;a=31;u=1	6	3.4261	3.3782	3.4501	8876028	
fused	2026-09-26	annies-mac-mini	c-planned-separate	69673060d	CommandLine	p=0;a=3;u=0	6	0.2116	0.2107	0.2133	592434	
fused	2026-09-26	annies-mac-mini	c-planned-separate	69673060d	Humanizer	p=0;a=0;u=0	6	0.2447	0.2436	0.2463	648386	
fused	2026-09-26	annies-mac-mini	c-planned-separate	69673060d	Mono.Cecil	p=0;a=0;u=0	6	0.2922	0.2916	0.2941	269450	
fused	2026-09-26	annies-mac-mini	c-planned-separate	69673060d	Newtonsoft.Json	p=0;a=11;u=0	6	0.6840	0.6761	0.6901	1695302	
fused	2026-09-26	annies-mac-mini	c-planned-separate	69673060d	System.Text.Json	p=0;a=8;u=0	6	0.6171	0.6110	0.6220	1669596	
fused	2026-09-26	annies-mac-mini	c-planned-separate	69673060d	NuGet.Packaging	p=8;a=22;u=0	6	0.3935	0.3902	0.3967	610562	
fused	2026-09-26	annies-mac-mini	c-planned-separate	69673060d	Microsoft.CodeAnalysis.CSharp	p=0;a=0;u=0	6	4.6843	4.6405	4.7168	5671907	
fused	2026-09-26	annies-mac-mini	c-planned-separate	69673060d	System.Private.CoreLib	p=0;a=31;u=1	6	4.3490	4.2800	4.3617	8885978	
fused	2026-09-26	annies-mac-mini	c-planned-fused	69673060d	CommandLine	p=0;a=3;u=0	6	0.2041	0.2035	0.2054	585954	
fused	2026-09-26	annies-mac-mini	c-planned-fused	69673060d	Humanizer	p=0;a=0;u=0	6	0.2377	0.2366	0.2394	641906	
fused	2026-09-26	annies-mac-mini	c-planned-fused	69673060d	Mono.Cecil	p=0;a=0;u=0	6	0.2722	0.2708	0.2730	262970	
fused	2026-09-26	annies-mac-mini	c-planned-fused	69673060d	Newtonsoft.Json	p=0;a=11;u=0	6	0.6603	0.6565	0.6683	1688822	
fused	2026-09-26	annies-mac-mini	c-planned-fused	69673060d	System.Text.Json	p=0;a=8;u=0	6	0.5946	0.5910	0.6035	1663115	
fused	2026-09-26	annies-mac-mini	c-planned-fused	69673060d	NuGet.Packaging	p=8;a=22;u=0	6	0.3738	0.3717	0.3777	604082	
fused	2026-09-26	annies-mac-mini	c-planned-fused	69673060d	Microsoft.CodeAnalysis.CSharp	p=0;a=0;u=0	6	4.4287	4.4175	4.4702	5665426	
fused	2026-09-26	annies-mac-mini	c-planned-fused	69673060d	System.Private.CoreLib	p=0;a=31;u=1	6	4.2599	4.2411	4.2970	8879497	
fused	2026-09-26	annies-mac-mini	c-planned-async-only	69673060d	CommandLine	3	6	0.0759	0.0755	0.0768	259274	
fused	2026-09-26	annies-mac-mini	c-planned-async-only	69673060d	Humanizer	0	6	0.0953	0.0948	0.0971	301626	
fused	2026-09-26	annies-mac-mini	c-planned-async-only	69673060d	Mono.Cecil	0	6	0.0958	0.0947	0.0965	105114	
fused	2026-09-26	annies-mac-mini	c-planned-async-only	69673060d	Newtonsoft.Json	11	6	0.2633	0.2621	0.2677	793946	
fused	2026-09-26	annies-mac-mini	c-planned-async-only	69673060d	System.Text.Json	8	6	0.2379	0.2364	0.2417	784970	
fused	2026-09-26	annies-mac-mini	c-planned-async-only	69673060d	NuGet.Packaging	22	6	0.1372	0.1357	0.1383	269898	
fused	2026-09-26	annies-mac-mini	c-planned-async-only	69673060d	Microsoft.CodeAnalysis.CSharp	0	6	1.6311	1.6222	1.6462	2331547	
fused	2026-09-26	annies-mac-mini	c-planned-async-only	69673060d	System.Private.CoreLib	31	6	3.5066	3.4758	3.5183	8874925	
fused	2026-09-26	annies-mac-mini	c-legacy	69673060d	CommandLine	p=0;a=3;u=0	6	0.1926	0.1920	0.1942	613056	
fused	2026-09-26	annies-mac-mini	c-legacy	69673060d	Humanizer	p=0;a=0;u=0	6	0.2094	0.2093	0.2106	761394	
fused	2026-09-26	annies-mac-mini	c-legacy	69673060d	Mono.Cecil	p=0;a=0;u=0	6	0.2666	0.2657	0.2671	759850	
fused	2026-09-26	annies-mac-mini	c-legacy	69673060d	Newtonsoft.Json	p=0;a=11;u=0	6	0.5512	0.5466	0.5536	1750375	
fused	2026-09-26	annies-mac-mini	c-legacy	69673060d	System.Text.Json	p=0;a=8;u=0	6	0.4974	0.4959	0.5034	1661529	
fused	2026-09-26	annies-mac-mini	c-legacy	69673060d	NuGet.Packaging	p=8;a=22;u=0	6	0.4841	0.4817	0.4881	1476553	
fused	2026-09-26	annies-mac-mini	c-legacy	69673060d	Microsoft.CodeAnalysis.CSharp	p=0;a=0;u=0	6	4.1524	4.1040	4.1611	9857177	
fused	2026-09-26	annies-mac-mini	c-legacy	69673060d	System.Private.CoreLib	p=0;a=31;u=1	6	14.6814	14.6331	14.7255	36600214	
fused	2026-09-26	merritt	c-hand-separate	69673060d	CommandLine	p=0;a=3;u=0	6	0.1582	0.1550	0.1669	584634	
fused	2026-09-26	merritt	c-hand-separate	69673060d	Humanizer	p=0;a=0;u=0	6	0.1895	0.1841	0.1980	640586	
fused	2026-09-26	merritt	c-hand-separate	69673060d	Mono.Cecil	p=0;a=0;u=0	6	0.2014	0.1970	0.2055	261650	
fused	2026-09-26	merritt	c-hand-separate	69673060d	Newtonsoft.Json	p=0;a=11;u=0	6	0.5554	0.5380	0.5645	1687498	
fused	2026-09-26	merritt	c-hand-separate	69673060d	System.Text.Json	p=0;a=8;u=0	6	0.4762	0.4681	0.4922	1661806	
fused	2026-09-26	merritt	c-hand-separate	69673060d	NuGet.Packaging	p=8;a=22;u=0	6	0.2896	0.2858	0.2952	602762	
fused	2026-09-26	merritt	c-hand-separate	69673060d	Microsoft.CodeAnalysis.CSharp	p=0;a=0;u=0	6	3.5416	3.4902	3.5953	5664117	
fused	2026-09-26	merritt	c-hand-separate	69673060d	System.Private.CoreLib	p=0;a=31;u=1	6	3.1817	3.1068	3.3772	8878186	
fused	2026-09-26	merritt	c-hand-fused	69673060d	CommandLine	p=0;a=3;u=0	6	0.0869	0.0844	0.0946	330154	
fused	2026-09-26	merritt	c-hand-fused	69673060d	Humanizer	p=0;a=0;u=0	6	0.0920	0.0910	0.1006	343754	
fused	2026-09-26	merritt	c-hand-fused	69673060d	Mono.Cecil	p=0;a=0;u=0	6	0.0914	0.0903	0.0960	161330	
fused	2026-09-26	merritt	c-hand-fused	69673060d	Newtonsoft.Json	p=0;a=11;u=0	6	0.2620	0.2580	0.2787	898354	
fused	2026-09-26	merritt	c-hand-fused	69673060d	System.Text.Json	p=0;a=8;u=0	6	0.2332	0.2276	0.2513	881626	
fused	2026-09-26	merritt	c-hand-fused	69673060d	NuGet.Packaging	p=8;a=22;u=0	6	0.1290	0.1267	0.1364	337658	
fused	2026-09-26	merritt	c-hand-fused	69673060d	Microsoft.CodeAnalysis.CSharp	p=0;a=0;u=0	6	1.8041	1.7769	1.9079	3337365	
fused	2026-09-26	merritt	c-hand-fused	69673060d	System.Private.CoreLib	p=0;a=31;u=1	6	2.6704	2.6502	2.9050	8876022	
fused	2026-09-26	merritt	c-nlinq-fused	69673060d	CommandLine	p=0;a=3;u=0	6	0.1038	0.1035	0.1080	330154	
fused	2026-09-26	merritt	c-nlinq-fused	69673060d	Humanizer	p=0;a=0;u=0	6	0.1102	0.1098	0.1158	343754	
fused	2026-09-26	merritt	c-nlinq-fused	69673060d	Mono.Cecil	p=0;a=0;u=0	6	0.1275	0.1272	0.1312	161330	
fused	2026-09-26	merritt	c-nlinq-fused	69673060d	Newtonsoft.Json	p=0;a=11;u=0	6	0.3138	0.3101	0.3288	898354	
fused	2026-09-26	merritt	c-nlinq-fused	69673060d	System.Text.Json	p=0;a=8;u=0	6	0.2780	0.2731	0.2985	881626	
fused	2026-09-26	merritt	c-nlinq-fused	69673060d	NuGet.Packaging	p=8;a=22;u=0	6	0.1758	0.1733	0.1867	337658	
fused	2026-09-26	merritt	c-nlinq-fused	69673060d	Microsoft.CodeAnalysis.CSharp	p=0;a=0;u=0	6	2.2714	2.2435	2.4166	3337354	
fused	2026-09-26	merritt	c-nlinq-fused	69673060d	System.Private.CoreLib	p=0;a=31;u=1	6	3.0415	3.0140	3.2506	8876025	
fused	2026-09-26	merritt	c-planned-separate	69673060d	CommandLine	p=0;a=3;u=0	6	0.2010	0.1978	0.2132	592434	
fused	2026-09-26	merritt	c-planned-separate	69673060d	Humanizer	p=0;a=0;u=0	6	0.2291	0.2273	0.2431	648386	
fused	2026-09-26	merritt	c-planned-separate	69673060d	Mono.Cecil	p=0;a=0;u=0	6	0.2818	0.2800	0.2941	269450	
fused	2026-09-26	merritt	c-planned-separate	69673060d	Newtonsoft.Json	p=0;a=11;u=0	6	0.6555	0.6500	0.6983	1695301	
fused	2026-09-26	merritt	c-planned-separate	69673060d	System.Text.Json	p=0;a=8;u=0	6	0.5820	0.5741	0.5984	1669595	
fused	2026-09-26	merritt	c-planned-separate	69673060d	NuGet.Packaging	p=8;a=22;u=0	6	0.3851	0.3836	0.3874	610562	
fused	2026-09-26	merritt	c-planned-separate	69673060d	Microsoft.CodeAnalysis.CSharp	p=0;a=0;u=0	6	4.5310	4.5009	4.6263	5671907	
fused	2026-09-26	merritt	c-planned-separate	69673060d	System.Private.CoreLib	p=0;a=31;u=1	6	3.8912	3.8768	3.9730	8885992	
fused	2026-09-26	merritt	c-planned-fused	69673060d	CommandLine	p=0;a=3;u=0	6	0.1904	0.1894	0.1917	585954	
fused	2026-09-26	merritt	c-planned-fused	69673060d	Humanizer	p=0;a=0;u=0	6	0.2157	0.2153	0.2197	641906	
fused	2026-09-26	merritt	c-planned-fused	69673060d	Mono.Cecil	p=0;a=0;u=0	6	0.2497	0.2484	0.2544	262970	
fused	2026-09-26	merritt	c-planned-fused	69673060d	Newtonsoft.Json	p=0;a=11;u=0	6	0.6092	0.6047	0.6141	1688820	
fused	2026-09-26	merritt	c-planned-fused	69673060d	System.Text.Json	p=0;a=8;u=0	6	0.5401	0.5337	0.5467	1663113	
fused	2026-09-26	merritt	c-planned-fused	69673060d	NuGet.Packaging	p=8;a=22;u=0	6	0.3477	0.3438	0.3497	604082	
fused	2026-09-26	merritt	c-planned-fused	69673060d	Microsoft.CodeAnalysis.CSharp	p=0;a=0;u=0	6	4.1726	4.1190	4.1995	5665425	
fused	2026-09-26	merritt	c-planned-fused	69673060d	System.Private.CoreLib	p=0;a=31;u=1	6	3.7733	3.7236	3.8012	8879511	
fused	2026-09-26	merritt	c-planned-async-only	69673060d	CommandLine	3	6	0.0692	0.0686	0.0732	259274	
fused	2026-09-26	merritt	c-planned-async-only	69673060d	Humanizer	0	6	0.0859	0.0853	0.0889	301626	
fused	2026-09-26	merritt	c-planned-async-only	69673060d	Mono.Cecil	0	6	0.0898	0.0889	0.0915	105114	
fused	2026-09-26	merritt	c-planned-async-only	69673060d	Newtonsoft.Json	11	6	0.2434	0.2404	0.2571	793946	
fused	2026-09-26	merritt	c-planned-async-only	69673060d	System.Text.Json	8	6	0.2163	0.2143	0.2248	784970	
fused	2026-09-26	merritt	c-planned-async-only	69673060d	NuGet.Packaging	22	6	0.1283	0.1273	0.1322	269898	
fused	2026-09-26	merritt	c-planned-async-only	69673060d	Microsoft.CodeAnalysis.CSharp	0	6	1.5433	1.5408	1.5644	2331545	
fused	2026-09-26	merritt	c-planned-async-only	69673060d	System.Private.CoreLib	31	6	3.0077	2.9855	3.0817	8874920	
fused	2026-09-26	merritt	c-legacy	69673060d	CommandLine	p=0;a=3;u=0	6	0.1809	0.1775	0.1874	613161	
fused	2026-09-26	merritt	c-legacy	69673060d	Humanizer	p=0;a=0;u=0	6	0.1966	0.1948	0.2042	761394	
fused	2026-09-26	merritt	c-legacy	69673060d	Mono.Cecil	p=0;a=0;u=0	6	0.2505	0.2476	0.2526	759850	
fused	2026-09-26	merritt	c-legacy	69673060d	Newtonsoft.Json	p=0;a=11;u=0	6	0.5501	0.5430	0.5717	1749906	
fused	2026-09-26	merritt	c-legacy	69673060d	System.Text.Json	p=0;a=8;u=0	6	0.4946	0.4898	0.5003	1661741	
fused	2026-09-26	merritt	c-legacy	69673060d	NuGet.Packaging	p=8;a=22;u=0	6	0.4961	0.4849	0.5048	1476303	
fused	2026-09-26	merritt	c-legacy	69673060d	Microsoft.CodeAnalysis.CSharp	p=0;a=0;u=0	6	3.8086	3.7735	3.8491	9857191	
fused	2026-09-26	merritt	c-legacy	69673060d	System.Private.CoreLib	p=0;a=31;u=1	6	13.5984	13.1727	15.0746	36600031	
fused	2026-09-26	fernie	c-hand-separate	69673060d	CommandLine	p=0;a=3;u=0	6	0.3368	0.3364	0.3378	584634	
fused	2026-09-26	fernie	c-hand-separate	69673060d	Humanizer	p=0;a=0;u=0	6	0.4030	0.4021	0.4036	640587	
fused	2026-09-26	fernie	c-hand-separate	69673060d	Mono.Cecil	p=0;a=0;u=0	6	0.4160	0.4147	0.4162	261651	
fused	2026-09-26	fernie	c-hand-separate	69673060d	Newtonsoft.Json	p=0;a=11;u=0	6	1.1004	1.0989	1.1020	1687498	
fused	2026-09-26	fernie	c-hand-separate	69673060d	System.Text.Json	p=0;a=8;u=0	6	0.9662	0.9645	0.9818	1661792	
fused	2026-09-26	fernie	c-hand-separate	69673060d	NuGet.Packaging	p=8;a=22;u=0	6	0.5847	0.5845	0.5857	602755	
fused	2026-09-26	fernie	c-hand-separate	69673060d	Microsoft.CodeAnalysis.CSharp	p=0;a=0;u=0	6	6.7273	6.7160	6.7544	5664116	
fused	2026-09-26	fernie	c-hand-separate	69673060d	System.Private.CoreLib	p=0;a=31;u=1	6	6.3965	6.3918	6.4422	8878187	
fused	2026-09-26	fernie	c-hand-fused	69673060d	CommandLine	p=0;a=3;u=0	6	0.1796	0.1792	0.1840	330154	
fused	2026-09-26	fernie	c-hand-fused	69673060d	Humanizer	p=0;a=0;u=0	6	0.1953	0.1952	0.1960	343754	
fused	2026-09-26	fernie	c-hand-fused	69673060d	Mono.Cecil	p=0;a=0;u=0	6	0.1893	0.1888	0.2002	161330	
fused	2026-09-26	fernie	c-hand-fused	69673060d	Newtonsoft.Json	p=0;a=11;u=0	6	0.5403	0.5399	0.5723	898346	
fused	2026-09-26	fernie	c-hand-fused	69673060d	System.Text.Json	p=0;a=8;u=0	6	0.4784	0.4776	0.4852	881623	
fused	2026-09-26	fernie	c-hand-fused	69673060d	NuGet.Packaging	p=8;a=22;u=0	6	0.2775	0.2768	0.2936	337658	
fused	2026-09-26	fernie	c-hand-fused	69673060d	Microsoft.CodeAnalysis.CSharp	p=0;a=0;u=0	6	3.3228	3.3181	3.3960	3337363	
fused	2026-09-26	fernie	c-hand-fused	69673060d	System.Private.CoreLib	p=0;a=31;u=1	6	5.4405	5.4342	5.6262	8876023	
fused	2026-09-26	fernie	c-nlinq-fused	69673060d	CommandLine	p=0;a=3;u=0	6	0.2089	0.2072	0.2164	330154	
fused	2026-09-26	fernie	c-nlinq-fused	69673060d	Humanizer	p=0;a=0;u=0	6	0.2218	0.2215	0.2224	343754	
fused	2026-09-26	fernie	c-nlinq-fused	69673060d	Mono.Cecil	p=0;a=0;u=0	6	0.2404	0.2402	0.2411	161330	
fused	2026-09-26	fernie	c-nlinq-fused	69673060d	Newtonsoft.Json	p=0;a=11;u=0	6	0.6097	0.6089	0.6529	898348	
fused	2026-09-26	fernie	c-nlinq-fused	69673060d	System.Text.Json	p=0;a=8;u=0	6	0.5443	0.5414	0.5859	881618	
fused	2026-09-26	fernie	c-nlinq-fused	69673060d	NuGet.Packaging	p=8;a=22;u=0	6	0.3419	0.3412	0.3435	337658	
fused	2026-09-26	fernie	c-nlinq-fused	69673060d	Microsoft.CodeAnalysis.CSharp	p=0;a=0;u=0	6	4.0579	4.0537	4.4385	3337353	
fused	2026-09-26	fernie	c-nlinq-fused	69673060d	System.Private.CoreLib	p=0;a=31;u=1	6	6.0504	6.0349	6.5728	8876025	
fused	2026-09-26	fernie	c-planned-separate	69673060d	CommandLine	p=0;a=3;u=0	6	0.4073	0.4066	0.4091	592435	
fused	2026-09-26	fernie	c-planned-separate	69673060d	Humanizer	p=0;a=0;u=0	6	0.4704	0.4700	0.4720	648391	
fused	2026-09-26	fernie	c-planned-separate	69673060d	Mono.Cecil	p=0;a=0;u=0	6	0.5436	0.5432	0.5454	269442	
fused	2026-09-26	fernie	c-planned-separate	69673060d	Newtonsoft.Json	p=0;a=11;u=0	6	1.2711	1.2684	1.2757	1695301	
fused	2026-09-26	fernie	c-planned-separate	69673060d	System.Text.Json	p=0;a=8;u=0	6	1.1208	1.1197	1.1245	1669594	
fused	2026-09-26	fernie	c-planned-separate	69673060d	NuGet.Packaging	p=8;a=22;u=0	6	0.7414	0.7403	0.7765	610560	
fused	2026-09-26	fernie	c-planned-separate	69673060d	Microsoft.CodeAnalysis.CSharp	p=0;a=0;u=0	6	8.5157	8.4934	8.5259	5671906	
fused	2026-09-26	fernie	c-planned-separate	69673060d	System.Private.CoreLib	p=0;a=31;u=1	6	7.7062	7.6776	7.9044	8885992	
fused	2026-09-26	fernie	c-planned-fused	69673060d	CommandLine	p=0;a=3;u=0	6	0.3883	0.3874	0.3892	585954	
fused	2026-09-26	fernie	c-planned-fused	69673060d	Humanizer	p=0;a=0;u=0	6	0.4572	0.4564	0.4581	641910	
fused	2026-09-26	fernie	c-planned-fused	69673060d	Mono.Cecil	p=0;a=0;u=0	6	0.5140	0.5131	0.5250	262961	
fused	2026-09-26	fernie	c-planned-fused	69673060d	Newtonsoft.Json	p=0;a=11;u=0	6	1.2161	1.2151	1.2201	1688820	
fused	2026-09-26	fernie	c-planned-fused	69673060d	System.Text.Json	p=0;a=8;u=0	6	1.0746	1.0731	1.1285	1663114	
fused	2026-09-26	fernie	c-planned-fused	69673060d	NuGet.Packaging	p=8;a=22;u=0	6	0.6902	0.6890	0.7043	604079	
fused	2026-09-26	fernie	c-planned-fused	69673060d	Microsoft.CodeAnalysis.CSharp	p=0;a=0;u=0	6	8.0818	8.0611	8.1066	5665425	
fused	2026-09-26	fernie	c-planned-fused	69673060d	System.Private.CoreLib	p=0;a=31;u=1	6	7.5831	7.5626	7.6390	8879512	
fused	2026-09-26	fernie	c-planned-async-only	69673060d	CommandLine	3	6	0.1458	0.1455	0.1479	259274	
fused	2026-09-26	fernie	c-planned-async-only	69673060d	Humanizer	0	6	0.1809	0.1806	0.1812	301626	
fused	2026-09-26	fernie	c-planned-async-only	69673060d	Mono.Cecil	0	6	0.1790	0.1788	0.1792	105114	
fused	2026-09-26	fernie	c-planned-async-only	69673060d	Newtonsoft.Json	11	6	0.5018	0.5012	0.5022	793936	
fused	2026-09-26	fernie	c-planned-async-only	69673060d	System.Text.Json	8	6	0.4384	0.4374	0.4387	784973	
fused	2026-09-26	fernie	c-planned-async-only	69673060d	NuGet.Packaging	22	6	0.2664	0.2658	0.2667	269898	
fused	2026-09-26	fernie	c-planned-async-only	69673060d	Microsoft.CodeAnalysis.CSharp	0	6	2.9398	2.9290	2.9730	2331544	
fused	2026-09-26	fernie	c-planned-async-only	69673060d	System.Private.CoreLib	31	6	6.0553	6.0489	6.0807	8874921	
fused	2026-09-26	fernie	c-legacy	69673060d	CommandLine	p=0;a=3;u=0	6	0.3654	0.3645	0.3669	613130	
fused	2026-09-26	fernie	c-legacy	69673060d	Humanizer	p=0;a=0;u=0	6	0.3835	0.3825	0.3849	761394	
fused	2026-09-26	fernie	c-legacy	69673060d	Mono.Cecil	p=0;a=0;u=0	6	0.4742	0.4728	0.4758	759840	
fused	2026-09-26	fernie	c-legacy	69673060d	Newtonsoft.Json	p=0;a=11;u=0	6	0.9997	0.9946	1.0036	1749853	
fused	2026-09-26	fernie	c-legacy	69673060d	System.Text.Json	p=0;a=8;u=0	6	0.9002	0.8989	0.9059	1661495	
fused	2026-09-26	fernie	c-legacy	69673060d	NuGet.Packaging	p=8;a=22;u=0	6	0.9028	0.8957	0.9077	1476651	
fused	2026-09-26	fernie	c-legacy	69673060d	Microsoft.CodeAnalysis.CSharp	p=0;a=0;u=0	6	6.5366	6.4785	6.5745	9857187	
fused	2026-09-26	fernie	c-legacy	69673060d	System.Private.CoreLib	p=0;a=31;u=1	6	24.9187	24.6543	25.1175	36600243	
fusedA	2026-09-26	mac	c-hand-separate	b02c00d4f	CommandLine	p=0;a=3;u=0	6	0.1826	0.1758	0.1851	584634	
fusedA	2026-09-26	mac	c-hand-separate	b02c00d4f	Humanizer	p=0;a=0;u=0	6	0.2181	0.2119	0.2191	640586	
fusedA	2026-09-26	mac	c-hand-separate	b02c00d4f	Mono.Cecil	p=0;a=0;u=0	6	0.2304	0.2272	0.2321	261650	
fusedA	2026-09-26	mac	c-hand-separate	b02c00d4f	Newtonsoft.Json	p=0;a=11;u=0	6	0.6276	0.6149	0.6587	1687501	
fusedA	2026-09-26	mac	c-hand-separate	b02c00d4f	System.Text.Json	p=0;a=8;u=0	6	0.5544	0.5449	0.5984	1661794	
fusedA	2026-09-26	mac	c-hand-separate	b02c00d4f	NuGet.Packaging	p=8;a=22;u=0	6	0.3251	0.3215	0.3407	602762	
fusedA	2026-09-26	mac	c-hand-separate	b02c00d4f	Microsoft.CodeAnalysis.CSharp	p=0;a=0;u=0	6	4.0254	3.8660	5.1059	5664105	
fusedA	2026-09-26	mac	c-hand-separate	b02c00d4f	System.Private.CoreLib	p=0;a=31;u=1	6	3.9236	3.7777	4.5641	8878179	
fusedA	2026-09-26	mac	c-hand-fused	b02c00d4f	CommandLine	p=0;a=3;u=0	6	0.0984	0.0949	0.1000	330154	
fusedA	2026-09-26	mac	c-hand-fused	b02c00d4f	Humanizer	p=0;a=0;u=0	6	0.1061	0.1045	0.1079	343754	
fusedA	2026-09-26	mac	c-hand-fused	b02c00d4f	Mono.Cecil	p=0;a=0;u=0	6	0.1058	0.1048	0.1086	161330	
fusedA	2026-09-26	mac	c-hand-fused	b02c00d4f	Newtonsoft.Json	p=0;a=11;u=0	6	0.3012	0.2922	0.3234	898354	
fusedA	2026-09-26	mac	c-hand-fused	b02c00d4f	System.Text.Json	p=0;a=8;u=0	6	0.2661	0.2625	0.2885	881626	
fusedA	2026-09-26	mac	c-hand-fused	b02c00d4f	NuGet.Packaging	p=8;a=22;u=0	6	0.1487	0.1459	0.1537	337658	
fusedA	2026-09-26	mac	c-hand-fused	b02c00d4f	Microsoft.CodeAnalysis.CSharp	p=0;a=0;u=0	6	2.0318	1.9656	2.1666	3337354	
fusedA	2026-09-26	mac	c-hand-fused	b02c00d4f	System.Private.CoreLib	p=0;a=31;u=1	6	3.4026	3.3024	3.5842	8876027	
fusedA	2026-09-26	mac	c-nlinq-fused	b02c00d4f	CommandLine	p=0;a=3;u=0	6	0.1094	0.1078	0.1121	330154	
fusedA	2026-09-26	mac	c-nlinq-fused	b02c00d4f	Humanizer	p=0;a=0;u=0	6	0.1169	0.1132	0.1191	343754	
fusedA	2026-09-26	mac	c-nlinq-fused	b02c00d4f	Mono.Cecil	p=0;a=0;u=0	6	0.1271	0.1248	0.1298	161330	
fusedA	2026-09-26	mac	c-nlinq-fused	b02c00d4f	Newtonsoft.Json	p=0;a=11;u=0	6	0.3328	0.3261	0.3431	898354	
fusedA	2026-09-26	mac	c-nlinq-fused	b02c00d4f	System.Text.Json	p=0;a=8;u=0	6	0.2986	0.2939	0.3094	881626	
fusedA	2026-09-26	mac	c-nlinq-fused	b02c00d4f	NuGet.Packaging	p=8;a=22;u=0	6	0.1789	0.1750	0.1812	337658	
fusedA	2026-09-26	mac	c-nlinq-fused	b02c00d4f	Microsoft.CodeAnalysis.CSharp	p=0;a=0;u=0	6	2.3036	2.1923	2.4431	3337357	
fusedA	2026-09-26	mac	c-nlinq-fused	b02c00d4f	System.Private.CoreLib	p=0;a=31;u=1	6	3.6803	3.5127	3.8795	8876027	
fusedA	2026-09-26	mac	c-planned-separate	b02c00d4f	CommandLine	p=0;a=3;u=0	6	0.2296	0.2263	0.2330	592434	
fusedA	2026-09-26	mac	c-planned-separate	b02c00d4f	Humanizer	p=0;a=0;u=0	6	0.2644	0.2612	0.2696	648386	
fusedA	2026-09-26	mac	c-planned-separate	b02c00d4f	Mono.Cecil	p=0;a=0;u=0	6	0.3228	0.3116	0.3255	269448	
fusedA	2026-09-26	mac	c-planned-separate	b02c00d4f	Newtonsoft.Json	p=0;a=11;u=0	6	0.7431	0.7136	0.7802	1695306	
fusedA	2026-09-26	mac	c-planned-separate	b02c00d4f	System.Text.Json	p=0;a=8;u=0	6	0.6838	0.6349	0.7000	1669602	
fusedA	2026-09-26	mac	c-planned-separate	b02c00d4f	NuGet.Packaging	p=8;a=22;u=0	6	0.4308	0.4234	0.4601	610558	
fusedA	2026-09-26	mac	c-planned-separate	b02c00d4f	Microsoft.CodeAnalysis.CSharp	p=0;a=0;u=0	6	5.2479	5.0045	5.7560	5671915	
fusedA	2026-09-26	mac	c-planned-separate	b02c00d4f	System.Private.CoreLib	p=0;a=31;u=1	6	4.7791	4.6218	5.2330	8885982	
fusedA	2026-09-26	mac	c-planned-fused	b02c00d4f	CommandLine	p=0;a=3;u=0	6	0.2218	0.2173	0.2290	585954	
fusedA	2026-09-26	mac	c-planned-fused	b02c00d4f	Humanizer	p=0;a=0;u=0	6	0.2560	0.2502	0.2592	641906	
fusedA	2026-09-26	mac	c-planned-fused	b02c00d4f	Mono.Cecil	p=0;a=0;u=0	6	0.2986	0.2920	0.3044	262970	
fusedA	2026-09-26	mac	c-planned-fused	b02c00d4f	Newtonsoft.Json	p=0;a=11;u=0	6	0.7164	0.6937	0.7410	1688826	
fusedA	2026-09-26	mac	c-planned-fused	b02c00d4f	System.Text.Json	p=0;a=8;u=0	6	0.6443	0.6217	0.6795	1663119	
fusedA	2026-09-26	mac	c-planned-fused	b02c00d4f	NuGet.Packaging	p=8;a=22;u=0	6	0.4104	0.3908	0.4325	604081	
fusedA	2026-09-26	mac	c-planned-fused	b02c00d4f	Microsoft.CodeAnalysis.CSharp	p=0;a=0;u=0	6	5.0252	4.7371	5.7920	5665430	
fusedA	2026-09-26	mac	c-planned-fused	b02c00d4f	System.Private.CoreLib	p=0;a=31;u=1	6	4.7520	4.4328	5.2936	8879500	
fusedA	2026-09-26	mac	c-planned-fused-shared	b02c00d4f	CommandLine	p=0;a=3;u=0	6	0.2132	0.2050	0.2243	404970	
fusedA	2026-09-26	mac	c-planned-fused-shared	b02c00d4f	Humanizer	p=0;a=0;u=0	6	0.2249	0.2208	0.2370	418570	
fusedA	2026-09-26	mac	c-planned-fused-shared	b02c00d4f	Mono.Cecil	p=0;a=0;u=0	6	0.3346	0.3320	0.3551	317178	
fusedA	2026-09-26	mac	c-planned-fused-shared	b02c00d4f	Newtonsoft.Json	p=0;a=11;u=0	6	0.6226	0.6110	0.6612	1222630	
fusedA	2026-09-26	mac	c-planned-fused-shared	b02c00d4f	System.Text.Json	p=0;a=8;u=0	6	0.5614	0.5533	0.5945	1037470	
fusedA	2026-09-26	mac	c-planned-fused-shared	b02c00d4f	NuGet.Packaging	p=8;a=22;u=0	6	0.4347	0.4292	0.4757	493509	
fusedA	2026-09-26	mac	c-planned-fused-shared	b02c00d4f	Microsoft.CodeAnalysis.CSharp	p=0;a=0;u=0	6	5.3351	5.0553	6.6627	6247956	
fusedA	2026-09-26	mac	c-planned-fused-shared	b02c00d4f	System.Private.CoreLib	p=0;a=31;u=1	6	5.6313	5.2690	6.9995	11786547	
fusedA	2026-09-26	mac	c-legacy	b02c00d4f	CommandLine	p=0;a=3;u=0	6	0.1991	0.1944	0.2162	613130	
fusedA	2026-09-26	mac	c-legacy	b02c00d4f	Humanizer	p=0;a=0;u=0	6	0.2142	0.2107	0.2264	761394	
fusedA	2026-09-26	mac	c-legacy	b02c00d4f	Mono.Cecil	p=0;a=0;u=0	6	0.2749	0.2712	0.2996	759850	
fusedA	2026-09-26	mac	c-legacy	b02c00d4f	Newtonsoft.Json	p=0;a=11;u=0	6	0.5789	0.5572	0.6813	1749859	
fusedA	2026-09-26	mac	c-legacy	b02c00d4f	System.Text.Json	p=0;a=8;u=0	6	0.5280	0.5014	0.6060	1661527	
fusedA	2026-09-26	mac	c-legacy	b02c00d4f	NuGet.Packaging	p=8;a=22;u=0	6	0.5293	0.4891	0.5756	1476800	
fusedA	2026-09-26	mac	c-legacy	b02c00d4f	Microsoft.CodeAnalysis.CSharp	p=0;a=0;u=0	6	4.5311	4.1752	5.0152	9857182	
fusedA	2026-09-26	mac	c-legacy	b02c00d4f	System.Private.CoreLib	p=0;a=31;u=1	6	18.9830	15.0789	25.6982	36600051	
fusedA	2026-09-26	annies-mac-mini	c-hand-separate	b02c00d4f	CommandLine	p=0;a=3;u=0	6	0.1756	0.1738	0.1777	584634	
fusedA	2026-09-26	annies-mac-mini	c-hand-separate	b02c00d4f	Humanizer	p=0;a=0;u=0	6	0.2092	0.2086	0.2135	640586	
fusedA	2026-09-26	annies-mac-mini	c-hand-separate	b02c00d4f	Mono.Cecil	p=0;a=0;u=0	6	0.2234	0.2209	0.2277	261650	
fusedA	2026-09-26	annies-mac-mini	c-hand-separate	b02c00d4f	Newtonsoft.Json	p=0;a=11;u=0	6	0.5941	0.5845	0.6075	1687499	
fusedA	2026-09-26	annies-mac-mini	c-hand-separate	b02c00d4f	System.Text.Json	p=0;a=8;u=0	6	0.5313	0.5221	0.5474	1661793	
fusedA	2026-09-26	annies-mac-mini	c-hand-separate	b02c00d4f	NuGet.Packaging	p=8;a=22;u=0	6	0.3130	0.3100	0.3226	602762	
fusedA	2026-09-26	annies-mac-mini	c-hand-separate	b02c00d4f	Microsoft.CodeAnalysis.CSharp	p=0;a=0;u=0	6	3.8305	3.7545	3.9232	5664119	
fusedA	2026-09-26	annies-mac-mini	c-hand-separate	b02c00d4f	System.Private.CoreLib	p=0;a=31;u=1	6	3.7666	3.6732	3.8327	8878191	
fusedA	2026-09-26	annies-mac-mini	c-hand-fused	b02c00d4f	CommandLine	p=0;a=3;u=0	6	0.0956	0.0945	0.0970	330154	
fusedA	2026-09-26	annies-mac-mini	c-hand-fused	b02c00d4f	Humanizer	p=0;a=0;u=0	6	0.1037	0.1022	0.1052	343754	
fusedA	2026-09-26	annies-mac-mini	c-hand-fused	b02c00d4f	Mono.Cecil	p=0;a=0;u=0	6	0.1040	0.1035	0.1060	161330	
fusedA	2026-09-26	annies-mac-mini	c-hand-fused	b02c00d4f	Newtonsoft.Json	p=0;a=11;u=0	6	0.2902	0.2875	0.2955	898354	
fusedA	2026-09-26	annies-mac-mini	c-hand-fused	b02c00d4f	System.Text.Json	p=0;a=8;u=0	6	0.2620	0.2588	0.2631	881626	
fusedA	2026-09-26	annies-mac-mini	c-hand-fused	b02c00d4f	NuGet.Packaging	p=8;a=22;u=0	6	0.1443	0.1407	0.1466	337658	
fusedA	2026-09-26	annies-mac-mini	c-hand-fused	b02c00d4f	Microsoft.CodeAnalysis.CSharp	p=0;a=0;u=0	6	1.9345	1.9138	1.9764	3337359	
fusedA	2026-09-26	annies-mac-mini	c-hand-fused	b02c00d4f	System.Private.CoreLib	p=0;a=31;u=1	6	3.2687	3.2128	3.3592	8876027	
fusedA	2026-09-26	annies-mac-mini	c-nlinq-fused	b02c00d4f	CommandLine	p=0;a=3;u=0	6	0.1066	0.1057	0.1089	330154	
fusedA	2026-09-26	annies-mac-mini	c-nlinq-fused	b02c00d4f	Humanizer	p=0;a=0;u=0	6	0.1135	0.1130	0.1163	343754	
fusedA	2026-09-26	annies-mac-mini	c-nlinq-fused	b02c00d4f	Mono.Cecil	p=0;a=0;u=0	6	0.1251	0.1241	0.1282	161330	
fusedA	2026-09-26	annies-mac-mini	c-nlinq-fused	b02c00d4f	Newtonsoft.Json	p=0;a=11;u=0	6	0.3209	0.3184	0.3336	898354	
fusedA	2026-09-26	annies-mac-mini	c-nlinq-fused	b02c00d4f	System.Text.Json	p=0;a=8;u=0	6	0.2955	0.2897	0.2991	881626	
fusedA	2026-09-26	annies-mac-mini	c-nlinq-fused	b02c00d4f	NuGet.Packaging	p=8;a=22;u=0	6	0.1733	0.1705	0.1805	337658	
fusedA	2026-09-26	annies-mac-mini	c-nlinq-fused	b02c00d4f	Microsoft.CodeAnalysis.CSharp	p=0;a=0;u=0	6	2.1881	2.1536	2.2913	3337354	
fusedA	2026-09-26	annies-mac-mini	c-nlinq-fused	b02c00d4f	System.Private.CoreLib	p=0;a=31;u=1	6	3.5023	3.4111	3.5836	8876028	
fusedA	2026-09-26	annies-mac-mini	c-planned-separate	b02c00d4f	CommandLine	p=0;a=3;u=0	6	0.2203	0.2178	0.2290	592434	
fusedA	2026-09-26	annies-mac-mini	c-planned-separate	b02c00d4f	Humanizer	p=0;a=0;u=0	6	0.2541	0.2507	0.2618	648386	
fusedA	2026-09-26	annies-mac-mini	c-planned-separate	b02c00d4f	Mono.Cecil	p=0;a=0;u=0	6	0.3103	0.3070	0.3197	269450	
fusedA	2026-09-26	annies-mac-mini	c-planned-separate	b02c00d4f	Newtonsoft.Json	p=0;a=11;u=0	6	0.7193	0.7017	0.7370	1695304	
fusedA	2026-09-26	annies-mac-mini	c-planned-separate	b02c00d4f	System.Text.Json	p=0;a=8;u=0	6	0.6469	0.6327	0.6602	1669598	
fusedA	2026-09-26	annies-mac-mini	c-planned-separate	b02c00d4f	NuGet.Packaging	p=8;a=22;u=0	6	0.4147	0.4107	0.4285	610563	
fusedA	2026-09-26	annies-mac-mini	c-planned-separate	b02c00d4f	Microsoft.CodeAnalysis.CSharp	p=0;a=0;u=0	6	4.9688	4.8479	5.0487	5671908	
fusedA	2026-09-26	annies-mac-mini	c-planned-separate	b02c00d4f	System.Private.CoreLib	p=0;a=31;u=1	6	4.4868	4.4218	4.6558	8885979	
fusedA	2026-09-26	annies-mac-mini	c-planned-fused	b02c00d4f	CommandLine	p=0;a=3;u=0	6	0.2120	0.2111	0.2214	585954	
fusedA	2026-09-26	annies-mac-mini	c-planned-fused	b02c00d4f	Humanizer	p=0;a=0;u=0	6	0.2459	0.2434	0.2552	641906	
fusedA	2026-09-26	annies-mac-mini	c-planned-fused	b02c00d4f	Mono.Cecil	p=0;a=0;u=0	6	0.2870	0.2841	0.2958	262970	
fusedA	2026-09-26	annies-mac-mini	c-planned-fused	b02c00d4f	Newtonsoft.Json	p=0;a=11;u=0	6	0.6855	0.6752	0.7091	1688822	
fusedA	2026-09-26	annies-mac-mini	c-planned-fused	b02c00d4f	System.Text.Json	p=0;a=8;u=0	6	0.6193	0.6112	0.6373	1663116	
fusedA	2026-09-26	annies-mac-mini	c-planned-fused	b02c00d4f	NuGet.Packaging	p=8;a=22;u=0	6	0.3935	0.3899	0.4027	604082	
fusedA	2026-09-26	annies-mac-mini	c-planned-fused	b02c00d4f	Microsoft.CodeAnalysis.CSharp	p=0;a=0;u=0	6	4.6341	4.5890	4.8526	5665427	
fusedA	2026-09-26	annies-mac-mini	c-planned-fused	b02c00d4f	System.Private.CoreLib	p=0;a=31;u=1	6	4.3804	4.3576	4.5905	8879498	
fusedA	2026-09-26	annies-mac-mini	c-planned-fused-shared	b02c00d4f	CommandLine	p=0;a=3;u=0	6	0.2068	0.2047	0.2180	404970	
fusedA	2026-09-26	annies-mac-mini	c-planned-fused-shared	b02c00d4f	Humanizer	p=0;a=0;u=0	6	0.2193	0.2176	0.2328	418570	
fusedA	2026-09-26	annies-mac-mini	c-planned-fused-shared	b02c00d4f	Mono.Cecil	p=0;a=0;u=0	6	0.3264	0.3213	0.3370	317178	
fusedA	2026-09-26	annies-mac-mini	c-planned-fused-shared	b02c00d4f	Newtonsoft.Json	p=0;a=11;u=0	6	0.6020	0.5962	0.6173	1222628	
fusedA	2026-09-26	annies-mac-mini	c-planned-fused-shared	b02c00d4f	System.Text.Json	p=0;a=8;u=0	6	0.5444	0.5387	0.5574	1037466	
fusedA	2026-09-26	annies-mac-mini	c-planned-fused-shared	b02c00d4f	NuGet.Packaging	p=8;a=22;u=0	6	0.4264	0.4151	0.4327	493508	
fusedA	2026-09-26	annies-mac-mini	c-planned-fused-shared	b02c00d4f	Microsoft.CodeAnalysis.CSharp	p=0;a=0;u=0	6	5.0481	4.9420	5.1678	6247869	
fusedA	2026-09-26	annies-mac-mini	c-planned-fused-shared	b02c00d4f	System.Private.CoreLib	p=0;a=31;u=1	6	5.1991	5.1291	5.3795	11786522	
fusedA	2026-09-26	annies-mac-mini	c-legacy	b02c00d4f	CommandLine	p=0;a=3;u=0	6	0.1944	0.1919	0.2000	613057	
fusedA	2026-09-26	annies-mac-mini	c-legacy	b02c00d4f	Humanizer	p=0;a=0;u=0	6	0.2092	0.2082	0.2119	761394	
fusedA	2026-09-26	annies-mac-mini	c-legacy	b02c00d4f	Mono.Cecil	p=0;a=0;u=0	6	0.2656	0.2644	0.2675	759850	
fusedA	2026-09-26	annies-mac-mini	c-legacy	b02c00d4f	Newtonsoft.Json	p=0;a=11;u=0	6	0.5510	0.5460	0.5527	1750377	
fusedA	2026-09-26	annies-mac-mini	c-legacy	b02c00d4f	System.Text.Json	p=0;a=8;u=0	6	0.4981	0.4940	0.5139	1661505	
fusedA	2026-09-26	annies-mac-mini	c-legacy	b02c00d4f	NuGet.Packaging	p=8;a=22;u=0	6	0.4848	0.4811	0.5017	1476542	
fusedA	2026-09-26	annies-mac-mini	c-legacy	b02c00d4f	Microsoft.CodeAnalysis.CSharp	p=0;a=0;u=0	6	4.1474	4.1175	4.2190	9857177	
fusedA	2026-09-26	annies-mac-mini	c-legacy	b02c00d4f	System.Private.CoreLib	p=0;a=31;u=1	6	14.6762	14.6476	14.7570	36600246	
fusedA	2026-09-26	merritt	c-hand-separate	b02c00d4f	CommandLine	p=0;a=3;u=0	6	0.1565	0.1542	0.1568	584634	
fusedA	2026-09-26	merritt	c-hand-separate	b02c00d4f	Humanizer	p=0;a=0;u=0	6	0.1865	0.1848	0.1875	640586	
fusedA	2026-09-26	merritt	c-hand-separate	b02c00d4f	Mono.Cecil	p=0;a=0;u=0	6	0.1997	0.1982	0.2005	261650	
fusedA	2026-09-26	merritt	c-hand-separate	b02c00d4f	Newtonsoft.Json	p=0;a=11;u=0	6	0.5543	0.5435	0.5766	1687498	
fusedA	2026-09-26	merritt	c-hand-separate	b02c00d4f	System.Text.Json	p=0;a=8;u=0	6	0.4787	0.4665	0.4819	1661807	
fusedA	2026-09-26	merritt	c-hand-separate	b02c00d4f	NuGet.Packaging	p=8;a=22;u=0	6	0.2853	0.2803	0.2872	602762	
fusedA	2026-09-26	merritt	c-hand-separate	b02c00d4f	Microsoft.CodeAnalysis.CSharp	p=0;a=0;u=0	6	3.5421	3.4851	3.5739	5664117	
fusedA	2026-09-26	merritt	c-hand-separate	b02c00d4f	System.Private.CoreLib	p=0;a=31;u=1	6	3.1692	3.1127	3.2018	8878186	
fusedA	2026-09-26	merritt	c-hand-fused	b02c00d4f	CommandLine	p=0;a=3;u=0	6	0.0844	0.0836	0.0877	330154	
fusedA	2026-09-26	merritt	c-hand-fused	b02c00d4f	Humanizer	p=0;a=0;u=0	6	0.0915	0.0906	0.0946	343754	
fusedA	2026-09-26	merritt	c-hand-fused	b02c00d4f	Mono.Cecil	p=0;a=0;u=0	6	0.0912	0.0899	0.0930	161330	
fusedA	2026-09-26	merritt	c-hand-fused	b02c00d4f	Newtonsoft.Json	p=0;a=11;u=0	6	0.2590	0.2568	0.2622	898354	
fusedA	2026-09-26	merritt	c-hand-fused	b02c00d4f	System.Text.Json	p=0;a=8;u=0	6	0.2298	0.2274	0.2331	881626	
fusedA	2026-09-26	merritt	c-hand-fused	b02c00d4f	NuGet.Packaging	p=8;a=22;u=0	6	0.1290	0.1268	0.1310	337658	
fusedA	2026-09-26	merritt	c-hand-fused	b02c00d4f	Microsoft.CodeAnalysis.CSharp	p=0;a=0;u=0	6	1.7822	1.7701	1.8070	3337365	
fusedA	2026-09-26	merritt	c-hand-fused	b02c00d4f	System.Private.CoreLib	p=0;a=31;u=1	6	2.6940	2.6637	2.7347	8876022	
fusedA	2026-09-26	merritt	c-nlinq-fused	b02c00d4f	CommandLine	p=0;a=3;u=0	6	0.1031	0.1022	0.1036	330154	
fusedA	2026-09-26	merritt	c-nlinq-fused	b02c00d4f	Humanizer	p=0;a=0;u=0	6	0.1099	0.1091	0.1106	343754	
fusedA	2026-09-26	merritt	c-nlinq-fused	b02c00d4f	Mono.Cecil	p=0;a=0;u=0	6	0.1269	0.1247	0.1274	161330	
fusedA	2026-09-26	merritt	c-nlinq-fused	b02c00d4f	Newtonsoft.Json	p=0;a=11;u=0	6	0.3110	0.3076	0.3185	898354	
fusedA	2026-09-26	merritt	c-nlinq-fused	b02c00d4f	System.Text.Json	p=0;a=8;u=0	6	0.2787	0.2732	0.2834	881626	
fusedA	2026-09-26	merritt	c-nlinq-fused	b02c00d4f	NuGet.Packaging	p=8;a=22;u=0	6	0.1751	0.1719	0.1784	337658	
fusedA	2026-09-26	merritt	c-nlinq-fused	b02c00d4f	Microsoft.CodeAnalysis.CSharp	p=0;a=0;u=0	6	2.2573	2.2226	2.2949	3337354	
fusedA	2026-09-26	merritt	c-nlinq-fused	b02c00d4f	System.Private.CoreLib	p=0;a=31;u=1	6	3.1077	3.0426	3.1942	8876025	
fusedA	2026-09-26	merritt	c-planned-separate	b02c00d4f	CommandLine	p=0;a=3;u=0	6	0.2082	0.2063	0.2107	592434	
fusedA	2026-09-26	merritt	c-planned-separate	b02c00d4f	Humanizer	p=0;a=0;u=0	6	0.2374	0.2345	0.2407	648386	
fusedA	2026-09-26	merritt	c-planned-separate	b02c00d4f	Mono.Cecil	p=0;a=0;u=0	6	0.2997	0.2954	0.3009	269450	
fusedA	2026-09-26	merritt	c-planned-separate	b02c00d4f	Newtonsoft.Json	p=0;a=11;u=0	6	0.6806	0.6723	0.6856	1695302	
fusedA	2026-09-26	merritt	c-planned-separate	b02c00d4f	System.Text.Json	p=0;a=8;u=0	6	0.5970	0.5924	0.6025	1669595	
fusedA	2026-09-26	merritt	c-planned-separate	b02c00d4f	NuGet.Packaging	p=8;a=22;u=0	6	0.4057	0.4013	0.4094	610562	
fusedA	2026-09-26	merritt	c-planned-separate	b02c00d4f	Microsoft.CodeAnalysis.CSharp	p=0;a=0;u=0	6	4.7687	4.6920	4.8032	5671908	
fusedA	2026-09-26	merritt	c-planned-separate	b02c00d4f	System.Private.CoreLib	p=0;a=31;u=1	6	3.9647	3.9354	4.0109	8885976	
fusedA	2026-09-26	merritt	c-planned-fused	b02c00d4f	CommandLine	p=0;a=3;u=0	6	0.1996	0.1980	0.2004	585954	
fusedA	2026-09-26	merritt	c-planned-fused	b02c00d4f	Humanizer	p=0;a=0;u=0	6	0.2294	0.2283	0.2321	641906	
fusedA	2026-09-26	merritt	c-planned-fused	b02c00d4f	Mono.Cecil	p=0;a=0;u=0	6	0.2720	0.2699	0.2741	262970	
fusedA	2026-09-26	merritt	c-planned-fused	b02c00d4f	Newtonsoft.Json	p=0;a=11;u=0	6	0.6425	0.6340	0.6492	1688821	
fusedA	2026-09-26	merritt	c-planned-fused	b02c00d4f	System.Text.Json	p=0;a=8;u=0	6	0.5657	0.5590	0.5890	1663114	
fusedA	2026-09-26	merritt	c-planned-fused	b02c00d4f	NuGet.Packaging	p=8;a=22;u=0	6	0.3699	0.3658	0.3730	604082	
fusedA	2026-09-26	merritt	c-planned-fused	b02c00d4f	Microsoft.CodeAnalysis.CSharp	p=0;a=0;u=0	6	4.4580	4.4163	4.4844	5665426	
fusedA	2026-09-26	merritt	c-planned-fused	b02c00d4f	System.Private.CoreLib	p=0;a=31;u=1	6	3.9123	3.8485	3.9278	8879496	
fusedA	2026-09-26	merritt	c-planned-fused-shared	b02c00d4f	CommandLine	p=0;a=3;u=0	6	0.2072	0.2039	0.2131	404970	
fusedA	2026-09-26	merritt	c-planned-fused-shared	b02c00d4f	Humanizer	p=0;a=0;u=0	6	0.2178	0.2144	0.2237	418570	
fusedA	2026-09-26	merritt	c-planned-fused-shared	b02c00d4f	Mono.Cecil	p=0;a=0;u=0	6	0.3326	0.3265	0.3353	317178	
fusedA	2026-09-26	merritt	c-planned-fused-shared	b02c00d4f	Newtonsoft.Json	p=0;a=11;u=0	6	0.6073	0.5990	0.6146	1222628	
fusedA	2026-09-26	merritt	c-planned-fused-shared	b02c00d4f	System.Text.Json	p=0;a=8;u=0	6	0.5369	0.5347	0.5384	1037465	
fusedA	2026-09-26	merritt	c-planned-fused-shared	b02c00d4f	NuGet.Packaging	p=8;a=22;u=0	6	0.4269	0.4241	0.4362	493508	
fusedA	2026-09-26	merritt	c-planned-fused-shared	b02c00d4f	Microsoft.CodeAnalysis.CSharp	p=0;a=0;u=0	6	5.1682	5.1039	5.2892	6247856	
fusedA	2026-09-26	merritt	c-planned-fused-shared	b02c00d4f	System.Private.CoreLib	p=0;a=31;u=1	6	5.1231	5.0530	5.1847	11786519	
fusedA	2026-09-26	merritt	c-legacy	b02c00d4f	CommandLine	p=0;a=3;u=0	6	0.1795	0.1778	0.1802	613161	
fusedA	2026-09-26	merritt	c-legacy	b02c00d4f	Humanizer	p=0;a=0;u=0	6	0.1947	0.1939	0.1970	761394	
fusedA	2026-09-26	merritt	c-legacy	b02c00d4f	Mono.Cecil	p=0;a=0;u=0	6	0.2486	0.2471	0.2561	759850	
fusedA	2026-09-26	merritt	c-legacy	b02c00d4f	Newtonsoft.Json	p=0;a=11;u=0	6	0.5418	0.5405	0.5538	1749906	
fusedA	2026-09-26	merritt	c-legacy	b02c00d4f	System.Text.Json	p=0;a=8;u=0	6	0.4861	0.4829	0.4912	1661750	
fusedA	2026-09-26	merritt	c-legacy	b02c00d4f	NuGet.Packaging	p=8;a=22;u=0	6	0.4913	0.4904	0.4967	1476304	
fusedA	2026-09-26	merritt	c-legacy	b02c00d4f	Microsoft.CodeAnalysis.CSharp	p=0;a=0;u=0	6	3.7547	3.7374	3.8188	9857191	
fusedA	2026-09-26	merritt	c-legacy	b02c00d4f	System.Private.CoreLib	p=0;a=31;u=1	6	13.4015	13.2806	13.4974	36599894	
fusedA	2026-09-26	fernie	c-hand-separate	b02c00d4f	CommandLine	p=0;a=3;u=0	6	0.3690	0.3505	0.6691	584634	load average 10-12 from another workload
fusedA	2026-09-26	fernie	c-hand-separate	b02c00d4f	Humanizer	p=0;a=0;u=0	6	0.4982	0.4264	0.8119	640584	load average 10-12 from another workload
fusedA	2026-09-26	fernie	c-hand-separate	b02c00d4f	Mono.Cecil	p=0;a=0;u=0	6	0.6007	0.4376	0.8313	261649	load average 10-12 from another workload
fusedA	2026-09-26	fernie	c-hand-separate	b02c00d4f	Newtonsoft.Json	p=0;a=11;u=0	6	1.7523	1.1962	2.3789	1687499	load average 10-12 from another workload
fusedA	2026-09-26	fernie	c-hand-separate	b02c00d4f	System.Text.Json	p=0;a=8;u=0	6	1.8607	1.0612	2.2543	1661803	load average 10-12 from another workload
fusedA	2026-09-26	fernie	c-hand-separate	b02c00d4f	NuGet.Packaging	p=8;a=22;u=0	6	0.8975	0.6356	1.1732	602756	load average 10-12 from another workload
fusedA	2026-09-26	fernie	c-hand-separate	b02c00d4f	Microsoft.CodeAnalysis.CSharp	p=0;a=0;u=0	6	12.4680	7.3919	15.0309	5664114	load average 10-12 from another workload
fusedA	2026-09-26	fernie	c-hand-separate	b02c00d4f	System.Private.CoreLib	p=0;a=31;u=1	6	9.9742	7.0449	14.0627	8878189	load average 10-12 from another workload
fusedA	2026-09-26	fernie	c-hand-fused	b02c00d4f	CommandLine	p=0;a=3;u=0	6	0.3522	0.1984	0.3791	330154	load average 10-12 from another workload
fusedA	2026-09-26	fernie	c-hand-fused	b02c00d4f	Humanizer	p=0;a=0;u=0	6	0.3884	0.2136	0.4264	343754	load average 10-12 from another workload
fusedA	2026-09-26	fernie	c-hand-fused	b02c00d4f	Mono.Cecil	p=0;a=0;u=0	6	0.2968	0.2053	0.4134	161330	load average 10-12 from another workload
fusedA	2026-09-26	fernie	c-hand-fused	b02c00d4f	Newtonsoft.Json	p=0;a=11;u=0	6	0.8479	0.5920	1.1536	898348	load average 10-12 from another workload
fusedA	2026-09-26	fernie	c-hand-fused	b02c00d4f	System.Text.Json	p=0;a=8;u=0	6	0.5785	0.5224	1.0264	881621	load average 10-12 from another workload
fusedA	2026-09-26	fernie	c-hand-fused	b02c00d4f	NuGet.Packaging	p=8;a=22;u=0	6	0.3381	0.2937	0.5854	337658	load average 10-12 from another workload
fusedA	2026-09-26	fernie	c-hand-fused	b02c00d4f	Microsoft.CodeAnalysis.CSharp	p=0;a=0;u=0	6	3.9739	3.6501	7.4137	3337362	load average 10-12 from another workload
fusedA	2026-09-26	fernie	c-hand-fused	b02c00d4f	System.Private.CoreLib	p=0;a=31;u=1	6	6.4996	5.9569	10.5548	8876025	load average 10-12 from another workload
fusedA	2026-09-26	fernie	c-nlinq-fused	b02c00d4f	CommandLine	p=0;a=3;u=0	6	0.2300	0.2261	0.4323	330154	load average 10-12 from another workload
fusedA	2026-09-26	fernie	c-nlinq-fused	b02c00d4f	Humanizer	p=0;a=0;u=0	6	0.2418	0.2396	0.4739	343754	load average 10-12 from another workload
fusedA	2026-09-26	fernie	c-nlinq-fused	b02c00d4f	Mono.Cecil	p=0;a=0;u=0	6	0.2635	0.2561	0.4770	161330	load average 10-12 from another workload
fusedA	2026-09-26	fernie	c-nlinq-fused	b02c00d4f	Newtonsoft.Json	p=0;a=11;u=0	6	0.6712	0.6531	0.8692	898352	load average 10-12 from another workload
fusedA	2026-09-26	fernie	c-nlinq-fused	b02c00d4f	System.Text.Json	p=0;a=8;u=0	6	0.5933	0.5839	1.0006	881620	load average 10-12 from another workload
fusedA	2026-09-26	fernie	c-nlinq-fused	b02c00d4f	NuGet.Packaging	p=8;a=22;u=0	6	0.3781	0.3644	0.6600	337658	load average 10-12 from another workload
fusedA	2026-09-26	fernie	c-nlinq-fused	b02c00d4f	Microsoft.CodeAnalysis.CSharp	p=0;a=0;u=0	6	5.0024	4.5231	8.1513	3337358	load average 10-12 from another workload
fusedA	2026-09-26	fernie	c-nlinq-fused	b02c00d4f	System.Private.CoreLib	p=0;a=31;u=1	6	11.1460	6.6314	12.4050	8876024	load average 10-12 from another workload
fusedA	2026-09-26	fernie	c-planned-separate	b02c00d4f	CommandLine	p=0;a=3;u=0	6	0.6488	0.4467	0.8870	592434	load average 10-12 from another workload
fusedA	2026-09-26	fernie	c-planned-separate	b02c00d4f	Humanizer	p=0;a=0;u=0	6	0.6700	0.5174	1.0113	648383	load average 10-12 from another workload
fusedA	2026-09-26	fernie	c-planned-separate	b02c00d4f	Mono.Cecil	p=0;a=0;u=0	6	0.6903	0.6035	1.1539	269445	load average 10-12 from another workload
fusedA	2026-09-26	fernie	c-planned-separate	b02c00d4f	Newtonsoft.Json	p=0;a=11;u=0	6	2.5309	1.4330	2.9904	1695302	load average 10-12 from another workload
fusedA	2026-09-26	fernie	c-planned-separate	b02c00d4f	System.Text.Json	p=0;a=8;u=0	6	2.2713	1.2334	2.6810	1669595	load average 10-12 from another workload
fusedA	2026-09-26	fernie	c-planned-separate	b02c00d4f	NuGet.Packaging	p=8;a=22;u=0	6	1.5134	0.8506	1.6860	610560	load average 10-12 from another workload
fusedA	2026-09-26	fernie	c-planned-separate	b02c00d4f	Microsoft.CodeAnalysis.CSharp	p=0;a=0;u=0	6	17.7161	9.8130	19.6255	5671907	load average 10-12 from another workload
fusedA	2026-09-26	fernie	c-planned-separate	b02c00d4f	System.Private.CoreLib	p=0;a=31;u=1	6	9.3800	8.5006	17.5424	8885979	load average 10-12 from another workload
fusedA	2026-09-26	fernie	c-planned-fused	b02c00d4f	CommandLine	p=0;a=3;u=0	6	0.5180	0.4272	0.8708	585956	load average 10-12 from another workload
fusedA	2026-09-26	fernie	c-planned-fused	b02c00d4f	Humanizer	p=0;a=0;u=0	6	0.5816	0.5108	0.9858	641901	load average 10-12 from another workload
fusedA	2026-09-26	fernie	c-planned-fused	b02c00d4f	Mono.Cecil	p=0;a=0;u=0	6	0.6000	0.5720	1.2104	262963	load average 10-12 from another workload
fusedA	2026-09-26	fernie	c-planned-fused	b02c00d4f	Newtonsoft.Json	p=0;a=11;u=0	6	1.9498	1.3261	2.7223	1688821	load average 10-12 from another workload
fusedA	2026-09-26	fernie	c-planned-fused	b02c00d4f	System.Text.Json	p=0;a=8;u=0	6	1.2329	1.1846	2.5009	1663116	load average 10-12 from another workload
fusedA	2026-09-26	fernie	c-planned-fused	b02c00d4f	NuGet.Packaging	p=8;a=22;u=0	6	0.7935	0.7594	1.5554	604082	load average 10-12 from another workload
fusedA	2026-09-26	fernie	c-planned-fused	b02c00d4f	Microsoft.CodeAnalysis.CSharp	p=0;a=0;u=0	6	14.4905	8.9566	19.3886	5665427	load average 10-12 from another workload
fusedA	2026-09-26	fernie	c-planned-fused	b02c00d4f	System.Private.CoreLib	p=0;a=31;u=1	6	13.6658	8.5071	17.8573	8879499	load average 10-12 from another workload
fusedA	2026-09-26	fernie	c-planned-fused-shared	b02c00d4f	CommandLine	p=0;a=3;u=0	6	0.5173	0.4294	0.9074	404971	load average 10-12 from another workload
fusedA	2026-09-26	fernie	c-planned-fused-shared	b02c00d4f	Humanizer	p=0;a=0;u=0	6	0.5049	0.4671	0.9471	418568	load average 10-12 from another workload
fusedA	2026-09-26	fernie	c-planned-fused-shared	b02c00d4f	Mono.Cecil	p=0;a=0;u=0	6	0.7401	0.6822	1.2979	317175	load average 10-12 from another workload
fusedA	2026-09-26	fernie	c-planned-fused-shared	b02c00d4f	Newtonsoft.Json	p=0;a=11;u=0	6	1.5427	1.2512	2.5375	1222629	load average 10-12 from another workload
fusedA	2026-09-26	fernie	c-planned-fused-shared	b02c00d4f	System.Text.Json	p=0;a=8;u=0	6	1.9673	1.0886	2.2854	1037471	load average 10-12 from another workload
fusedA	2026-09-26	fernie	c-planned-fused-shared	b02c00d4f	NuGet.Packaging	p=8;a=22;u=0	6	1.2265	0.8754	1.8268	493507	load average 10-12 from another workload
fusedA	2026-09-26	fernie	c-planned-fused-shared	b02c00d4f	Microsoft.CodeAnalysis.CSharp	p=0;a=0;u=0	6	12.0547	10.7390	21.6893	6247886	load average 10-12 from another workload
fusedA	2026-09-26	fernie	c-planned-fused-shared	b02c00d4f	System.Private.CoreLib	p=0;a=31;u=1	6	11.5741	11.1876	22.6408	11786559	load average 10-12 from another workload
fusedA	2026-09-26	fernie	c-legacy	b02c00d4f	CommandLine	p=0;a=3;u=0	6	0.5803	0.3959	0.7692	613101	load average 10-12 from another workload
fusedA	2026-09-26	fernie	c-legacy	b02c00d4f	Humanizer	p=0;a=0;u=0	6	0.7594	0.4237	0.8097	761394	load average 10-12 from another workload
fusedA	2026-09-26	fernie	c-legacy	b02c00d4f	Mono.Cecil	p=0;a=0;u=0	6	0.5384	0.5048	0.9964	759841	load average 10-12 from another workload
fusedA	2026-09-26	fernie	c-legacy	b02c00d4f	Newtonsoft.Json	p=0;a=11;u=0	6	1.2302	1.0623	2.1647	1750151	load average 10-12 from another workload
fusedA	2026-09-26	fernie	c-legacy	b02c00d4f	System.Text.Json	p=0;a=8;u=0	6	1.2113	0.9935	1.9326	1661807	load average 10-12 from another workload
fusedA	2026-09-26	fernie	c-legacy	b02c00d4f	NuGet.Packaging	p=8;a=22;u=0	6	1.3623	0.9768	1.9919	1476630	load average 10-12 from another workload
fusedA	2026-09-26	fernie	c-legacy	b02c00d4f	Microsoft.CodeAnalysis.CSharp	p=0;a=0;u=0	6	7.5055	7.4083	13.8352	9857186	load average 10-12 from another workload
fusedA	2026-09-26	fernie	c-legacy	b02c00d4f	System.Private.CoreLib	p=0;a=31;u=1	6	29.0493	27.0190	51.8613	36600101	load average 10-12 from another workload
fusedB	2026-09-26	mac	c-hand-fused	9e6c364a6	CommandLine	p=0;a=3;u=0	6	0.0958	0.0948	0.0970	330154	
fusedB	2026-09-26	mac	c-hand-fused	9e6c364a6	Humanizer	p=0;a=0;u=0	6	0.1049	0.1033	0.1052	343754	
fusedB	2026-09-26	mac	c-hand-fused	9e6c364a6	Mono.Cecil	p=0;a=0;u=0	6	0.1053	0.1043	0.1069	161330	
fusedB	2026-09-26	mac	c-hand-fused	9e6c364a6	Newtonsoft.Json	p=0;a=11;u=0	6	0.2930	0.2892	0.2952	898354	
fusedB	2026-09-26	mac	c-hand-fused	9e6c364a6	System.Text.Json	p=0;a=8;u=0	6	0.2622	0.2600	0.2673	881626	
fusedB	2026-09-26	mac	c-hand-fused	9e6c364a6	NuGet.Packaging	p=8;a=22;u=0	6	0.1446	0.1435	0.1460	337658	
fusedB	2026-09-26	mac	c-hand-fused	9e6c364a6	Microsoft.CodeAnalysis.CSharp	p=0;a=0;u=0	6	1.9626	1.9610	2.0044	3337352	
fusedB	2026-09-26	mac	c-hand-fused	9e6c364a6	System.Private.CoreLib	p=0;a=31;u=1	6	3.3167	3.2782	3.3609	8876027	
fusedB	2026-09-26	mac	c-nlinq-fused	9e6c364a6	CommandLine	p=0;a=3;u=0	6	0.1061	0.1057	0.1066	330154	
fusedB	2026-09-26	mac	c-nlinq-fused	9e6c364a6	Humanizer	p=0;a=0;u=0	6	0.1142	0.1136	0.1148	343754	
fusedB	2026-09-26	mac	c-nlinq-fused	9e6c364a6	Mono.Cecil	p=0;a=0;u=0	6	0.1255	0.1245	0.1265	161330	
fusedB	2026-09-26	mac	c-nlinq-fused	9e6c364a6	Newtonsoft.Json	p=0;a=11;u=0	6	0.3235	0.3177	0.3263	898354	
fusedB	2026-09-26	mac	c-nlinq-fused	9e6c364a6	System.Text.Json	p=0;a=8;u=0	6	0.2906	0.2858	0.2950	881626	
fusedB	2026-09-26	mac	c-nlinq-fused	9e6c364a6	NuGet.Packaging	p=8;a=22;u=0	6	0.1708	0.1695	0.1737	337658	
fusedB	2026-09-26	mac	c-nlinq-fused	9e6c364a6	Microsoft.CodeAnalysis.CSharp	p=0;a=0;u=0	6	2.1978	2.1692	2.2517	3337354	
fusedB	2026-09-26	mac	c-nlinq-fused	9e6c364a6	System.Private.CoreLib	p=0;a=31;u=1	6	3.5122	3.4517	3.5594	8876029	
fusedB	2026-09-26	mac	c-planned-fused	9e6c364a6	CommandLine	p=0;a=3;u=0	6	0.2149	0.2142	0.2189	585978	
fusedB	2026-09-26	mac	c-planned-fused	9e6c364a6	Humanizer	p=0;a=0;u=0	6	0.2493	0.2461	0.2534	641930	
fusedB	2026-09-26	mac	c-planned-fused	9e6c364a6	Mono.Cecil	p=0;a=0;u=0	6	0.2896	0.2892	0.2963	262994	
fusedB	2026-09-26	mac	c-planned-fused	9e6c364a6	Newtonsoft.Json	p=0;a=11;u=0	6	0.6924	0.6883	0.7049	1688847	
fusedB	2026-09-26	mac	c-planned-fused	9e6c364a6	System.Text.Json	p=0;a=8;u=0	6	0.6218	0.6142	0.6338	1663140	
fusedB	2026-09-26	mac	c-planned-fused	9e6c364a6	NuGet.Packaging	p=8;a=22;u=0	6	0.3977	0.3901	0.4005	604106	
fusedB	2026-09-26	mac	c-planned-fused	9e6c364a6	Microsoft.CodeAnalysis.CSharp	p=0;a=0;u=0	6	4.7446	4.6450	4.8074	5665452	
fusedB	2026-09-26	mac	c-planned-fused	9e6c364a6	System.Private.CoreLib	p=0;a=31;u=1	6	4.4747	4.4082	4.5506	8879522	
fusedB	2026-09-26	mac	c-planned-fused-shared	9e6c364a6	CommandLine	p=0;a=3;u=0	6	0.1909	0.1868	0.1929	331834	
fusedB	2026-09-26	mac	c-planned-fused-shared	9e6c364a6	Humanizer	p=0;a=0;u=0	6	0.2006	0.1970	0.2022	345434	
fusedB	2026-09-26	mac	c-planned-fused-shared	9e6c364a6	Mono.Cecil	p=0;a=0;u=0	6	0.2909	0.2783	0.2927	163010	
fusedB	2026-09-26	mac	c-planned-fused-shared	9e6c364a6	Newtonsoft.Json	p=0;a=11;u=0	6	0.5507	0.5402	0.5570	900026	
fusedB	2026-09-26	mac	c-planned-fused-shared	9e6c364a6	System.Text.Json	p=0;a=8;u=0	6	0.4981	0.4900	0.5022	883296	
fusedB	2026-09-26	mac	c-planned-fused-shared	9e6c364a6	NuGet.Packaging	p=8;a=22;u=0	6	0.3758	0.3700	0.3802	339338	
fusedB	2026-09-26	mac	c-planned-fused-shared	9e6c364a6	Microsoft.CodeAnalysis.CSharp	p=0;a=0;u=0	6	4.3750	4.3206	4.4302	3339034	
fusedB	2026-09-26	mac	c-planned-fused-shared	9e6c364a6	System.Private.CoreLib	p=0;a=31;u=1	6	4.8316	4.7723	4.9422	8877700	
fusedB	2026-09-26	mac	c-legacy	9e6c364a6	CommandLine	p=0;a=3;u=0	6	0.1986	0.1960	0.2000	613130	
fusedB	2026-09-26	mac	c-legacy	9e6c364a6	Humanizer	p=0;a=0;u=0	6	0.2148	0.2129	0.2156	761394	
fusedB	2026-09-26	mac	c-legacy	9e6c364a6	Mono.Cecil	p=0;a=0;u=0	6	0.2730	0.2698	0.2760	759850	
fusedB	2026-09-26	mac	c-legacy	9e6c364a6	Newtonsoft.Json	p=0;a=11;u=0	6	0.5632	0.5533	0.5725	1749862	
fusedB	2026-09-26	mac	c-legacy	9e6c364a6	System.Text.Json	p=0;a=8;u=0	6	0.5079	0.5036	0.5145	1661536	
fusedB	2026-09-26	mac	c-legacy	9e6c364a6	NuGet.Packaging	p=8;a=22;u=0	6	0.4978	0.4920	0.5192	1476928	
fusedB	2026-09-26	mac	c-legacy	9e6c364a6	Microsoft.CodeAnalysis.CSharp	p=0;a=0;u=0	6	4.2748	4.2087	4.3491	9857177	
fusedB	2026-09-26	mac	c-legacy	9e6c364a6	System.Private.CoreLib	p=0;a=31;u=1	6	15.4897	15.3447	15.5903	36600162	
fusedB	2026-09-26	merritt	c-hand-fused	9e6c364a6	CommandLine	p=0;a=3;u=0	6	0.0853	0.0847	0.0875	330154	
fusedB	2026-09-26	merritt	c-hand-fused	9e6c364a6	Humanizer	p=0;a=0;u=0	6	0.0925	0.0908	0.0940	343754	
fusedB	2026-09-26	merritt	c-hand-fused	9e6c364a6	Mono.Cecil	p=0;a=0;u=0	6	0.0921	0.0909	0.0940	161330	
fusedB	2026-09-26	merritt	c-hand-fused	9e6c364a6	Newtonsoft.Json	p=0;a=11;u=0	6	0.2588	0.2557	0.2667	898354	
fusedB	2026-09-26	merritt	c-hand-fused	9e6c364a6	System.Text.Json	p=0;a=8;u=0	6	0.2295	0.2273	0.2375	881626	
fusedB	2026-09-26	merritt	c-hand-fused	9e6c364a6	NuGet.Packaging	p=8;a=22;u=0	6	0.1275	0.1262	0.1318	337658	
fusedB	2026-09-26	merritt	c-hand-fused	9e6c364a6	Microsoft.CodeAnalysis.CSharp	p=0;a=0;u=0	6	1.8094	1.7810	1.8330	3337366	
fusedB	2026-09-26	merritt	c-hand-fused	9e6c364a6	System.Private.CoreLib	p=0;a=31;u=1	6	2.7066	2.6730	2.7201	8876022	
fusedB	2026-09-26	merritt	c-nlinq-fused	9e6c364a6	CommandLine	p=0;a=3;u=0	6	0.1038	0.1027	0.1044	330154	
fusedB	2026-09-26	merritt	c-nlinq-fused	9e6c364a6	Humanizer	p=0;a=0;u=0	6	0.1092	0.1080	0.1113	343754	
fusedB	2026-09-26	merritt	c-nlinq-fused	9e6c364a6	Mono.Cecil	p=0;a=0;u=0	6	0.1269	0.1256	0.1275	161330	
fusedB	2026-09-26	merritt	c-nlinq-fused	9e6c364a6	Newtonsoft.Json	p=0;a=11;u=0	6	0.3114	0.3078	0.3131	898354	
fusedB	2026-09-26	merritt	c-nlinq-fused	9e6c364a6	System.Text.Json	p=0;a=8;u=0	6	0.2763	0.2725	0.2788	881626	
fusedB	2026-09-26	merritt	c-nlinq-fused	9e6c364a6	NuGet.Packaging	p=8;a=22;u=0	6	0.1726	0.1710	0.1758	337658	
fusedB	2026-09-26	merritt	c-nlinq-fused	9e6c364a6	Microsoft.CodeAnalysis.CSharp	p=0;a=0;u=0	6	2.2607	2.2338	2.2748	3337354	
fusedB	2026-09-26	merritt	c-nlinq-fused	9e6c364a6	System.Private.CoreLib	p=0;a=31;u=1	6	3.0775	3.0604	3.0907	8876025	
fusedB	2026-09-26	merritt	c-planned-fused	9e6c364a6	CommandLine	p=0;a=3;u=0	6	0.1985	0.1974	0.2001	585978	
fusedB	2026-09-26	merritt	c-planned-fused	9e6c364a6	Humanizer	p=0;a=0;u=0	6	0.2275	0.2266	0.2282	641930	
fusedB	2026-09-26	merritt	c-planned-fused	9e6c364a6	Mono.Cecil	p=0;a=0;u=0	6	0.2713	0.2692	0.2731	262994	
fusedB	2026-09-26	merritt	c-planned-fused	9e6c364a6	Newtonsoft.Json	p=0;a=11;u=0	6	0.6399	0.6343	0.6424	1688845	
fusedB	2026-09-26	merritt	c-planned-fused	9e6c364a6	System.Text.Json	p=0;a=8;u=0	6	0.5616	0.5528	0.5637	1663138	
fusedB	2026-09-26	merritt	c-planned-fused	9e6c364a6	NuGet.Packaging	p=8;a=22;u=0	6	0.3684	0.3646	0.3724	604106	
fusedB	2026-09-26	merritt	c-planned-fused	9e6c364a6	Microsoft.CodeAnalysis.CSharp	p=0;a=0;u=0	6	4.4796	4.4218	4.5709	5665450	
fusedB	2026-09-26	merritt	c-planned-fused	9e6c364a6	System.Private.CoreLib	p=0;a=31;u=1	6	3.8688	3.8499	3.9195	8879536	
fusedB	2026-09-26	merritt	c-planned-fused-shared	9e6c364a6	CommandLine	p=0;a=3;u=0	6	0.1882	0.1841	0.1910	331834	
fusedB	2026-09-26	merritt	c-planned-fused-shared	9e6c364a6	Humanizer	p=0;a=0;u=0	6	0.1943	0.1912	0.2022	345434	
fusedB	2026-09-26	merritt	c-planned-fused-shared	9e6c364a6	Mono.Cecil	p=0;a=0;u=0	6	0.2888	0.2838	0.3023	163010	
fusedB	2026-09-26	merritt	c-planned-fused-shared	9e6c364a6	Newtonsoft.Json	p=0;a=11;u=0	6	0.5408	0.5287	0.5567	900025	
fusedB	2026-09-26	merritt	c-planned-fused-shared	9e6c364a6	System.Text.Json	p=0;a=8;u=0	6	0.4883	0.4734	0.4918	883296	
fusedB	2026-09-26	merritt	c-planned-fused-shared	9e6c364a6	NuGet.Packaging	p=8;a=22;u=0	6	0.3772	0.3677	0.3848	339338	
fusedB	2026-09-26	merritt	c-planned-fused-shared	9e6c364a6	Microsoft.CodeAnalysis.CSharp	p=0;a=0;u=0	6	4.4452	4.3111	4.5027	3339034	
fusedB	2026-09-26	merritt	c-planned-fused-shared	9e6c364a6	System.Private.CoreLib	p=0;a=31;u=1	6	4.4582	4.3958	4.5533	8877698	
fusedB	2026-09-26	merritt	c-legacy	9e6c364a6	CommandLine	p=0;a=3;u=0	6	0.1800	0.1777	0.1813	613160	
fusedB	2026-09-26	merritt	c-legacy	9e6c364a6	Humanizer	p=0;a=0;u=0	6	0.1963	0.1947	0.1990	761394	
fusedB	2026-09-26	merritt	c-legacy	9e6c364a6	Mono.Cecil	p=0;a=0;u=0	6	0.2490	0.2452	0.2635	759850	
fusedB	2026-09-26	merritt	c-legacy	9e6c364a6	Newtonsoft.Json	p=0;a=11;u=0	6	0.5495	0.5405	0.5595	1749905	
fusedB	2026-09-26	merritt	c-legacy	9e6c364a6	System.Text.Json	p=0;a=8;u=0	6	0.4909	0.4852	0.5129	1661743	
fusedB	2026-09-26	merritt	c-legacy	9e6c364a6	NuGet.Packaging	p=8;a=22;u=0	6	0.4960	0.4920	0.5197	1476311	
fusedB	2026-09-26	merritt	c-legacy	9e6c364a6	Microsoft.CodeAnalysis.CSharp	p=0;a=0;u=0	6	3.7919	3.7767	3.8230	9857191	
fusedB	2026-09-26	merritt	c-legacy	9e6c364a6	System.Private.CoreLib	p=0;a=31;u=1	6	13.4867	13.3838	14.2285	36599880	
fusedC	2026-09-26	mac	c-hand-fused	05e4f7152	CommandLine	p=0;a=3;u=0	6	0.0940	0.0936	0.0965	330154	
fusedC	2026-09-26	mac	c-hand-fused	05e4f7152	Humanizer	p=0;a=0;u=0	6	0.1023	0.1017	0.1048	343754	
fusedC	2026-09-26	mac	c-hand-fused	05e4f7152	Mono.Cecil	p=0;a=0;u=0	6	0.1031	0.1021	0.1056	161330	
fusedC	2026-09-26	mac	c-hand-fused	05e4f7152	Newtonsoft.Json	p=0;a=11;u=0	6	0.2877	0.2851	0.2925	898354	
fusedC	2026-09-26	mac	c-hand-fused	05e4f7152	System.Text.Json	p=0;a=8;u=0	6	0.2585	0.2556	0.2633	881626	
fusedC	2026-09-26	mac	c-hand-fused	05e4f7152	NuGet.Packaging	p=8;a=22;u=0	6	0.1416	0.1400	0.1438	337658	
fusedC	2026-09-26	mac	c-hand-fused	05e4f7152	Microsoft.CodeAnalysis.CSharp	p=0;a=0;u=0	6	1.9362	1.9273	1.9541	3337359	
fusedC	2026-09-26	mac	c-hand-fused	05e4f7152	System.Private.CoreLib	p=0;a=31;u=1	6	3.2717	3.2303	3.3621	8876027	
fusedC	2026-09-26	mac	c-nlinq-fused	05e4f7152	CommandLine	p=0;a=3;u=0	6	0.1048	0.1046	0.1078	330154	
fusedC	2026-09-26	mac	c-nlinq-fused	05e4f7152	Humanizer	p=0;a=0;u=0	6	0.1129	0.1124	0.1162	343754	
fusedC	2026-09-26	mac	c-nlinq-fused	05e4f7152	Mono.Cecil	p=0;a=0;u=0	6	0.1239	0.1224	0.1275	161330	
fusedC	2026-09-26	mac	c-nlinq-fused	05e4f7152	Newtonsoft.Json	p=0;a=11;u=0	6	0.3178	0.3168	0.3292	898354	
fusedC	2026-09-26	mac	c-nlinq-fused	05e4f7152	System.Text.Json	p=0;a=8;u=0	6	0.2876	0.2869	0.2935	881626	
fusedC	2026-09-26	mac	c-nlinq-fused	05e4f7152	NuGet.Packaging	p=8;a=22;u=0	6	0.1703	0.1673	0.1789	337658	
fusedC	2026-09-26	mac	c-nlinq-fused	05e4f7152	Microsoft.CodeAnalysis.CSharp	p=0;a=0;u=0	6	2.1930	2.1716	2.2683	3337354	
fusedC	2026-09-26	mac	c-nlinq-fused	05e4f7152	System.Private.CoreLib	p=0;a=31;u=1	6	3.4465	3.4303	3.6393	8876028	
fusedC	2026-09-26	mac	c-planned-fused	05e4f7152	CommandLine	p=0;a=3;u=0	6	0.2150	0.2114	0.2185	586074	
fusedC	2026-09-26	mac	c-planned-fused	05e4f7152	Humanizer	p=0;a=0;u=0	6	0.2468	0.2440	0.2508	642026	
fusedC	2026-09-26	mac	c-planned-fused	05e4f7152	Mono.Cecil	p=0;a=0;u=0	6	0.2878	0.2855	0.2896	263090	
fusedC	2026-09-26	mac	c-planned-fused	05e4f7152	Newtonsoft.Json	p=0;a=11;u=0	6	0.6830	0.6782	0.7012	1688942	
fusedC	2026-09-26	mac	c-planned-fused	05e4f7152	System.Text.Json	p=0;a=8;u=0	6	0.6177	0.6107	0.6320	1663236	
fusedC	2026-09-26	mac	c-planned-fused	05e4f7152	NuGet.Packaging	p=8;a=22;u=0	6	0.3920	0.3878	0.4080	604202	
fusedC	2026-09-26	mac	c-planned-fused	05e4f7152	Microsoft.CodeAnalysis.CSharp	p=0;a=0;u=0	6	4.6638	4.6471	4.9929	5665547	
fusedC	2026-09-26	mac	c-planned-fused	05e4f7152	System.Private.CoreLib	p=0;a=31;u=1	6	4.5095	4.3765	4.7426	8879622	
fusedC	2026-09-26	mac	c-planned-fused-shared	05e4f7152	CommandLine	p=0;a=3;u=0	6	0.1633	0.1599	0.1708	331986	
fusedC	2026-09-26	mac	c-planned-fused-shared	05e4f7152	Humanizer	p=0;a=0;u=0	6	0.1709	0.1688	0.1795	345586	
fusedC	2026-09-26	mac	c-planned-fused-shared	05e4f7152	Mono.Cecil	p=0;a=0;u=0	6	0.2344	0.2314	0.2499	163162	
fusedC	2026-09-26	mac	c-planned-fused-shared	05e4f7152	Newtonsoft.Json	p=0;a=11;u=0	6	0.4702	0.4658	0.4881	900191	
fusedC	2026-09-26	mac	c-planned-fused-shared	05e4f7152	System.Text.Json	p=0;a=8;u=0	6	0.4256	0.4225	0.4355	883460	
fusedC	2026-09-26	mac	c-planned-fused-shared	05e4f7152	NuGet.Packaging	p=8;a=22;u=0	6	0.3067	0.3049	0.3168	339490	
fusedC	2026-09-26	mac	c-planned-fused-shared	05e4f7152	Microsoft.CodeAnalysis.CSharp	p=0;a=0;u=0	6	3.6247	3.6045	3.7492	3339197	
fusedC	2026-09-26	mac	c-planned-fused-shared	05e4f7152	System.Private.CoreLib	p=0;a=31;u=1	6	4.4169	4.3664	4.7367	8877850	
fusedC	2026-09-26	mac	c-legacy	05e4f7152	CommandLine	p=0;a=3;u=0	6	0.1943	0.1933	0.2010	613125	
fusedC	2026-09-26	mac	c-legacy	05e4f7152	Humanizer	p=0;a=0;u=0	6	0.2107	0.2092	0.2156	761394	
fusedC	2026-09-26	mac	c-legacy	05e4f7152	Mono.Cecil	p=0;a=0;u=0	6	0.2672	0.2649	0.2698	759850	
fusedC	2026-09-26	mac	c-legacy	05e4f7152	Newtonsoft.Json	p=0;a=11;u=0	6	0.5525	0.5483	0.5568	1749863	
fusedC	2026-09-26	mac	c-legacy	05e4f7152	System.Text.Json	p=0;a=8;u=0	6	0.4985	0.4975	0.5010	1661536	
fusedC	2026-09-26	mac	c-legacy	05e4f7152	NuGet.Packaging	p=8;a=22;u=0	6	0.4884	0.4870	0.4995	1476893	
fusedC	2026-09-26	mac	c-legacy	05e4f7152	Microsoft.CodeAnalysis.CSharp	p=0;a=0;u=0	6	4.1369	4.1311	4.1502	9857177	
fusedC	2026-09-26	mac	c-legacy	05e4f7152	System.Private.CoreLib	p=0;a=31;u=1	6	14.9077	14.7821	16.8511	36600277	
fusedC	2026-09-26	merritt	c-hand-fused	05e4f7152	CommandLine	p=0;a=3;u=0	6	0.0920	0.0873	0.0932	330154	
fusedC	2026-09-26	merritt	c-hand-fused	05e4f7152	Humanizer	p=0;a=0;u=0	6	0.1028	0.0959	0.1047	343754	
fusedC	2026-09-26	merritt	c-hand-fused	05e4f7152	Mono.Cecil	p=0;a=0;u=0	6	0.1034	0.0988	0.1070	161330	
fusedC	2026-09-26	merritt	c-hand-fused	05e4f7152	Newtonsoft.Json	p=0;a=11;u=0	6	0.2831	0.2739	0.2968	898354	
fusedC	2026-09-26	merritt	c-hand-fused	05e4f7152	System.Text.Json	p=0;a=8;u=0	6	0.2472	0.2386	0.2523	881626	
fusedC	2026-09-26	merritt	c-hand-fused	05e4f7152	NuGet.Packaging	p=8;a=22;u=0	6	0.1400	0.1358	0.1428	337658	
fusedC	2026-09-26	merritt	c-hand-fused	05e4f7152	Microsoft.CodeAnalysis.CSharp	p=0;a=0;u=0	6	2.0053	1.9486	2.0279	3337352	
fusedC	2026-09-26	merritt	c-hand-fused	05e4f7152	System.Private.CoreLib	p=0;a=31;u=1	6	2.7545	2.6899	2.7867	8876023	
fusedC	2026-09-26	merritt	c-nlinq-fused	05e4f7152	CommandLine	p=0;a=3;u=0	6	0.1096	0.1044	0.1119	330154	
fusedC	2026-09-26	merritt	c-nlinq-fused	05e4f7152	Humanizer	p=0;a=0;u=0	6	0.1184	0.1088	0.1200	343754	
fusedC	2026-09-26	merritt	c-nlinq-fused	05e4f7152	Mono.Cecil	p=0;a=0;u=0	6	0.1362	0.1278	0.1374	161330	
fusedC	2026-09-26	merritt	c-nlinq-fused	05e4f7152	Newtonsoft.Json	p=0;a=11;u=0	6	0.3292	0.3230	0.3334	898354	
fusedC	2026-09-26	merritt	c-nlinq-fused	05e4f7152	System.Text.Json	p=0;a=8;u=0	6	0.2903	0.2818	0.3011	881626	
fusedC	2026-09-26	merritt	c-nlinq-fused	05e4f7152	NuGet.Packaging	p=8;a=22;u=0	6	0.1864	0.1769	0.1913	337658	
fusedC	2026-09-26	merritt	c-nlinq-fused	05e4f7152	Microsoft.CodeAnalysis.CSharp	p=0;a=0;u=0	6	2.4022	2.3128	2.4268	3337355	
fusedC	2026-09-26	merritt	c-nlinq-fused	05e4f7152	System.Private.CoreLib	p=0;a=31;u=1	6	3.0907	3.0399	3.1302	8876025	
fusedC	2026-09-26	merritt	c-planned-fused	05e4f7152	CommandLine	p=0;a=3;u=0	6	0.2036	0.2010	0.2084	586074	
fusedC	2026-09-26	merritt	c-planned-fused	05e4f7152	Humanizer	p=0;a=0;u=0	6	0.2382	0.2339	0.2415	642026	
fusedC	2026-09-26	merritt	c-planned-fused	05e4f7152	Mono.Cecil	p=0;a=0;u=0	6	0.2835	0.2796	0.2892	263090	
fusedC	2026-09-26	merritt	c-planned-fused	05e4f7152	Newtonsoft.Json	p=0;a=11;u=0	6	0.6637	0.6420	0.6766	1688941	
fusedC	2026-09-26	merritt	c-planned-fused	05e4f7152	System.Text.Json	p=0;a=8;u=0	6	0.5846	0.5732	0.5914	1663235	
fusedC	2026-09-26	merritt	c-planned-fused	05e4f7152	NuGet.Packaging	p=8;a=22;u=0	6	0.3828	0.3782	0.3852	604202	
fusedC	2026-09-26	merritt	c-planned-fused	05e4f7152	Microsoft.CodeAnalysis.CSharp	p=0;a=0;u=0	6	4.5977	4.5316	4.7456	5665547	
fusedC	2026-09-26	merritt	c-planned-fused	05e4f7152	System.Private.CoreLib	p=0;a=31;u=1	6	3.8619	3.8463	3.9633	8879632	
fusedC	2026-09-26	merritt	c-planned-fused-shared	05e4f7152	CommandLine	p=0;a=3;u=0	6	0.1638	0.1606	0.1677	331986	
fusedC	2026-09-26	merritt	c-planned-fused-shared	05e4f7152	Humanizer	p=0;a=0;u=0	6	0.1745	0.1711	0.1806	345586	
fusedC	2026-09-26	merritt	c-planned-fused-shared	05e4f7152	Mono.Cecil	p=0;a=0;u=0	6	0.2447	0.2436	0.2506	163162	
fusedC	2026-09-26	merritt	c-planned-fused-shared	05e4f7152	Newtonsoft.Json	p=0;a=11;u=0	6	0.4787	0.4709	0.4896	900191	
fusedC	2026-09-26	merritt	c-planned-fused-shared	05e4f7152	System.Text.Json	p=0;a=8;u=0	6	0.4320	0.4254	0.4449	883460	
fusedC	2026-09-26	merritt	c-planned-fused-shared	05e4f7152	NuGet.Packaging	p=8;a=22;u=0	6	0.3227	0.3172	0.3295	339490	
fusedC	2026-09-26	merritt	c-planned-fused-shared	05e4f7152	Microsoft.CodeAnalysis.CSharp	p=0;a=0;u=0	6	3.8364	3.7954	3.8889	3339199	
fusedC	2026-09-26	merritt	c-planned-fused-shared	05e4f7152	System.Private.CoreLib	p=0;a=31;u=1	6	3.9779	3.9528	4.1808	8877848	
fusedC	2026-09-26	merritt	c-legacy	05e4f7152	CommandLine	p=0;a=3;u=0	6	0.1823	0.1796	0.1842	613160	
fusedC	2026-09-26	merritt	c-legacy	05e4f7152	Humanizer	p=0;a=0;u=0	6	0.1995	0.1974	0.2101	761394	
fusedC	2026-09-26	merritt	c-legacy	05e4f7152	Mono.Cecil	p=0;a=0;u=0	6	0.2529	0.2498	0.2595	759850	
fusedC	2026-09-26	merritt	c-legacy	05e4f7152	Newtonsoft.Json	p=0;a=11;u=0	6	0.5533	0.5478	0.5632	1749907	
fusedC	2026-09-26	merritt	c-legacy	05e4f7152	System.Text.Json	p=0;a=8;u=0	6	0.5002	0.4894	0.5122	1661737	
fusedC	2026-09-26	merritt	c-legacy	05e4f7152	NuGet.Packaging	p=8;a=22;u=0	6	0.5047	0.4932	0.5122	1476312	
fusedC	2026-09-26	merritt	c-legacy	05e4f7152	Microsoft.CodeAnalysis.CSharp	p=0;a=0;u=0	6	3.8935	3.8222	3.9279	9857183	
fusedC	2026-09-26	merritt	c-legacy	05e4f7152	System.Private.CoreLib	p=0;a=31;u=1	6	13.7481	13.5392	14.4150	36600047	
fusedD	2026-09-26	mac	c-hand-fused	a1695f6e1	CommandLine	p=0;a=3;u=0	6	0.0957	0.0950	0.0977	330154	
fusedD	2026-09-26	mac	c-hand-fused	a1695f6e1	Humanizer	p=0;a=0;u=0	6	0.1036	0.1021	0.1052	343754	
fusedD	2026-09-26	mac	c-hand-fused	a1695f6e1	Mono.Cecil	p=0;a=0;u=0	6	0.1033	0.1018	0.1053	161330	
fusedD	2026-09-26	mac	c-hand-fused	a1695f6e1	Newtonsoft.Json	p=0;a=11;u=0	6	0.2911	0.2852	0.3002	898354	
fusedD	2026-09-26	mac	c-hand-fused	a1695f6e1	System.Text.Json	p=0;a=8;u=0	6	0.2606	0.2543	0.2699	881626	
fusedD	2026-09-26	mac	c-hand-fused	a1695f6e1	NuGet.Packaging	p=8;a=22;u=0	6	0.1419	0.1402	0.1485	337658	
fusedD	2026-09-26	mac	c-hand-fused	a1695f6e1	Microsoft.CodeAnalysis.CSharp	p=0;a=0;u=0	6	1.9524	1.9094	1.9722	3337352	
fusedD	2026-09-26	mac	c-hand-fused	a1695f6e1	System.Private.CoreLib	p=0;a=31;u=1	6	3.2674	3.1907	3.2738	8876027	
fusedD	2026-09-26	mac	c-nlinq-fused	a1695f6e1	CommandLine	p=0;a=3;u=0	6	0.1059	0.1056	0.1067	330154	
fusedD	2026-09-26	mac	c-nlinq-fused	a1695f6e1	Humanizer	p=0;a=0;u=0	6	0.1135	0.1129	0.1144	343754	
fusedD	2026-09-26	mac	c-nlinq-fused	a1695f6e1	Mono.Cecil	p=0;a=0;u=0	6	0.1247	0.1223	0.1258	161330	
fusedD	2026-09-26	mac	c-nlinq-fused	a1695f6e1	Newtonsoft.Json	p=0;a=11;u=0	6	0.3217	0.3176	0.3224	898354	
fusedD	2026-09-26	mac	c-nlinq-fused	a1695f6e1	System.Text.Json	p=0;a=8;u=0	6	0.2914	0.2892	0.2929	881626	
fusedD	2026-09-26	mac	c-nlinq-fused	a1695f6e1	NuGet.Packaging	p=8;a=22;u=0	6	0.1724	0.1693	0.1729	337658	
fusedD	2026-09-26	mac	c-nlinq-fused	a1695f6e1	Microsoft.CodeAnalysis.CSharp	p=0;a=0;u=0	6	2.1947	2.1865	2.1989	3337354	
fusedD	2026-09-26	mac	c-nlinq-fused	a1695f6e1	System.Private.CoreLib	p=0;a=31;u=1	6	3.4778	3.4271	3.4954	8876028	
fusedD	2026-09-26	mac	c-planned-fused-shared	a1695f6e1	CommandLine	p=0;a=3;u=0	6	0.1686	0.1670	0.1732	332338	
fusedD	2026-09-26	mac	c-planned-fused-shared	a1695f6e1	Humanizer	p=0;a=0;u=0	6	0.1788	0.1768	0.1830	345938	
fusedD	2026-09-26	mac	c-planned-fused-shared	a1695f6e1	Mono.Cecil	p=0;a=0;u=0	6	0.2487	0.2460	0.2572	163514	
fusedD	2026-09-26	mac	c-planned-fused-shared	a1695f6e1	Newtonsoft.Json	p=0;a=11;u=0	6	0.4921	0.4875	0.5040	900528	
fusedD	2026-09-26	mac	c-planned-fused-shared	a1695f6e1	System.Text.Json	p=0;a=8;u=0	6	0.4480	0.4432	0.4584	883813	
fusedD	2026-09-26	mac	c-planned-fused-shared	a1695f6e1	NuGet.Packaging	p=8;a=22;u=0	6	0.3265	0.3230	0.3371	339842	
fusedD	2026-09-26	mac	c-planned-fused-shared	a1695f6e1	Microsoft.CodeAnalysis.CSharp	p=0;a=0;u=0	6	3.8415	3.7796	3.9508	3339551	
fusedD	2026-09-26	mac	c-planned-fused-shared	a1695f6e1	System.Private.CoreLib	p=0;a=31;u=1	6	4.5216	4.5030	4.5555	8878202	
fusedD	2026-09-26	mac	c-planned-fused-guarded	a1695f6e1	CommandLine	p=0;a=3;u=0	6	0.1352	0.1345	0.1363	332866	
fusedD	2026-09-26	mac	c-planned-fused-guarded	a1695f6e1	Humanizer	p=0;a=0;u=0	6	0.1450	0.1443	0.1468	346466	
fusedD	2026-09-26	mac	c-planned-fused-guarded	a1695f6e1	Mono.Cecil	p=0;a=0;u=0	6	0.1825	0.1779	0.1834	164042	
fusedD	2026-09-26	mac	c-planned-fused-guarded	a1695f6e1	Newtonsoft.Json	p=0;a=11;u=0	6	0.3993	0.3978	0.4051	901066	
fusedD	2026-09-26	mac	c-planned-fused-guarded	a1695f6e1	System.Text.Json	p=0;a=8;u=0	6	0.3648	0.3628	0.3662	884338	
fusedD	2026-09-26	mac	c-planned-fused-guarded	a1695f6e1	NuGet.Packaging	p=8;a=22;u=0	6	0.2437	0.2428	0.2466	340370	
fusedD	2026-09-26	mac	c-planned-fused-guarded	a1695f6e1	Microsoft.CodeAnalysis.CSharp	p=0;a=0;u=0	6	2.9558	2.9509	2.9812	3340072	
fusedD	2026-09-26	mac	c-planned-fused-guarded	a1695f6e1	System.Private.CoreLib	p=0;a=31;u=1	6	3.9886	3.9846	4.0097	8878728	
fusedD	2026-09-26	mac	c-legacy	a1695f6e1	CommandLine	p=0;a=3;u=0	6	0.1957	0.1950	0.1978	613130	
fusedD	2026-09-26	mac	c-legacy	a1695f6e1	Humanizer	p=0;a=0;u=0	6	0.2133	0.2120	0.2188	761394	
fusedD	2026-09-26	mac	c-legacy	a1695f6e1	Mono.Cecil	p=0;a=0;u=0	6	0.2711	0.2702	0.2761	759850	
fusedD	2026-09-26	mac	c-legacy	a1695f6e1	Newtonsoft.Json	p=0;a=11;u=0	6	0.5609	0.5585	0.5638	1749862	
fusedD	2026-09-26	mac	c-legacy	a1695f6e1	System.Text.Json	p=0;a=8;u=0	6	0.5044	0.5014	0.5117	1661535	
fusedD	2026-09-26	mac	c-legacy	a1695f6e1	NuGet.Packaging	p=8;a=22;u=0	6	0.4935	0.4893	0.4996	1476913	
fusedD	2026-09-26	mac	c-legacy	a1695f6e1	Microsoft.CodeAnalysis.CSharp	p=0;a=0;u=0	6	4.1880	4.1740	4.2184	9857177	
fusedD	2026-09-26	mac	c-legacy	a1695f6e1	System.Private.CoreLib	p=0;a=31;u=1	6	15.0738	14.9279	15.4704	36600157	
fusedD	2026-09-26	annies-mac-mini	c-hand-fused	a1695f6e1	CommandLine	p=0;a=3;u=0	6	0.0945	0.0924	0.0956	330154	
fusedD	2026-09-26	annies-mac-mini	c-hand-fused	a1695f6e1	Humanizer	p=0;a=0;u=0	6	0.1021	0.1001	0.1032	343754	
fusedD	2026-09-26	annies-mac-mini	c-hand-fused	a1695f6e1	Mono.Cecil	p=0;a=0;u=0	6	0.1034	0.1030	0.1040	161330	
fusedD	2026-09-26	annies-mac-mini	c-hand-fused	a1695f6e1	Newtonsoft.Json	p=0;a=11;u=0	6	0.2866	0.2780	0.2894	898354	
fusedD	2026-09-26	annies-mac-mini	c-hand-fused	a1695f6e1	System.Text.Json	p=0;a=8;u=0	6	0.2586	0.2515	0.2618	881626	
fusedD	2026-09-26	annies-mac-mini	c-hand-fused	a1695f6e1	NuGet.Packaging	p=8;a=22;u=0	6	0.1439	0.1400	0.1449	337658	
fusedD	2026-09-26	annies-mac-mini	c-hand-fused	a1695f6e1	Microsoft.CodeAnalysis.CSharp	p=0;a=0;u=0	6	1.9358	1.8693	1.9560	3337359	
fusedD	2026-09-26	annies-mac-mini	c-hand-fused	a1695f6e1	System.Private.CoreLib	p=0;a=31;u=1	6	3.2220	3.0980	3.2362	8876026	
fusedD	2026-09-26	annies-mac-mini	c-nlinq-fused	a1695f6e1	CommandLine	p=0;a=3;u=0	6	0.1061	0.1050	0.1070	330154	
fusedD	2026-09-26	annies-mac-mini	c-nlinq-fused	a1695f6e1	Humanizer	p=0;a=0;u=0	6	0.1128	0.1123	0.1139	343754	
fusedD	2026-09-26	annies-mac-mini	c-nlinq-fused	a1695f6e1	Mono.Cecil	p=0;a=0;u=0	6	0.1246	0.1237	0.1255	161330	
fusedD	2026-09-26	annies-mac-mini	c-nlinq-fused	a1695f6e1	Newtonsoft.Json	p=0;a=11;u=0	6	0.3197	0.3116	0.3222	898354	
fusedD	2026-09-26	annies-mac-mini	c-nlinq-fused	a1695f6e1	System.Text.Json	p=0;a=8;u=0	6	0.2903	0.2839	0.2923	881626	
fusedD	2026-09-26	annies-mac-mini	c-nlinq-fused	a1695f6e1	NuGet.Packaging	p=8;a=22;u=0	6	0.1734	0.1710	0.1747	337658	
fusedD	2026-09-26	annies-mac-mini	c-nlinq-fused	a1695f6e1	Microsoft.CodeAnalysis.CSharp	p=0;a=0;u=0	6	2.1871	2.1273	2.1977	3337354	
fusedD	2026-09-26	annies-mac-mini	c-nlinq-fused	a1695f6e1	System.Private.CoreLib	p=0;a=31;u=1	6	3.4406	3.3221	3.4599	8876028	
fusedD	2026-09-26	annies-mac-mini	c-planned-fused-shared	a1695f6e1	CommandLine	p=0;a=3;u=0	6	0.1673	0.1646	0.1710	332338	
fusedD	2026-09-26	annies-mac-mini	c-planned-fused-shared	a1695f6e1	Humanizer	p=0;a=0;u=0	6	0.1756	0.1723	0.1795	345938	
fusedD	2026-09-26	annies-mac-mini	c-planned-fused-shared	a1695f6e1	Mono.Cecil	p=0;a=0;u=0	6	0.2451	0.2368	0.2527	163514	
fusedD	2026-09-26	annies-mac-mini	c-planned-fused-shared	a1695f6e1	Newtonsoft.Json	p=0;a=11;u=0	6	0.4848	0.4735	0.4975	900528	
fusedD	2026-09-26	annies-mac-mini	c-planned-fused-shared	a1695f6e1	System.Text.Json	p=0;a=8;u=0	6	0.4415	0.4348	0.4535	883813	
fusedD	2026-09-26	annies-mac-mini	c-planned-fused-shared	a1695f6e1	NuGet.Packaging	p=8;a=22;u=0	6	0.3246	0.3199	0.3340	339842	
fusedD	2026-09-26	annies-mac-mini	c-planned-fused-shared	a1695f6e1	Microsoft.CodeAnalysis.CSharp	p=0;a=0;u=0	6	3.8020	3.7390	3.8916	3339551	
fusedD	2026-09-26	annies-mac-mini	c-planned-fused-shared	a1695f6e1	System.Private.CoreLib	p=0;a=31;u=1	6	4.4794	4.3995	4.5280	8878202	
fusedD	2026-09-26	annies-mac-mini	c-planned-fused-guarded	a1695f6e1	CommandLine	p=0;a=3;u=0	6	0.1346	0.1337	0.1362	332866	
fusedD	2026-09-26	annies-mac-mini	c-planned-fused-guarded	a1695f6e1	Humanizer	p=0;a=0;u=0	6	0.1451	0.1442	0.1458	346466	
fusedD	2026-09-26	annies-mac-mini	c-planned-fused-guarded	a1695f6e1	Mono.Cecil	p=0;a=0;u=0	6	0.1827	0.1817	0.1839	164042	
fusedD	2026-09-26	annies-mac-mini	c-planned-fused-guarded	a1695f6e1	Newtonsoft.Json	p=0;a=11;u=0	6	0.4003	0.3976	0.4042	901066	
fusedD	2026-09-26	annies-mac-mini	c-planned-fused-guarded	a1695f6e1	System.Text.Json	p=0;a=8;u=0	6	0.3652	0.3615	0.3678	884338	
fusedD	2026-09-26	annies-mac-mini	c-planned-fused-guarded	a1695f6e1	NuGet.Packaging	p=8;a=22;u=0	6	0.2455	0.2427	0.2485	340370	
fusedD	2026-09-26	annies-mac-mini	c-planned-fused-guarded	a1695f6e1	Microsoft.CodeAnalysis.CSharp	p=0;a=0;u=0	6	2.9465	2.9085	2.9740	3340072	
fusedD	2026-09-26	annies-mac-mini	c-planned-fused-guarded	a1695f6e1	System.Private.CoreLib	p=0;a=31;u=1	6	3.9534	3.8897	3.9841	8878728	
fusedD	2026-09-26	annies-mac-mini	c-legacy	a1695f6e1	CommandLine	p=0;a=3;u=0	6	0.1945	0.1934	0.1953	613057	
fusedD	2026-09-26	annies-mac-mini	c-legacy	a1695f6e1	Humanizer	p=0;a=0;u=0	6	0.2112	0.2104	0.2131	761394	
fusedD	2026-09-26	annies-mac-mini	c-legacy	a1695f6e1	Mono.Cecil	p=0;a=0;u=0	6	0.2692	0.2662	0.2700	759850	
fusedD	2026-09-26	annies-mac-mini	c-legacy	a1695f6e1	Newtonsoft.Json	p=0;a=11;u=0	6	0.5515	0.5487	0.5547	1750377	
fusedD	2026-09-26	annies-mac-mini	c-legacy	a1695f6e1	System.Text.Json	p=0;a=8;u=0	6	0.4986	0.4947	0.4990	1661529	
fusedD	2026-09-26	annies-mac-mini	c-legacy	a1695f6e1	NuGet.Packaging	p=8;a=22;u=0	6	0.4856	0.4822	0.4873	1476508	
fusedD	2026-09-26	annies-mac-mini	c-legacy	a1695f6e1	Microsoft.CodeAnalysis.CSharp	p=0;a=0;u=0	6	4.1670	4.1431	4.1988	9857177	
fusedD	2026-09-26	annies-mac-mini	c-legacy	a1695f6e1	System.Private.CoreLib	p=0;a=31;u=1	6	14.7454	14.4887	14.9755	36600217	
fusedD	2026-09-26	merritt	c-hand-fused	a1695f6e1	CommandLine	p=0;a=3;u=0	6	0.0849	0.0840	0.0877	330154	load average rose to 13 during the run
fusedD	2026-09-26	merritt	c-hand-fused	a1695f6e1	Humanizer	p=0;a=0;u=0	6	0.0927	0.0913	0.0945	343754	load average rose to 13 during the run
fusedD	2026-09-26	merritt	c-hand-fused	a1695f6e1	Mono.Cecil	p=0;a=0;u=0	6	0.0916	0.0904	0.0928	161330	load average rose to 13 during the run
fusedD	2026-09-26	merritt	c-hand-fused	a1695f6e1	Newtonsoft.Json	p=0;a=11;u=0	6	0.2611	0.2591	0.2683	898354	load average rose to 13 during the run
fusedD	2026-09-26	merritt	c-hand-fused	a1695f6e1	System.Text.Json	p=0;a=8;u=0	6	0.2331	0.2282	0.2448	881626	load average rose to 13 during the run
fusedD	2026-09-26	merritt	c-hand-fused	a1695f6e1	NuGet.Packaging	p=8;a=22;u=0	6	0.1296	0.1268	0.1381	337658	load average rose to 13 during the run
fusedD	2026-09-26	merritt	c-hand-fused	a1695f6e1	Microsoft.CodeAnalysis.CSharp	p=0;a=0;u=0	6	1.8472	1.8198	3.0739	3337366	load average rose to 13 during the run
fusedD	2026-09-26	merritt	c-hand-fused	a1695f6e1	System.Private.CoreLib	p=0;a=31;u=1	6	3.2014	2.7005	5.0574	8876020	load average rose to 13 during the run
fusedD	2026-09-26	merritt	c-nlinq-fused	a1695f6e1	CommandLine	p=0;a=3;u=0	6	0.1046	0.1020	0.1960	330154	load average rose to 13 during the run
fusedD	2026-09-26	merritt	c-nlinq-fused	a1695f6e1	Humanizer	p=0;a=0;u=0	6	0.1127	0.1091	0.1991	343754	load average rose to 13 during the run
fusedD	2026-09-26	merritt	c-nlinq-fused	a1695f6e1	Mono.Cecil	p=0;a=0;u=0	6	0.1308	0.1255	0.1773	161330	load average rose to 13 during the run
fusedD	2026-09-26	merritt	c-nlinq-fused	a1695f6e1	Newtonsoft.Json	p=0;a=11;u=0	6	0.3267	0.3094	0.5693	898354	load average rose to 13 during the run
fusedD	2026-09-26	merritt	c-nlinq-fused	a1695f6e1	System.Text.Json	p=0;a=8;u=0	6	0.3790	0.2749	0.4814	881627	load average rose to 13 during the run
fusedD	2026-09-26	merritt	c-nlinq-fused	a1695f6e1	NuGet.Packaging	p=8;a=22;u=0	6	0.1842	0.1736	0.2818	337658	load average rose to 13 during the run
fusedD	2026-09-26	merritt	c-nlinq-fused	a1695f6e1	Microsoft.CodeAnalysis.CSharp	p=0;a=0;u=0	6	2.9593	2.2450	3.9587	3337360	load average rose to 13 during the run
fusedD	2026-09-26	merritt	c-nlinq-fused	a1695f6e1	System.Private.CoreLib	p=0;a=31;u=1	6	3.1840	3.0855	3.4341	8876025	load average rose to 13 during the run
fusedD	2026-09-26	merritt	c-planned-fused-shared	a1695f6e1	CommandLine	p=0;a=3;u=0	6	0.1652	0.1623	0.1717	332338	load average rose to 13 during the run
fusedD	2026-09-26	merritt	c-planned-fused-shared	a1695f6e1	Humanizer	p=0;a=0;u=0	6	0.1746	0.1702	0.1777	345938	load average rose to 13 during the run
fusedD	2026-09-26	merritt	c-planned-fused-shared	a1695f6e1	Mono.Cecil	p=0;a=0;u=0	6	0.2477	0.2433	0.2954	163514	load average rose to 13 during the run
fusedD	2026-09-26	merritt	c-planned-fused-shared	a1695f6e1	Newtonsoft.Json	p=0;a=11;u=0	6	0.4908	0.4779	0.5042	900530	load average rose to 13 during the run
fusedD	2026-09-26	merritt	c-planned-fused-shared	a1695f6e1	System.Text.Json	p=0;a=8;u=0	6	0.4336	0.4261	0.7943	883812	load average rose to 13 during the run
fusedD	2026-09-26	merritt	c-planned-fused-shared	a1695f6e1	NuGet.Packaging	p=8;a=22;u=0	6	0.3226	0.3197	0.5854	339842	load average rose to 13 during the run
fusedD	2026-09-26	merritt	c-planned-fused-shared	a1695f6e1	Microsoft.CodeAnalysis.CSharp	p=0;a=0;u=0	6	3.8499	3.7365	7.4736	3339551	load average rose to 13 during the run
fusedD	2026-09-26	merritt	c-planned-fused-shared	a1695f6e1	System.Private.CoreLib	p=0;a=31;u=1	6	4.3651	4.0451	8.2259	8878204	load average rose to 13 during the run
fusedD	2026-09-26	merritt	c-planned-fused-guarded	a1695f6e1	CommandLine	p=0;a=3;u=0	6	0.1351	0.1266	0.2407	332866	load average rose to 13 during the run
fusedD	2026-09-26	merritt	c-planned-fused-guarded	a1695f6e1	Humanizer	p=0;a=0;u=0	6	0.1940	0.1363	0.2608	346466	load average rose to 13 during the run
fusedD	2026-09-26	merritt	c-planned-fused-guarded	a1695f6e1	Mono.Cecil	p=0;a=0;u=0	6	0.2352	0.1706	0.3085	164042	load average rose to 13 during the run
fusedD	2026-09-26	merritt	c-planned-fused-guarded	a1695f6e1	Newtonsoft.Json	p=0;a=11;u=0	6	0.5429	0.3744	0.7333	901062	load average rose to 13 during the run
fusedD	2026-09-26	merritt	c-planned-fused-guarded	a1695f6e1	System.Text.Json	p=0;a=8;u=0	6	0.3618	0.3364	0.6320	884338	load average rose to 13 during the run
fusedD	2026-09-26	merritt	c-planned-fused-guarded	a1695f6e1	NuGet.Packaging	p=8;a=22;u=0	6	0.3188	0.2291	0.4360	340370	load average rose to 13 during the run
fusedD	2026-09-26	merritt	c-planned-fused-guarded	a1695f6e1	Microsoft.CodeAnalysis.CSharp	p=0;a=0;u=0	6	2.9350	2.7501	4.9940	3340070	load average rose to 13 during the run
fusedD	2026-09-26	merritt	c-planned-fused-guarded	a1695f6e1	System.Private.CoreLib	p=0;a=31;u=1	6	3.5537	3.3859	6.1306	8878740	load average rose to 13 during the run
fusedD	2026-09-26	merritt	c-legacy	a1695f6e1	CommandLine	p=0;a=3;u=0	6	0.1846	0.1829	0.3354	613160	load average rose to 13 during the run
fusedD	2026-09-26	merritt	c-legacy	a1695f6e1	Humanizer	p=0;a=0;u=0	6	0.2034	0.2010	0.3664	761394	load average rose to 13 during the run
fusedD	2026-09-26	merritt	c-legacy	a1695f6e1	Mono.Cecil	p=0;a=0;u=0	6	0.2578	0.2545	0.4656	759850	load average rose to 13 during the run
fusedD	2026-09-26	merritt	c-legacy	a1695f6e1	Newtonsoft.Json	p=0;a=11;u=0	6	0.5900	0.5584	0.9859	1749909	load average rose to 13 during the run
fusedD	2026-09-26	merritt	c-legacy	a1695f6e1	System.Text.Json	p=0;a=8;u=0	6	0.5383	0.5023	0.8848	1661655	load average rose to 13 during the run
fusedD	2026-09-26	merritt	c-legacy	a1695f6e1	NuGet.Packaging	p=8;a=22;u=0	6	0.5196	0.5043	0.8800	1476354	load average rose to 13 during the run
fusedD	2026-09-26	merritt	c-legacy	a1695f6e1	Microsoft.CodeAnalysis.CSharp	p=0;a=0;u=0	6	4.1015	3.9510	6.4617	9857178	load average rose to 13 during the run
fusedD	2026-09-26	merritt	c-legacy	a1695f6e1	System.Private.CoreLib	p=0;a=31;u=1	6	14.2658	13.7852	29.2252	36599943	load average rose to 13 during the run
fusedT	2026-09-26	mac	c-hand-fused	aa4e73cee	CommandLine	p=0;a=3;u=0	6	0.0948	0.0939	0.0955	330154	
fusedT	2026-09-26	mac	c-hand-fused	aa4e73cee	Humanizer	p=0;a=0;u=0	6	0.1021	0.1016	0.1030	343754	
fusedT	2026-09-26	mac	c-hand-fused	aa4e73cee	Mono.Cecil	p=0;a=0;u=0	6	0.1031	0.1002	0.1045	161330	
fusedT	2026-09-26	mac	c-hand-fused	aa4e73cee	Newtonsoft.Json	p=0;a=11;u=0	6	0.2873	0.2864	0.2912	898354	
fusedT	2026-09-26	mac	c-hand-fused	aa4e73cee	System.Text.Json	p=0;a=8;u=0	6	0.2591	0.2587	0.2616	881626	
fusedT	2026-09-26	mac	c-hand-fused	aa4e73cee	NuGet.Packaging	p=8;a=22;u=0	6	0.1419	0.1403	0.1449	337658	
fusedT	2026-09-26	mac	c-hand-fused	aa4e73cee	Microsoft.CodeAnalysis.CSharp	p=0;a=0;u=0	6	1.9300	1.9182	1.9439	3337367	
fusedT	2026-09-26	mac	c-hand-fused	aa4e73cee	System.Private.CoreLib	p=0;a=31;u=1	6	3.2330	3.2187	3.2488	8876026	
fusedT	2026-09-26	mac	c-nlinq-fused	aa4e73cee	CommandLine	p=0;a=3;u=0	6	0.1055	0.1049	0.1063	330154	
fusedT	2026-09-26	mac	c-nlinq-fused	aa4e73cee	Humanizer	p=0;a=0;u=0	6	0.1132	0.1130	0.1139	343754	
fusedT	2026-09-26	mac	c-nlinq-fused	aa4e73cee	Mono.Cecil	p=0;a=0;u=0	6	0.1238	0.1214	0.1270	161330	
fusedT	2026-09-26	mac	c-nlinq-fused	aa4e73cee	Newtonsoft.Json	p=0;a=11;u=0	6	0.3195	0.3170	0.3249	898354	
fusedT	2026-09-26	mac	c-nlinq-fused	aa4e73cee	System.Text.Json	p=0;a=8;u=0	6	0.2892	0.2861	0.2966	881626	
fusedT	2026-09-26	mac	c-nlinq-fused	aa4e73cee	NuGet.Packaging	p=8;a=22;u=0	6	0.1705	0.1689	0.1744	337658	
fusedT	2026-09-26	mac	c-nlinq-fused	aa4e73cee	Microsoft.CodeAnalysis.CSharp	p=0;a=0;u=0	6	2.1719	2.1650	2.2054	3337354	
fusedT	2026-09-26	mac	c-nlinq-fused	aa4e73cee	System.Private.CoreLib	p=0;a=31;u=1	6	3.4304	3.4205	3.5089	8876028	
fusedT	2026-09-26	mac	c-planned-fused-guarded	aa4e73cee	CommandLine	p=0;a=3;u=0	6	0.1387	0.1378	0.1394	333298	
fusedT	2026-09-26	mac	c-planned-fused-guarded	aa4e73cee	Humanizer	p=0;a=0;u=0	6	0.1493	0.1474	0.1508	346898	
fusedT	2026-09-26	mac	c-planned-fused-guarded	aa4e73cee	Mono.Cecil	p=0;a=0;u=0	6	0.1865	0.1856	0.1876	164474	
fusedT	2026-09-26	mac	c-planned-fused-guarded	aa4e73cee	Newtonsoft.Json	p=0;a=11;u=0	6	0.4092	0.4075	0.4117	901499	
fusedT	2026-09-26	mac	c-planned-fused-guarded	aa4e73cee	System.Text.Json	p=0;a=8;u=0	6	0.3720	0.3697	0.3754	884770	
fusedT	2026-09-26	mac	c-planned-fused-guarded	aa4e73cee	NuGet.Packaging	p=8;a=22;u=0	6	0.2530	0.2506	0.2558	340802	
fusedT	2026-09-26	mac	c-planned-fused-guarded	aa4e73cee	Microsoft.CodeAnalysis.CSharp	p=0;a=0;u=0	6	2.9709	2.9535	3.0017	3340504	
fusedT	2026-09-26	mac	c-planned-fused-guarded	aa4e73cee	System.Private.CoreLib	p=0;a=31;u=1	6	3.9979	3.9758	4.0082	8879160	
fusedT	2026-09-26	mac	c-planned-fused-typescoped	aa4e73cee	CommandLine	p=0;a=3;u=0	6	0.1197	0.1185	0.1205	333298	
fusedT	2026-09-26	mac	c-planned-fused-typescoped	aa4e73cee	Humanizer	p=0;a=0;u=0	6	0.1427	0.1418	0.1445	346898	
fusedT	2026-09-26	mac	c-planned-fused-typescoped	aa4e73cee	Mono.Cecil	p=0;a=0;u=0	6	0.1744	0.1727	0.1756	164474	
fusedT	2026-09-26	mac	c-planned-fused-typescoped	aa4e73cee	Newtonsoft.Json	p=0;a=11;u=0	6	0.3857	0.3829	0.3882	901498	
fusedT	2026-09-26	mac	c-planned-fused-typescoped	aa4e73cee	System.Text.Json	p=0;a=8;u=0	6	0.3530	0.3514	0.3587	884770	
fusedT	2026-09-26	mac	c-planned-fused-typescoped	aa4e73cee	NuGet.Packaging	p=8;a=22;u=0	6	0.2221	0.2210	0.2251	340802	
fusedT	2026-09-26	mac	c-planned-fused-typescoped	aa4e73cee	Microsoft.CodeAnalysis.CSharp	p=0;a=0;u=0	6	2.7718	2.7692	2.7854	3340503	
fusedT	2026-09-26	mac	c-planned-fused-typescoped	aa4e73cee	System.Private.CoreLib	p=0;a=31;u=1	6	3.8569	3.8486	3.8630	8879176	
fusedT	2026-09-26	mac	c-legacy	aa4e73cee	CommandLine	p=0;a=3;u=0	6	0.1944	0.1929	0.1953	613130	
fusedT	2026-09-26	mac	c-legacy	aa4e73cee	Humanizer	p=0;a=0;u=0	6	0.2114	0.2105	0.2127	761394	
fusedT	2026-09-26	mac	c-legacy	aa4e73cee	Mono.Cecil	p=0;a=0;u=0	6	0.2688	0.2676	0.2696	759850	
fusedT	2026-09-26	mac	c-legacy	aa4e73cee	Newtonsoft.Json	p=0;a=11;u=0	6	0.5571	0.5514	0.5604	1749862	
fusedT	2026-09-26	mac	c-legacy	aa4e73cee	System.Text.Json	p=0;a=8;u=0	6	0.5027	0.4974	0.5075	1661537	
fusedT	2026-09-26	mac	c-legacy	aa4e73cee	NuGet.Packaging	p=8;a=22;u=0	6	0.4909	0.4859	0.4930	1476922	
fusedT	2026-09-26	mac	c-legacy	aa4e73cee	Microsoft.CodeAnalysis.CSharp	p=0;a=0;u=0	6	4.1559	4.1060	4.1736	9857177	
fusedT	2026-09-26	mac	c-legacy	aa4e73cee	System.Private.CoreLib	p=0;a=31;u=1	6	14.8827	14.7976	14.9369	36600265	
fusedT	2026-09-26	annies-mac-mini	c-hand-fused	aa4e73cee	CommandLine	p=0;a=3;u=0	6	0.0944	0.0934	0.0952	330154	
fusedT	2026-09-26	annies-mac-mini	c-hand-fused	aa4e73cee	Humanizer	p=0;a=0;u=0	6	0.1021	0.1014	0.1025	343754	
fusedT	2026-09-26	annies-mac-mini	c-hand-fused	aa4e73cee	Mono.Cecil	p=0;a=0;u=0	6	0.1032	0.1025	0.1042	161330	
fusedT	2026-09-26	annies-mac-mini	c-hand-fused	aa4e73cee	Newtonsoft.Json	p=0;a=11;u=0	6	0.2871	0.2842	0.2882	898354	
fusedT	2026-09-26	annies-mac-mini	c-hand-fused	aa4e73cee	System.Text.Json	p=0;a=8;u=0	6	0.2581	0.2562	0.2603	881626	
fusedT	2026-09-26	annies-mac-mini	c-hand-fused	aa4e73cee	NuGet.Packaging	p=8;a=22;u=0	6	0.1436	0.1415	0.1450	337658	
fusedT	2026-09-26	annies-mac-mini	c-hand-fused	aa4e73cee	Microsoft.CodeAnalysis.CSharp	p=0;a=0;u=0	6	1.9284	1.9128	1.9392	3337352	
fusedT	2026-09-26	annies-mac-mini	c-hand-fused	aa4e73cee	System.Private.CoreLib	p=0;a=31;u=1	6	3.2109	3.1617	3.2391	8876026	
fusedT	2026-09-26	annies-mac-mini	c-nlinq-fused	aa4e73cee	CommandLine	p=0;a=3;u=0	6	0.1046	0.1045	0.1050	330154	
fusedT	2026-09-26	annies-mac-mini	c-nlinq-fused	aa4e73cee	Humanizer	p=0;a=0;u=0	6	0.1122	0.1119	0.1126	343754	
fusedT	2026-09-26	annies-mac-mini	c-nlinq-fused	aa4e73cee	Mono.Cecil	p=0;a=0;u=0	6	0.1232	0.1225	0.1242	161330	
fusedT	2026-09-26	annies-mac-mini	c-nlinq-fused	aa4e73cee	Newtonsoft.Json	p=0;a=11;u=0	6	0.3155	0.3147	0.3166	898354	
fusedT	2026-09-26	annies-mac-mini	c-nlinq-fused	aa4e73cee	System.Text.Json	p=0;a=8;u=0	6	0.2858	0.2850	0.2877	881626	
fusedT	2026-09-26	annies-mac-mini	c-nlinq-fused	aa4e73cee	NuGet.Packaging	p=8;a=22;u=0	6	0.1699	0.1693	0.1704	337658	
fusedT	2026-09-26	annies-mac-mini	c-nlinq-fused	aa4e73cee	Microsoft.CodeAnalysis.CSharp	p=0;a=0;u=0	6	2.1591	2.1512	2.1730	3337354	
fusedT	2026-09-26	annies-mac-mini	c-nlinq-fused	aa4e73cee	System.Private.CoreLib	p=0;a=31;u=1	6	3.4039	3.3838	3.4079	8876028	
fusedT	2026-09-26	annies-mac-mini	c-planned-fused-guarded	aa4e73cee	CommandLine	p=0;a=3;u=0	6	0.1381	0.1372	0.1387	333298	
fusedT	2026-09-26	annies-mac-mini	c-planned-fused-guarded	aa4e73cee	Humanizer	p=0;a=0;u=0	6	0.1479	0.1474	0.1487	346898	
fusedT	2026-09-26	annies-mac-mini	c-planned-fused-guarded	aa4e73cee	Mono.Cecil	p=0;a=0;u=0	6	0.1860	0.1855	0.1880	164474	
fusedT	2026-09-26	annies-mac-mini	c-planned-fused-guarded	aa4e73cee	Newtonsoft.Json	p=0;a=11;u=0	6	0.4083	0.4067	0.4122	901499	
fusedT	2026-09-26	annies-mac-mini	c-planned-fused-guarded	aa4e73cee	System.Text.Json	p=0;a=8;u=0	6	0.3694	0.3682	0.3727	884770	
fusedT	2026-09-26	annies-mac-mini	c-planned-fused-guarded	aa4e73cee	NuGet.Packaging	p=8;a=22;u=0	6	0.2534	0.2522	0.2567	340802	
fusedT	2026-09-26	annies-mac-mini	c-planned-fused-guarded	aa4e73cee	Microsoft.CodeAnalysis.CSharp	p=0;a=0;u=0	6	2.9636	2.9515	2.9712	3340504	
fusedT	2026-09-26	annies-mac-mini	c-planned-fused-guarded	aa4e73cee	System.Private.CoreLib	p=0;a=31;u=1	6	3.9767	3.9589	3.9984	8879160	
fusedT	2026-09-26	annies-mac-mini	c-planned-fused-typescoped	aa4e73cee	CommandLine	p=0;a=3;u=0	6	0.1186	0.1181	0.1195	333298	
fusedT	2026-09-26	annies-mac-mini	c-planned-fused-typescoped	aa4e73cee	Humanizer	p=0;a=0;u=0	6	0.1412	0.1406	0.1428	346898	
fusedT	2026-09-26	annies-mac-mini	c-planned-fused-typescoped	aa4e73cee	Mono.Cecil	p=0;a=0;u=0	6	0.1741	0.1728	0.1752	164474	
fusedT	2026-09-26	annies-mac-mini	c-planned-fused-typescoped	aa4e73cee	Newtonsoft.Json	p=0;a=11;u=0	6	0.3836	0.3797	0.3848	901498	
fusedT	2026-09-26	annies-mac-mini	c-planned-fused-typescoped	aa4e73cee	System.Text.Json	p=0;a=8;u=0	6	0.3541	0.3502	0.3562	884770	
fusedT	2026-09-26	annies-mac-mini	c-planned-fused-typescoped	aa4e73cee	NuGet.Packaging	p=8;a=22;u=0	6	0.2220	0.2206	0.2264	340802	
fusedT	2026-09-26	annies-mac-mini	c-planned-fused-typescoped	aa4e73cee	Microsoft.CodeAnalysis.CSharp	p=0;a=0;u=0	6	2.7528	2.7293	2.7782	3340502	
fusedT	2026-09-26	annies-mac-mini	c-planned-fused-typescoped	aa4e73cee	System.Private.CoreLib	p=0;a=31;u=1	6	3.8310	3.8172	3.8576	8879176	
fusedT	2026-09-26	annies-mac-mini	c-legacy	aa4e73cee	CommandLine	p=0;a=3;u=0	6	0.1925	0.1911	0.1932	613132	
fusedT	2026-09-26	annies-mac-mini	c-legacy	aa4e73cee	Humanizer	p=0;a=0;u=0	6	0.2096	0.2090	0.2112	761394	
fusedT	2026-09-26	annies-mac-mini	c-legacy	aa4e73cee	Mono.Cecil	p=0;a=0;u=0	6	0.2661	0.2646	0.2681	759850	
fusedT	2026-09-26	annies-mac-mini	c-legacy	aa4e73cee	Newtonsoft.Json	p=0;a=11;u=0	6	0.5531	0.5458	0.5563	1750317	
fusedT	2026-09-26	annies-mac-mini	c-legacy	aa4e73cee	System.Text.Json	p=0;a=8;u=0	6	0.4991	0.4960	0.5015	1661496	
fusedT	2026-09-26	annies-mac-mini	c-legacy	aa4e73cee	NuGet.Packaging	p=8;a=22;u=0	6	0.4890	0.4857	0.4897	1476512	
fusedT	2026-09-26	annies-mac-mini	c-legacy	aa4e73cee	Microsoft.CodeAnalysis.CSharp	p=0;a=0;u=0	6	4.1687	4.1355	4.1810	9857177	
fusedT	2026-09-26	annies-mac-mini	c-legacy	aa4e73cee	System.Private.CoreLib	p=0;a=31;u=1	6	14.8019	14.6993	15.0105	36600391	
fusedT	2026-09-26	fernie	c-hand-fused	aa4e73cee	CommandLine	p=0;a=3;u=0	6	0.1842	0.1806	0.1946	330154	
fusedT	2026-09-26	fernie	c-hand-fused	aa4e73cee	Humanizer	p=0;a=0;u=0	6	0.1964	0.1951	0.2066	343754	
fusedT	2026-09-26	fernie	c-hand-fused	aa4e73cee	Mono.Cecil	p=0;a=0;u=0	6	0.1894	0.1889	0.1986	161330	
fusedT	2026-09-26	fernie	c-hand-fused	aa4e73cee	Newtonsoft.Json	p=0;a=11;u=0	6	0.5406	0.5400	0.5608	898346	
fusedT	2026-09-26	fernie	c-hand-fused	aa4e73cee	System.Text.Json	p=0;a=8;u=0	6	0.4798	0.4791	0.4986	881616	
fusedT	2026-09-26	fernie	c-hand-fused	aa4e73cee	NuGet.Packaging	p=8;a=22;u=0	6	0.2783	0.2769	0.2959	337658	
fusedT	2026-09-26	fernie	c-hand-fused	aa4e73cee	Microsoft.CodeAnalysis.CSharp	p=0;a=0;u=0	6	3.3218	3.3171	3.4111	3337363	
fusedT	2026-09-26	fernie	c-hand-fused	aa4e73cee	System.Private.CoreLib	p=0;a=31;u=1	6	5.4354	5.4172	5.5044	8876023	
fusedT	2026-09-26	fernie	c-nlinq-fused	aa4e73cee	CommandLine	p=0;a=3;u=0	6	0.2140	0.2081	0.2442	330154	
fusedT	2026-09-26	fernie	c-nlinq-fused	aa4e73cee	Humanizer	p=0;a=0;u=0	6	0.2234	0.2217	0.2389	343754	
fusedT	2026-09-26	fernie	c-nlinq-fused	aa4e73cee	Mono.Cecil	p=0;a=0;u=0	6	0.2425	0.2418	0.2591	161330	
fusedT	2026-09-26	fernie	c-nlinq-fused	aa4e73cee	Newtonsoft.Json	p=0;a=11;u=0	6	0.6165	0.6100	0.6500	898348	
fusedT	2026-09-26	fernie	c-nlinq-fused	aa4e73cee	System.Text.Json	p=0;a=8;u=0	6	0.5450	0.5434	0.5816	881618	
fusedT	2026-09-26	fernie	c-nlinq-fused	aa4e73cee	NuGet.Packaging	p=8;a=22;u=0	6	0.3430	0.3418	0.3606	337658	
fusedT	2026-09-26	fernie	c-nlinq-fused	aa4e73cee	Microsoft.CodeAnalysis.CSharp	p=0;a=0;u=0	6	4.0929	4.0847	4.4367	3337353	
fusedT	2026-09-26	fernie	c-nlinq-fused	aa4e73cee	System.Private.CoreLib	p=0;a=31;u=1	6	6.0733	6.0228	6.5860	8876025	
fusedT	2026-09-26	fernie	c-planned-fused-guarded	aa4e73cee	CommandLine	p=0;a=3;u=0	6	0.2662	0.2646	0.2843	333298	
fusedT	2026-09-26	fernie	c-planned-fused-guarded	aa4e73cee	Humanizer	p=0;a=0;u=0	6	0.2859	0.2842	0.3195	346898	
fusedT	2026-09-26	fernie	c-planned-fused-guarded	aa4e73cee	Mono.Cecil	p=0;a=0;u=0	6	0.3576	0.3489	0.6237	164474	
fusedT	2026-09-26	fernie	c-planned-fused-guarded	aa4e73cee	Newtonsoft.Json	p=0;a=11;u=0	6	0.7808	0.7530	1.4755	901497	
fusedT	2026-09-26	fernie	c-planned-fused-guarded	aa4e73cee	System.Text.Json	p=0;a=8;u=0	6	0.6719	0.6691	1.3955	884766	
fusedT	2026-09-26	fernie	c-planned-fused-guarded	aa4e73cee	NuGet.Packaging	p=8;a=22;u=0	6	0.4825	0.4707	0.5121	340802	
fusedT	2026-09-26	fernie	c-planned-fused-guarded	aa4e73cee	Microsoft.CodeAnalysis.CSharp	p=0;a=0;u=0	6	5.4624	5.4369	6.8628	3340503	
fusedT	2026-09-26	fernie	c-planned-fused-guarded	aa4e73cee	System.Private.CoreLib	p=0;a=31;u=1	6	7.0281	6.9624	15.7908	8879173	
fusedT	2026-09-26	fernie	c-planned-fused-typescoped	aa4e73cee	CommandLine	p=0;a=3;u=0	6	0.2317	0.2236	0.3871	333298	
fusedT	2026-09-26	fernie	c-planned-fused-typescoped	aa4e73cee	Humanizer	p=0;a=0;u=0	6	0.2778	0.2687	0.4897	346898	
fusedT	2026-09-26	fernie	c-planned-fused-typescoped	aa4e73cee	Mono.Cecil	p=0;a=0;u=0	6	0.3192	0.3181	0.6256	164474	
fusedT	2026-09-26	fernie	c-planned-fused-typescoped	aa4e73cee	Newtonsoft.Json	p=0;a=11;u=0	6	0.7042	0.6995	1.3785	901495	
fusedT	2026-09-26	fernie	c-planned-fused-typescoped	aa4e73cee	System.Text.Json	p=0;a=8;u=0	6	0.6372	0.6328	1.2568	884765	
fusedT	2026-09-26	fernie	c-planned-fused-typescoped	aa4e73cee	NuGet.Packaging	p=8;a=22;u=0	6	0.4113	0.4082	0.4909	340803	
fusedT	2026-09-26	fernie	c-planned-fused-typescoped	aa4e73cee	Microsoft.CodeAnalysis.CSharp	p=0;a=0;u=0	6	5.0135	4.9812	5.4658	3340501	
fusedT	2026-09-26	fernie	c-planned-fused-typescoped	aa4e73cee	System.Private.CoreLib	p=0;a=31;u=1	6	6.6339	6.6138	7.2664	8879172	
fusedT	2026-09-26	fernie	c-legacy	aa4e73cee	CommandLine	p=0;a=3;u=0	6	0.3640	0.3632	0.3895	613121	
fusedT	2026-09-26	fernie	c-legacy	aa4e73cee	Humanizer	p=0;a=0;u=0	6	0.3831	0.3818	0.3844	761394	
fusedT	2026-09-26	fernie	c-legacy	aa4e73cee	Mono.Cecil	p=0;a=0;u=0	6	0.4708	0.4699	0.4834	759855	
fusedT	2026-09-26	fernie	c-legacy	aa4e73cee	Newtonsoft.Json	p=0;a=11;u=0	6	1.0006	0.9973	1.0143	1749855	
fusedT	2026-09-26	fernie	c-legacy	aa4e73cee	System.Text.Json	p=0;a=8;u=0	6	0.9022	0.9001	0.9636	1661495	
fusedT	2026-09-26	fernie	c-legacy	aa4e73cee	NuGet.Packaging	p=8;a=22;u=0	6	0.9044	0.9000	0.9551	1476632	
fusedT	2026-09-26	fernie	c-legacy	aa4e73cee	Microsoft.CodeAnalysis.CSharp	p=0;a=0;u=0	6	6.5076	6.4228	6.5673	9857187	
fusedT	2026-09-26	fernie	c-legacy	aa4e73cee	System.Private.CoreLib	p=0;a=31;u=1	6	25.7192	25.0938	27.4000	36600184	
kern	2026-09-26	mac	nlinq	8642951fc	CommandLine	3	6	0.0701	0.0687	0.0711	258698	
kern	2026-09-26	mac	nlinq	8642951fc	Humanizer	0	6	0.0884	0.0875	0.0906	301050	
kern	2026-09-26	mac	nlinq	8642951fc	Mono.Cecil	0	6	0.0806	0.0790	0.0831	104538	
kern	2026-09-26	mac	nlinq	8642951fc	Newtonsoft.Json	11	6	0.2479	0.2434	0.2544	793370	
kern	2026-09-26	mac	nlinq	8642951fc	System.Text.Json	8	6	0.2228	0.2160	0.2260	784394	
kern	2026-09-26	mac	nlinq	8642951fc	NuGet.Packaging	22	6	0.1179	0.1154	0.1222	269322	
kern	2026-09-26	mac	nlinq	8642951fc	Microsoft.CodeAnalysis.CSharp	0	6	1.5065	1.4632	1.5548	2330969	
kern	2026-09-26	mac	nlinq	8642951fc	System.Private.CoreLib	31	6	3.4629	3.4035	3.5569	8874348	
kern	2026-09-26	mac	planned	8642951fc	CommandLine	3	6	0.0791	0.0786	0.0816	259442	
kern	2026-09-26	mac	planned	8642951fc	Humanizer	0	6	0.0997	0.0979	0.1015	301794	
kern	2026-09-26	mac	planned	8642951fc	Mono.Cecil	0	6	0.1011	0.0996	0.1040	105282	
kern	2026-09-26	mac	planned	8642951fc	Newtonsoft.Json	11	6	0.2730	0.2708	0.2817	794114	
kern	2026-09-26	mac	planned	8642951fc	System.Text.Json	8	6	0.2471	0.2431	0.2550	785138	
kern	2026-09-26	mac	planned	8642951fc	NuGet.Packaging	22	6	0.1460	0.1412	0.1480	270066	
kern	2026-09-26	mac	planned	8642951fc	Microsoft.CodeAnalysis.CSharp	0	6	1.7518	1.7046	1.7772	2331717	
kern	2026-09-26	mac	planned	8642951fc	System.Private.CoreLib	31	6	3.6681	3.5718	3.7519	8875094	
kern	2026-09-26	mac	k-interp	8642951fc	CommandLine	3	6	0.0691	0.0679	0.0713	259442	
kern	2026-09-26	mac	k-interp	8642951fc	Humanizer	0	6	0.0925	0.0911	0.0945	301794	
kern	2026-09-26	mac	k-interp	8642951fc	Mono.Cecil	0	6	0.0885	0.0873	0.0908	105282	
kern	2026-09-26	mac	k-interp	8642951fc	Newtonsoft.Json	11	6	0.2519	0.2489	0.2613	794114	
kern	2026-09-26	mac	k-interp	8642951fc	System.Text.Json	8	6	0.2303	0.2267	0.2341	785138	
kern	2026-09-26	mac	k-interp	8642951fc	NuGet.Packaging	22	6	0.1241	0.1227	0.1279	270066	
kern	2026-09-26	mac	k-interp	8642951fc	Microsoft.CodeAnalysis.CSharp	0	6	1.5863	1.5390	1.6287	2331714	
kern	2026-09-26	mac	k-interp	8642951fc	System.Private.CoreLib	31	6	3.5823	3.4786	3.6411	8875093	
kern	2026-09-26	mac	k-kernel	8642951fc	CommandLine	3	6	0.0643	0.0635	0.0657	259442	
kern	2026-09-26	mac	k-kernel	8642951fc	Humanizer	0	6	0.0849	0.0836	0.0865	301794	
kern	2026-09-26	mac	k-kernel	8642951fc	Mono.Cecil	0	6	0.0728	0.0712	0.0742	105282	
kern	2026-09-26	mac	k-kernel	8642951fc	Newtonsoft.Json	11	6	0.2298	0.2292	0.2327	794114	
kern	2026-09-26	mac	k-kernel	8642951fc	System.Text.Json	8	6	0.2061	0.2056	0.2075	785138	
kern	2026-09-26	mac	k-kernel	8642951fc	NuGet.Packaging	22	6	0.1049	0.1030	0.1078	270066	
kern	2026-09-26	mac	k-kernel	8642951fc	Microsoft.CodeAnalysis.CSharp	0	6	1.3899	1.3795	1.4215	2331711	
kern	2026-09-26	mac	k-kernel	8642951fc	System.Private.CoreLib	31	6	3.3374	3.3283	3.4305	8875091	
kern	2026-09-26	mac	k-hand-exists	8642951fc	CommandLine	true	6	0.0346	0.0345	0.0350	152170	
kern	2026-09-26	mac	k-hand-exists	8642951fc	Humanizer	false	6	0.0835	0.0827	0.0847	301050	
kern	2026-09-26	mac	k-hand-exists	8642951fc	Mono.Cecil	false	6	0.0697	0.0682	0.0704	104538	
kern	2026-09-26	mac	k-hand-exists	8642951fc	Newtonsoft.Json	true	6	0.0333	0.0327	0.0342	152746	
kern	2026-09-26	mac	k-hand-exists	8642951fc	System.Text.Json	true	6	0.0031	0.0030	0.0032	4906	
kern	2026-09-26	mac	k-hand-exists	8642951fc	NuGet.Packaging	true	6	0.0218	0.0213	0.0220	68202	
kern	2026-09-26	mac	k-hand-exists	8642951fc	Microsoft.CodeAnalysis.CSharp	false	6	1.3627	1.3277	1.3892	2330966	
kern	2026-09-26	mac	k-hand-exists	8642951fc	System.Private.CoreLib	true	6	1.2448	1.2336	1.2670	3885108	
kern	2026-09-26	mac	nlinq-exists	8642951fc	CommandLine	true	6	0.0380	0.0370	0.0388	152170	
kern	2026-09-26	mac	nlinq-exists	8642951fc	Humanizer	false	6	0.0941	0.0922	0.0966	301050	
kern	2026-09-26	mac	nlinq-exists	8642951fc	Mono.Cecil	false	6	0.0902	0.0880	0.0924	104538	
kern	2026-09-26	mac	nlinq-exists	8642951fc	Newtonsoft.Json	true	6	0.0353	0.0343	0.0362	152746	
kern	2026-09-26	mac	nlinq-exists	8642951fc	System.Text.Json	true	6	0.0046	0.0044	0.0047	4906	
kern	2026-09-26	mac	nlinq-exists	8642951fc	NuGet.Packaging	true	6	0.0241	0.0236	0.0243	68202	
kern	2026-09-26	mac	nlinq-exists	8642951fc	Microsoft.CodeAnalysis.CSharp	false	6	1.5721	1.5662	1.6980	2330970	
kern	2026-09-26	mac	nlinq-exists	8642951fc	System.Private.CoreLib	true	6	1.3206	1.3067	1.4494	3885109	
kern	2026-09-26	mac	k-interp-exists	8642951fc	CommandLine	true	6	0.0370	0.0367	0.0383	152914	
kern	2026-09-26	mac	k-interp-exists	8642951fc	Humanizer	false	6	0.0929	0.0915	0.0956	301794	
kern	2026-09-26	mac	k-interp-exists	8642951fc	Mono.Cecil	false	6	0.0903	0.0884	0.0916	105282	
kern	2026-09-26	mac	k-interp-exists	8642951fc	Newtonsoft.Json	true	6	0.0355	0.0348	0.0362	153490	
kern	2026-09-26	mac	k-interp-exists	8642951fc	System.Text.Json	true	6	0.0046	0.0044	0.0048	5650	
kern	2026-09-26	mac	k-interp-exists	8642951fc	NuGet.Packaging	true	6	0.0239	0.0236	0.0244	68946	
kern	2026-09-26	mac	k-interp-exists	8642951fc	Microsoft.CodeAnalysis.CSharp	false	6	1.5823	1.5384	1.7285	2331713	
kern	2026-09-26	mac	k-interp-exists	8642951fc	System.Private.CoreLib	true	6	1.3527	1.3101	1.4248	3885853	
kern	2026-09-26	mac	k-kernel-exists	8642951fc	CommandLine	true	6	0.0352	0.0351	0.0355	152914	
kern	2026-09-26	mac	k-kernel-exists	8642951fc	Humanizer	false	6	0.0851	0.0842	0.0860	301794	
kern	2026-09-26	mac	k-kernel-exists	8642951fc	Mono.Cecil	false	6	0.0737	0.0714	0.0740	105282	
kern	2026-09-26	mac	k-kernel-exists	8642951fc	Newtonsoft.Json	true	6	0.0337	0.0332	0.0342	153490	
kern	2026-09-26	mac	k-kernel-exists	8642951fc	System.Text.Json	true	6	0.0034	0.0034	0.0035	5650	
kern	2026-09-26	mac	k-kernel-exists	8642951fc	NuGet.Packaging	true	6	0.0219	0.0217	0.0223	68946	
kern	2026-09-26	mac	k-kernel-exists	8642951fc	Microsoft.CodeAnalysis.CSharp	false	6	1.3898	1.3798	1.4638	2331711	
kern	2026-09-26	mac	k-kernel-exists	8642951fc	System.Private.CoreLib	true	6	1.2734	1.2669	1.3967	3885853	
kern	2026-09-26	mac	hand	8642951fc	CommandLine	3	6	0.0638	0.0625	0.0654	258698	
kern	2026-09-26	mac	hand	8642951fc	Humanizer	0	6	0.0830	0.0819	0.0862	301050	
kern	2026-09-26	mac	hand	8642951fc	Mono.Cecil	0	6	0.0694	0.0683	0.0715	104538	
kern	2026-09-26	mac	hand	8642951fc	Newtonsoft.Json	11	6	0.2313	0.2263	0.2376	793370	
kern	2026-09-26	mac	hand	8642951fc	System.Text.Json	8	6	0.2054	0.2010	0.2133	784394	
kern	2026-09-26	mac	hand	8642951fc	NuGet.Packaging	22	6	0.1030	0.1012	0.1083	269322	
kern	2026-09-26	mac	hand	8642951fc	Microsoft.CodeAnalysis.CSharp	0	6	1.3523	1.3341	1.3970	2330966	
kern	2026-09-26	mac	hand	8642951fc	System.Private.CoreLib	31	6	3.2972	3.2764	3.3594	8874347	
kern	2026-09-26	annies-mac-mini	nlinq	8642951fc	CommandLine	3	6	0.0682	0.0679	0.0688	258698	
kern	2026-09-26	annies-mac-mini	nlinq	8642951fc	Humanizer	0	6	0.0865	0.0859	0.0868	301050	
kern	2026-09-26	annies-mac-mini	nlinq	8642951fc	Mono.Cecil	0	6	0.0794	0.0790	0.0807	104538	
kern	2026-09-26	annies-mac-mini	nlinq	8642951fc	Newtonsoft.Json	11	6	0.2404	0.2343	0.2427	793370	
kern	2026-09-26	annies-mac-mini	nlinq	8642951fc	System.Text.Json	8	6	0.2168	0.2121	0.2177	784394	
kern	2026-09-26	annies-mac-mini	nlinq	8642951fc	NuGet.Packaging	22	6	0.1177	0.1165	0.1190	269322	
kern	2026-09-26	annies-mac-mini	nlinq	8642951fc	Microsoft.CodeAnalysis.CSharp	0	6	1.4494	1.3928	1.4599	2330968	
kern	2026-09-26	annies-mac-mini	nlinq	8642951fc	System.Private.CoreLib	31	6	3.3457	3.2296	3.3691	8874347	
kern	2026-09-26	annies-mac-mini	planned	8642951fc	CommandLine	3	6	0.0781	0.0779	0.0788	259442	
kern	2026-09-26	annies-mac-mini	planned	8642951fc	Humanizer	0	6	0.0977	0.0969	0.0982	301794	
kern	2026-09-26	annies-mac-mini	planned	8642951fc	Mono.Cecil	0	6	0.0996	0.0987	0.1000	105282	
kern	2026-09-26	annies-mac-mini	planned	8642951fc	Newtonsoft.Json	11	6	0.2686	0.2660	0.2712	794114	
kern	2026-09-26	annies-mac-mini	planned	8642951fc	System.Text.Json	8	6	0.2432	0.2408	0.2451	785138	
kern	2026-09-26	annies-mac-mini	planned	8642951fc	NuGet.Packaging	22	6	0.1413	0.1401	0.1425	270066	
kern	2026-09-26	annies-mac-mini	planned	8642951fc	Microsoft.CodeAnalysis.CSharp	0	6	1.6907	1.6645	1.6947	2331716	
kern	2026-09-26	annies-mac-mini	planned	8642951fc	System.Private.CoreLib	31	6	3.5606	3.4726	3.5732	8875093	
kern	2026-09-26	annies-mac-mini	k-interp	8642951fc	CommandLine	3	6	0.0675	0.0672	0.0678	259442	
kern	2026-09-26	annies-mac-mini	k-interp	8642951fc	Humanizer	0	6	0.0906	0.0902	0.0910	301794	
kern	2026-09-26	annies-mac-mini	k-interp	8642951fc	Mono.Cecil	0	6	0.0872	0.0862	0.0876	105282	
kern	2026-09-26	annies-mac-mini	k-interp	8642951fc	Newtonsoft.Json	11	6	0.2482	0.2458	0.2493	794114	
kern	2026-09-26	annies-mac-mini	k-interp	8642951fc	System.Text.Json	8	6	0.2249	0.2239	0.2257	785138	
kern	2026-09-26	annies-mac-mini	k-interp	8642951fc	NuGet.Packaging	22	6	0.1220	0.1215	0.1230	270066	
kern	2026-09-26	annies-mac-mini	k-interp	8642951fc	Microsoft.CodeAnalysis.CSharp	0	6	1.5194	1.4987	1.5230	2331713	
kern	2026-09-26	annies-mac-mini	k-interp	8642951fc	System.Private.CoreLib	31	6	3.4156	3.3404	3.4347	8875092	
kern	2026-09-26	annies-mac-mini	k-kernel	8642951fc	CommandLine	3	6	0.0632	0.0630	0.0643	259442	
kern	2026-09-26	annies-mac-mini	k-kernel	8642951fc	Humanizer	0	6	0.0832	0.0827	0.0844	301794	
kern	2026-09-26	annies-mac-mini	k-kernel	8642951fc	Mono.Cecil	0	6	0.0717	0.0710	0.0720	105282	
kern	2026-09-26	annies-mac-mini	k-kernel	8642951fc	Newtonsoft.Json	11	6	0.2281	0.2266	0.2311	794114	
kern	2026-09-26	annies-mac-mini	k-kernel	8642951fc	System.Text.Json	8	6	0.2046	0.2035	0.2090	785138	
kern	2026-09-26	annies-mac-mini	k-kernel	8642951fc	NuGet.Packaging	22	6	0.1055	0.1053	0.1083	270066	
kern	2026-09-26	annies-mac-mini	k-kernel	8642951fc	Microsoft.CodeAnalysis.CSharp	0	6	1.3659	1.3257	1.3882	2331710	
kern	2026-09-26	annies-mac-mini	k-kernel	8642951fc	System.Private.CoreLib	31	6	3.2915	3.2098	3.3072	8875091	
kern	2026-09-26	annies-mac-mini	k-hand-exists	8642951fc	CommandLine	true	6	0.0343	0.0341	0.0350	152170	
kern	2026-09-26	annies-mac-mini	k-hand-exists	8642951fc	Humanizer	false	6	0.0819	0.0814	0.0832	301050	
kern	2026-09-26	annies-mac-mini	k-hand-exists	8642951fc	Mono.Cecil	false	6	0.0691	0.0685	0.0692	104538	
kern	2026-09-26	annies-mac-mini	k-hand-exists	8642951fc	Newtonsoft.Json	true	6	0.0330	0.0325	0.0335	152746	
kern	2026-09-26	annies-mac-mini	k-hand-exists	8642951fc	System.Text.Json	true	6	0.0030	0.0030	0.0032	4906	
kern	2026-09-26	annies-mac-mini	k-hand-exists	8642951fc	NuGet.Packaging	true	6	0.0212	0.0210	0.0215	68202	
kern	2026-09-26	annies-mac-mini	k-hand-exists	8642951fc	Microsoft.CodeAnalysis.CSharp	false	6	1.3191	1.2984	1.3242	2330966	
kern	2026-09-26	annies-mac-mini	k-hand-exists	8642951fc	System.Private.CoreLib	true	6	1.2196	1.2098	1.2394	3885108	
kern	2026-09-26	annies-mac-mini	nlinq-exists	8642951fc	CommandLine	true	6	0.0372	0.0370	0.0378	152170	
kern	2026-09-26	annies-mac-mini	nlinq-exists	8642951fc	Humanizer	false	6	0.0915	0.0907	0.0921	301050	
kern	2026-09-26	annies-mac-mini	nlinq-exists	8642951fc	Mono.Cecil	false	6	0.0882	0.0872	0.0888	104538	
kern	2026-09-26	annies-mac-mini	nlinq-exists	8642951fc	Newtonsoft.Json	true	6	0.0341	0.0340	0.0343	152746	
kern	2026-09-26	annies-mac-mini	nlinq-exists	8642951fc	System.Text.Json	true	6	0.0044	0.0044	0.0045	4906	
kern	2026-09-26	annies-mac-mini	nlinq-exists	8642951fc	NuGet.Packaging	true	6	0.0238	0.0237	0.0240	68202	
kern	2026-09-26	annies-mac-mini	nlinq-exists	8642951fc	Microsoft.CodeAnalysis.CSharp	false	6	1.5416	1.5185	1.5557	2330969	
kern	2026-09-26	annies-mac-mini	nlinq-exists	8642951fc	System.Private.CoreLib	true	6	1.2946	1.2791	1.2976	3885109	
kern	2026-09-26	annies-mac-mini	k-interp-exists	8642951fc	CommandLine	true	6	0.0363	0.0362	0.0370	152914	
kern	2026-09-26	annies-mac-mini	k-interp-exists	8642951fc	Humanizer	false	6	0.0913	0.0906	0.0918	301794	
kern	2026-09-26	annies-mac-mini	k-interp-exists	8642951fc	Mono.Cecil	false	6	0.0875	0.0853	0.0882	105282	
kern	2026-09-26	annies-mac-mini	k-interp-exists	8642951fc	Newtonsoft.Json	true	6	0.0344	0.0342	0.0347	153490	
kern	2026-09-26	annies-mac-mini	k-interp-exists	8642951fc	System.Text.Json	true	6	0.0044	0.0043	0.0046	5650	
kern	2026-09-26	annies-mac-mini	k-interp-exists	8642951fc	NuGet.Packaging	true	6	0.0234	0.0231	0.0235	68946	
kern	2026-09-26	annies-mac-mini	k-interp-exists	8642951fc	Microsoft.CodeAnalysis.CSharp	false	6	1.5240	1.5124	1.5323	2331713	
kern	2026-09-26	annies-mac-mini	k-interp-exists	8642951fc	System.Private.CoreLib	true	6	1.2969	1.2874	1.3182	3885853	
kern	2026-09-26	annies-mac-mini	k-kernel-exists	8642951fc	CommandLine	true	6	0.0349	0.0346	0.0353	152914	
kern	2026-09-26	annies-mac-mini	k-kernel-exists	8642951fc	Humanizer	false	6	0.0829	0.0826	0.0840	301794	
kern	2026-09-26	annies-mac-mini	k-kernel-exists	8642951fc	Mono.Cecil	false	6	0.0720	0.0711	0.0722	105282	
kern	2026-09-26	annies-mac-mini	k-kernel-exists	8642951fc	Newtonsoft.Json	true	6	0.0335	0.0332	0.0340	153490	
kern	2026-09-26	annies-mac-mini	k-kernel-exists	8642951fc	System.Text.Json	true	6	0.0034	0.0033	0.0034	5650	
kern	2026-09-26	annies-mac-mini	k-kernel-exists	8642951fc	NuGet.Packaging	true	6	0.0217	0.0215	0.0219	68946	
kern	2026-09-26	annies-mac-mini	k-kernel-exists	8642951fc	Microsoft.CodeAnalysis.CSharp	false	6	1.3631	1.3543	1.3655	2331710	
kern	2026-09-26	annies-mac-mini	k-kernel-exists	8642951fc	System.Private.CoreLib	true	6	1.2441	1.2315	1.2565	3885852	
kern	2026-09-26	annies-mac-mini	hand	8642951fc	CommandLine	3	6	0.0625	0.0621	0.0640	258698	
kern	2026-09-26	annies-mac-mini	hand	8642951fc	Humanizer	0	6	0.0826	0.0820	0.0829	301050	
kern	2026-09-26	annies-mac-mini	hand	8642951fc	Mono.Cecil	0	6	0.0689	0.0676	0.0694	104538	
kern	2026-09-26	annies-mac-mini	hand	8642951fc	Newtonsoft.Json	11	6	0.2265	0.2247	0.2303	793370	
kern	2026-09-26	annies-mac-mini	hand	8642951fc	System.Text.Json	8	6	0.2026	0.1995	0.2076	784394	
kern	2026-09-26	annies-mac-mini	hand	8642951fc	NuGet.Packaging	22	6	0.1038	0.1010	0.1052	269322	
kern	2026-09-26	annies-mac-mini	hand	8642951fc	Microsoft.CodeAnalysis.CSharp	0	6	1.3268	1.3104	1.3403	2330966	
kern	2026-09-26	annies-mac-mini	hand	8642951fc	System.Private.CoreLib	31	6	3.2614	3.1985	3.2731	8874347	
kern	2026-09-26	merritt	nlinq	8642951fc	CommandLine	3	6	0.0596	0.0591	0.0600	258698	
kern	2026-09-26	merritt	nlinq	8642951fc	Humanizer	0	6	0.0761	0.0757	0.0765	301050	
kern	2026-09-26	merritt	nlinq	8642951fc	Mono.Cecil	0	6	0.0708	0.0700	0.0714	104538	
kern	2026-09-26	merritt	nlinq	8642951fc	Newtonsoft.Json	11	6	0.2132	0.2115	0.2147	793370	
kern	2026-09-26	merritt	nlinq	8642951fc	System.Text.Json	8	6	0.1880	0.1852	0.1893	784394	
kern	2026-09-26	merritt	nlinq	8642951fc	NuGet.Packaging	22	6	0.1027	0.1017	0.1036	269322	
kern	2026-09-26	merritt	nlinq	8642951fc	Microsoft.CodeAnalysis.CSharp	0	6	1.3184	1.3018	1.3215	2330965	
kern	2026-09-26	merritt	nlinq	8642951fc	System.Private.CoreLib	31	6	2.7850	2.7635	2.8211	8874343	
kern	2026-09-26	merritt	planned	8642951fc	CommandLine	3	6	0.0723	0.0712	0.0756	259442	
kern	2026-09-26	merritt	planned	8642951fc	Humanizer	0	6	0.0880	0.0871	0.0923	301794	
kern	2026-09-26	merritt	planned	8642951fc	Mono.Cecil	0	6	0.0943	0.0938	0.0964	105282	
kern	2026-09-26	merritt	planned	8642951fc	Newtonsoft.Json	11	6	0.2458	0.2437	0.2561	794114	
kern	2026-09-26	merritt	planned	8642951fc	System.Text.Json	8	6	0.2206	0.2182	0.2352	785138	
kern	2026-09-26	merritt	planned	8642951fc	NuGet.Packaging	22	6	0.1363	0.1337	0.1417	270066	
kern	2026-09-26	merritt	planned	8642951fc	Microsoft.CodeAnalysis.CSharp	0	6	1.5999	1.5761	1.6369	2331714	
kern	2026-09-26	merritt	planned	8642951fc	System.Private.CoreLib	31	6	3.0505	2.9826	3.0606	8875089	
kern	2026-09-26	merritt	k-interp	8642951fc	CommandLine	3	6	0.0606	0.0603	0.0640	259442	
kern	2026-09-26	merritt	k-interp	8642951fc	Humanizer	0	6	0.0830	0.0824	0.0878	301794	
kern	2026-09-26	merritt	k-interp	8642951fc	Mono.Cecil	0	6	0.0842	0.0839	0.0851	105282	
kern	2026-09-26	merritt	k-interp	8642951fc	Newtonsoft.Json	11	6	0.2287	0.2281	0.2356	794114	
kern	2026-09-26	merritt	k-interp	8642951fc	System.Text.Json	8	6	0.2054	0.2044	0.2177	785138	
kern	2026-09-26	merritt	k-interp	8642951fc	NuGet.Packaging	22	6	0.1159	0.1152	0.1204	270066	
kern	2026-09-26	merritt	k-interp	8642951fc	Microsoft.CodeAnalysis.CSharp	0	6	1.4566	1.4531	1.4779	2331712	
kern	2026-09-26	merritt	k-interp	8642951fc	System.Private.CoreLib	31	6	2.9283	2.9237	2.9681	8875088	
kern	2026-09-26	merritt	k-kernel	8642951fc	CommandLine	3	6	0.0563	0.0556	0.0565	259442	
kern	2026-09-26	merritt	k-kernel	8642951fc	Humanizer	0	6	0.0763	0.0756	0.0766	301794	
kern	2026-09-26	merritt	k-kernel	8642951fc	Mono.Cecil	0	6	0.0699	0.0692	0.0701	105282	
kern	2026-09-26	merritt	k-kernel	8642951fc	Newtonsoft.Json	11	6	0.2068	0.2039	0.2082	794114	
kern	2026-09-26	merritt	k-kernel	8642951fc	System.Text.Json	8	6	0.1859	0.1839	0.1863	785138	
kern	2026-09-26	merritt	k-kernel	8642951fc	NuGet.Packaging	22	6	0.0970	0.0960	0.0975	270066	
kern	2026-09-26	merritt	k-kernel	8642951fc	Microsoft.CodeAnalysis.CSharp	0	6	1.3357	1.3297	1.3510	2331710	
kern	2026-09-26	merritt	k-kernel	8642951fc	System.Private.CoreLib	31	6	2.8117	2.7714	2.8363	8875087	
kern	2026-09-26	merritt	k-hand-exists	8642951fc	CommandLine	true	6	0.0290	0.0286	0.0294	152170	
kern	2026-09-26	merritt	k-hand-exists	8642951fc	Humanizer	false	6	0.0704	0.0697	0.0705	301050	
kern	2026-09-26	merritt	k-hand-exists	8642951fc	Mono.Cecil	false	6	0.0587	0.0580	0.0591	104538	
kern	2026-09-26	merritt	k-hand-exists	8642951fc	Newtonsoft.Json	true	6	0.0279	0.0274	0.0282	152746	
kern	2026-09-26	merritt	k-hand-exists	8642951fc	System.Text.Json	true	6	0.0028	0.0027	0.0028	4906	
kern	2026-09-26	merritt	k-hand-exists	8642951fc	NuGet.Packaging	true	6	0.0177	0.0173	0.0178	68202	
kern	2026-09-26	merritt	k-hand-exists	8642951fc	Microsoft.CodeAnalysis.CSharp	false	6	1.1793	1.1628	1.1848	2330963	
kern	2026-09-26	merritt	k-hand-exists	8642951fc	System.Private.CoreLib	true	6	1.0258	1.0155	1.0407	3885105	
kern	2026-09-26	merritt	nlinq-exists	8642951fc	CommandLine	true	6	0.0315	0.0313	0.0322	152170	
kern	2026-09-26	merritt	nlinq-exists	8642951fc	Humanizer	false	6	0.0791	0.0783	0.0800	301050	
kern	2026-09-26	merritt	nlinq-exists	8642951fc	Mono.Cecil	false	6	0.0776	0.0767	0.0784	104538	
kern	2026-09-26	merritt	nlinq-exists	8642951fc	Newtonsoft.Json	true	6	0.0289	0.0289	0.0299	152746	
kern	2026-09-26	merritt	nlinq-exists	8642951fc	System.Text.Json	true	6	0.0041	0.0041	0.0041	4906	
kern	2026-09-26	merritt	nlinq-exists	8642951fc	NuGet.Packaging	true	6	0.0205	0.0203	0.0207	68202	
kern	2026-09-26	merritt	nlinq-exists	8642951fc	Microsoft.CodeAnalysis.CSharp	false	6	1.3889	1.3762	1.3981	2330966	
kern	2026-09-26	merritt	nlinq-exists	8642951fc	System.Private.CoreLib	true	6	1.0977	1.0857	1.1191	3885106	
kern	2026-09-26	merritt	k-interp-exists	8642951fc	CommandLine	true	6	0.0317	0.0313	0.0328	152914	
kern	2026-09-26	merritt	k-interp-exists	8642951fc	Humanizer	false	6	0.0826	0.0811	0.0841	301794	
kern	2026-09-26	merritt	k-interp-exists	8642951fc	Mono.Cecil	false	6	0.0838	0.0825	0.0843	105282	
kern	2026-09-26	merritt	k-interp-exists	8642951fc	Newtonsoft.Json	true	6	0.0298	0.0292	0.0302	153490	
kern	2026-09-26	merritt	k-interp-exists	8642951fc	System.Text.Json	true	6	0.0044	0.0044	0.0045	5650	
kern	2026-09-26	merritt	k-interp-exists	8642951fc	NuGet.Packaging	true	6	0.0210	0.0206	0.0213	68946	
kern	2026-09-26	merritt	k-interp-exists	8642951fc	Microsoft.CodeAnalysis.CSharp	false	6	1.4537	1.4246	1.4636	2331712	
kern	2026-09-26	merritt	k-interp-exists	8642951fc	System.Private.CoreLib	true	6	1.1146	1.0960	1.1211	3885850	
kern	2026-09-26	merritt	k-kernel-exists	8642951fc	CommandLine	true	6	0.0303	0.0300	0.0310	152914	
kern	2026-09-26	merritt	k-kernel-exists	8642951fc	Humanizer	false	6	0.0754	0.0751	0.0768	301794	
kern	2026-09-26	merritt	k-kernel-exists	8642951fc	Mono.Cecil	false	6	0.0695	0.0691	0.0703	105282	
kern	2026-09-26	merritt	k-kernel-exists	8642951fc	Newtonsoft.Json	true	6	0.0287	0.0285	0.0291	153490	
kern	2026-09-26	merritt	k-kernel-exists	8642951fc	System.Text.Json	true	6	0.0039	0.0039	0.0039	5650	
kern	2026-09-26	merritt	k-kernel-exists	8642951fc	NuGet.Packaging	true	6	0.0190	0.0188	0.0193	68946	
kern	2026-09-26	merritt	k-kernel-exists	8642951fc	Microsoft.CodeAnalysis.CSharp	false	6	1.3324	1.3153	1.3477	2331710	
kern	2026-09-26	merritt	k-kernel-exists	8642951fc	System.Private.CoreLib	true	6	1.0702	1.0636	1.0906	3885849	
kern	2026-09-26	merritt	hand	8642951fc	CommandLine	3	6	0.0531	0.0522	0.0536	258698	
kern	2026-09-26	merritt	hand	8642951fc	Humanizer	0	6	0.0708	0.0702	0.0723	301050	
kern	2026-09-26	merritt	hand	8642951fc	Mono.Cecil	0	6	0.0590	0.0589	0.0595	104538	
kern	2026-09-26	merritt	hand	8642951fc	Newtonsoft.Json	11	6	0.1940	0.1918	0.1960	793370	
kern	2026-09-26	merritt	hand	8642951fc	System.Text.Json	8	6	0.1721	0.1704	0.1731	784394	
kern	2026-09-26	merritt	hand	8642951fc	NuGet.Packaging	22	6	0.0862	0.0855	0.0876	269322	
kern	2026-09-26	merritt	hand	8642951fc	Microsoft.CodeAnalysis.CSharp	0	6	1.1780	1.1663	1.1864	2330963	
kern	2026-09-26	merritt	hand	8642951fc	System.Private.CoreLib	31	6	2.6739	2.6387	2.6944	8874342	
kern	2026-09-26	fernie	nlinq	8642951fc	CommandLine	3	6	0.1321	0.1311	0.1391	258698	
kern	2026-09-26	fernie	nlinq	8642951fc	Humanizer	0	6	0.1683	0.1670	0.1787	301050	
kern	2026-09-26	fernie	nlinq	8642951fc	Mono.Cecil	0	6	0.1542	0.1534	0.1651	104538	
kern	2026-09-26	fernie	nlinq	8642951fc	Newtonsoft.Json	11	6	0.4709	0.4697	0.4863	793367	
kern	2026-09-26	fernie	nlinq	8642951fc	System.Text.Json	8	6	0.4129	0.4095	0.4241	784395	
kern	2026-09-26	fernie	nlinq	8642951fc	NuGet.Packaging	22	6	0.2387	0.2380	0.2553	269322	
kern	2026-09-26	fernie	nlinq	8642951fc	Microsoft.CodeAnalysis.CSharp	0	6	2.6821	2.6451	2.8907	2330966	
kern	2026-09-26	fernie	nlinq	8642951fc	System.Private.CoreLib	31	6	5.7677	5.7411	5.9922	8874344	
kern	2026-09-26	fernie	planned	8642951fc	CommandLine	3	6	0.1508	0.1498	0.1637	259442	
kern	2026-09-26	fernie	planned	8642951fc	Humanizer	0	6	0.1864	0.1861	0.1993	301794	
kern	2026-09-26	fernie	planned	8642951fc	Mono.Cecil	0	6	0.1896	0.1890	0.1984	105282	
kern	2026-09-26	fernie	planned	8642951fc	Newtonsoft.Json	11	6	0.5162	0.5154	0.5421	794105	
kern	2026-09-26	fernie	planned	8642951fc	System.Text.Json	8	6	0.4516	0.4510	0.4579	785142	
kern	2026-09-26	fernie	planned	8642951fc	NuGet.Packaging	22	6	0.2811	0.2809	0.3017	270066	
kern	2026-09-26	fernie	planned	8642951fc	Microsoft.CodeAnalysis.CSharp	0	6	3.1429	3.0934	3.4340	2331714	
kern	2026-09-26	fernie	planned	8642951fc	System.Private.CoreLib	31	6	6.1719	6.1664	6.4057	8875090	
kern	2026-09-26	fernie	k-interp	8642951fc	CommandLine	3	6	0.1284	0.1279	0.1304	259442	
kern	2026-09-26	fernie	k-interp	8642951fc	Humanizer	0	6	0.1731	0.1723	0.1764	301794	
kern	2026-09-26	fernie	k-interp	8642951fc	Mono.Cecil	0	6	0.1631	0.1626	0.1751	105282	
kern	2026-09-26	fernie	k-interp	8642951fc	Newtonsoft.Json	11	6	0.4743	0.4737	0.5194	794104	
kern	2026-09-26	fernie	k-interp	8642951fc	System.Text.Json	8	6	0.4169	0.4159	0.4539	785140	
kern	2026-09-26	fernie	k-interp	8642951fc	NuGet.Packaging	22	6	0.2394	0.2386	0.2405	270066	
kern	2026-09-26	fernie	k-interp	8642951fc	Microsoft.CodeAnalysis.CSharp	0	6	2.6993	2.6713	2.7324	2331710	
kern	2026-09-26	fernie	k-interp	8642951fc	System.Private.CoreLib	31	6	5.8605	5.8220	6.5433	8875089	
kern	2026-09-26	fernie	k-kernel	8642951fc	CommandLine	3	6	0.1213	0.1194	0.1273	259442	
kern	2026-09-26	fernie	k-kernel	8642951fc	Humanizer	0	6	0.1598	0.1591	0.1658	301794	
kern	2026-09-26	fernie	k-kernel	8642951fc	Mono.Cecil	0	6	0.1404	0.1401	0.1424	105282	
kern	2026-09-26	fernie	k-kernel	8642951fc	Newtonsoft.Json	11	6	0.4465	0.4449	0.4575	794118	
kern	2026-09-26	fernie	k-kernel	8642951fc	System.Text.Json	8	6	0.3914	0.3906	0.4298	785138	
kern	2026-09-26	fernie	k-kernel	8642951fc	NuGet.Packaging	22	6	0.2157	0.2152	0.2328	270066	
kern	2026-09-26	fernie	k-kernel	8642951fc	Microsoft.CodeAnalysis.CSharp	0	6	2.4470	2.4252	2.8116	2331708	
kern	2026-09-26	fernie	k-kernel	8642951fc	System.Private.CoreLib	31	6	5.6021	5.5456	6.3551	8875087	
kern	2026-09-26	fernie	k-hand-exists	8642951fc	CommandLine	true	6	0.0633	0.0628	0.0662	152170	
kern	2026-09-26	fernie	k-hand-exists	8642951fc	Humanizer	false	6	0.1555	0.1545	0.1573	301050	
kern	2026-09-26	fernie	k-hand-exists	8642951fc	Mono.Cecil	false	6	0.1306	0.1299	0.1316	104538	
kern	2026-09-26	fernie	k-hand-exists	8642951fc	Newtonsoft.Json	true	6	0.0614	0.0607	0.0667	152746	
kern	2026-09-26	fernie	k-hand-exists	8642951fc	System.Text.Json	true	6	0.0058	0.0058	0.0061	4906	
kern	2026-09-26	fernie	k-hand-exists	8642951fc	NuGet.Packaging	true	6	0.0413	0.0412	0.0448	68202	
kern	2026-09-26	fernie	k-hand-exists	8642951fc	Microsoft.CodeAnalysis.CSharp	false	6	2.3949	2.2919	2.5382	2330963	
kern	2026-09-26	fernie	k-hand-exists	8642951fc	System.Private.CoreLib	true	6	2.1481	2.1284	2.2767	3885106	
kern	2026-09-26	fernie	nlinq-exists	8642951fc	CommandLine	true	6	0.0688	0.0685	0.0744	152170	
kern	2026-09-26	fernie	nlinq-exists	8642951fc	Humanizer	false	6	0.1729	0.1727	0.1914	301050	
kern	2026-09-26	fernie	nlinq-exists	8642951fc	Mono.Cecil	false	6	0.1646	0.1640	0.1778	104538	
kern	2026-09-26	fernie	nlinq-exists	8642951fc	Newtonsoft.Json	true	6	0.0638	0.0634	0.0699	152746	
kern	2026-09-26	fernie	nlinq-exists	8642951fc	System.Text.Json	true	6	0.0084	0.0084	0.0092	4906	
kern	2026-09-26	fernie	nlinq-exists	8642951fc	NuGet.Packaging	true	6	0.0465	0.0461	0.0505	68202	
kern	2026-09-26	fernie	nlinq-exists	8642951fc	Microsoft.CodeAnalysis.CSharp	false	6	2.7687	2.7527	2.8786	2330967	
kern	2026-09-26	fernie	nlinq-exists	8642951fc	System.Private.CoreLib	true	6	2.2809	2.2735	2.4872	3885107	
kern	2026-09-26	fernie	k-interp-exists	8642951fc	CommandLine	true	6	0.0683	0.0677	0.0720	152914	
kern	2026-09-26	fernie	k-interp-exists	8642951fc	Humanizer	false	6	0.1730	0.1725	0.1842	301794	
kern	2026-09-26	fernie	k-interp-exists	8642951fc	Mono.Cecil	false	6	0.1631	0.1626	0.1761	105282	
kern	2026-09-26	fernie	k-interp-exists	8642951fc	Newtonsoft.Json	true	6	0.0650	0.0642	0.0702	153490	
kern	2026-09-26	fernie	k-interp-exists	8642951fc	System.Text.Json	true	6	0.0087	0.0085	0.0092	5650	
kern	2026-09-26	fernie	k-interp-exists	8642951fc	NuGet.Packaging	true	6	0.0461	0.0453	0.0484	68946	
kern	2026-09-26	fernie	k-interp-exists	8642951fc	Microsoft.CodeAnalysis.CSharp	false	6	2.7132	2.7032	2.7457	2331710	
kern	2026-09-26	fernie	k-interp-exists	8642951fc	System.Private.CoreLib	true	6	2.2833	2.2760	2.2862	3885851	
kern	2026-09-26	fernie	k-kernel-exists	8642951fc	CommandLine	true	6	0.0643	0.0640	0.0652	152914	
kern	2026-09-26	fernie	k-kernel-exists	8642951fc	Humanizer	false	6	0.1597	0.1591	0.1615	301794	
kern	2026-09-26	fernie	k-kernel-exists	8642951fc	Mono.Cecil	false	6	0.1407	0.1401	0.1428	105282	
kern	2026-09-26	fernie	k-kernel-exists	8642951fc	Newtonsoft.Json	true	6	0.0625	0.0618	0.0632	153490	
kern	2026-09-26	fernie	k-kernel-exists	8642951fc	System.Text.Json	true	6	0.0072	0.0071	0.0075	5650	
kern	2026-09-26	fernie	k-kernel-exists	8642951fc	NuGet.Packaging	true	6	0.0426	0.0423	0.0435	68946	
kern	2026-09-26	fernie	k-kernel-exists	8642951fc	Microsoft.CodeAnalysis.CSharp	false	6	2.4627	2.4321	2.7375	2331708	
kern	2026-09-26	fernie	k-kernel-exists	8642951fc	System.Private.CoreLib	true	6	2.1939	2.1895	2.2239	3885850	
kern	2026-09-26	fernie	hand	8642951fc	CommandLine	3	6	0.1173	0.1171	0.1269	258698	
kern	2026-09-26	fernie	hand	8642951fc	Humanizer	0	6	0.1550	0.1543	0.1576	301050	
kern	2026-09-26	fernie	hand	8642951fc	Mono.Cecil	0	6	0.1288	0.1283	0.1305	104538	
kern	2026-09-26	fernie	hand	8642951fc	Newtonsoft.Json	11	6	0.4346	0.4335	0.4644	793373	
kern	2026-09-26	fernie	hand	8642951fc	System.Text.Json	8	6	0.3773	0.3761	0.4087	784394	
kern	2026-09-26	fernie	hand	8642951fc	NuGet.Packaging	22	6	0.2068	0.2050	0.2186	269322	
kern	2026-09-26	fernie	hand	8642951fc	Microsoft.CodeAnalysis.CSharp	0	6	2.2969	2.2645	2.3478	2330963	
kern	2026-09-26	fernie	hand	8642951fc	System.Private.CoreLib	31	6	5.4414	5.4239	5.6810	8874343	
k2	2026-09-27	mac	r-hand	ab38ddda5	CommandLine	n=3;h=460E9F57	6	0.0648	0.0632	0.0677	258882	
k2	2026-09-27	mac	r-hand	ab38ddda5	Humanizer	n=0;h=00000011	6	0.0853	0.0828	0.0867	301194	
k2	2026-09-27	mac	r-hand	ab38ddda5	Mono.Cecil	n=0;h=00000011	6	0.0708	0.0687	0.0714	104682	
k2	2026-09-27	mac	r-hand	ab38ddda5	Newtonsoft.Json	n=11;h=270D4442	6	0.2366	0.2248	0.2416	793674	
k2	2026-09-27	mac	r-hand	ab38ddda5	System.Text.Json	n=8;h=E5897028	6	0.2104	0.2042	0.2167	784538	
k2	2026-09-27	mac	r-hand	ab38ddda5	NuGet.Packaging	n=22;h=4E91E236	6	0.1048	0.1035	0.1105	269818	
k2	2026-09-27	mac	r-hand	ab38ddda5	Microsoft.CodeAnalysis.CSharp	n=0;h=00000011	6	1.4042	1.2857	1.4178	2331107	
k2	2026-09-27	mac	r-hand	ab38ddda5	System.Private.CoreLib	n=31;h=0AFA1463	6	3.4685	3.2500	3.6321	8874877	
k2	2026-09-27	mac	r-interp	ab38ddda5	CommandLine	n=3;h=460E9F57	6	0.0720	0.0703	0.0748	259562	
k2	2026-09-27	mac	r-interp	ab38ddda5	Humanizer	n=0;h=00000011	6	0.0975	0.0956	0.1048	301874	
k2	2026-09-27	mac	r-interp	ab38ddda5	Mono.Cecil	n=0;h=00000011	6	0.0961	0.0937	0.1008	105362	
k2	2026-09-27	mac	r-interp	ab38ddda5	Newtonsoft.Json	n=11;h=270D4442	6	0.2677	0.2574	0.2884	794354	
k2	2026-09-27	mac	r-interp	ab38ddda5	System.Text.Json	n=8;h=E5897028	6	0.2427	0.2339	0.2587	785218	
k2	2026-09-27	mac	r-interp	ab38ddda5	NuGet.Packaging	n=22;h=4E91E236	6	0.1322	0.1276	0.1366	270498	
k2	2026-09-27	mac	r-interp	ab38ddda5	Microsoft.CodeAnalysis.CSharp	n=0;h=00000011	6	1.6651	1.5723	1.7079	2331794	
k2	2026-09-27	mac	r-interp	ab38ddda5	System.Private.CoreLib	n=31;h=0AFA1463	6	3.6879	3.5402	3.7850	8875556	
k2	2026-09-27	mac	r-kernel	ab38ddda5	CommandLine	n=3;h=460E9F57	6	0.0660	0.0643	0.0672	259650	
k2	2026-09-27	mac	r-kernel	ab38ddda5	Humanizer	n=0;h=00000011	6	0.0872	0.0858	0.0876	301962	
k2	2026-09-27	mac	r-kernel	ab38ddda5	Mono.Cecil	n=0;h=00000011	6	0.0754	0.0744	0.0784	105450	
k2	2026-09-27	mac	r-kernel	ab38ddda5	Newtonsoft.Json	n=11;h=270D4442	6	0.2397	0.2333	0.2436	794442	
k2	2026-09-27	mac	r-kernel	ab38ddda5	System.Text.Json	n=8;h=E5897028	6	0.2137	0.2062	0.2175	785306	
k2	2026-09-27	mac	r-kernel	ab38ddda5	NuGet.Packaging	n=22;h=4E91E236	6	0.1071	0.1052	0.1110	270586	
k2	2026-09-27	mac	r-kernel	ab38ddda5	Microsoft.CodeAnalysis.CSharp	n=0;h=00000011	6	1.4429	1.3488	1.4636	2331882	
k2	2026-09-27	mac	r-kernel	ab38ddda5	System.Private.CoreLib	n=31;h=0AFA1463	6	3.5595	3.3800	3.6672	8875648	
k2	2026-09-27	mac	n-hand	ab38ddda5	CommandLine	false	6	0.0650	0.0646	0.0657	258698	
k2	2026-09-27	mac	n-hand	ab38ddda5	Humanizer	false	6	0.0857	0.0838	0.0882	301050	
k2	2026-09-27	mac	n-hand	ab38ddda5	Mono.Cecil	false	6	0.0720	0.0692	0.0728	104538	
k2	2026-09-27	mac	n-hand	ab38ddda5	Newtonsoft.Json	true	6	0.1593	0.1540	0.1610	560458	
k2	2026-09-27	mac	n-hand	ab38ddda5	System.Text.Json	true	6	0.1150	0.1115	0.1157	482410	
k2	2026-09-27	mac	n-hand	ab38ddda5	NuGet.Packaging	true	6	0.0364	0.0358	0.0379	112010	
k2	2026-09-27	mac	n-hand	ab38ddda5	Microsoft.CodeAnalysis.CSharp	false	6	1.4102	1.3366	1.4831	2330967	
k2	2026-09-27	mac	n-hand	ab38ddda5	System.Private.CoreLib	true	6	1.3208	1.2465	1.4001	3888533	
k2	2026-09-27	mac	n-interp	ab38ddda5	CommandLine	false	6	0.0703	0.0682	0.0755	259354	
k2	2026-09-27	mac	n-interp	ab38ddda5	Humanizer	false	6	0.0943	0.0903	0.1054	301706	
k2	2026-09-27	mac	n-interp	ab38ddda5	Mono.Cecil	false	6	0.0903	0.0855	0.0995	105194	
k2	2026-09-27	mac	n-interp	ab38ddda5	Newtonsoft.Json	true	6	0.1728	0.1668	0.1862	561114	
k2	2026-09-27	mac	n-interp	ab38ddda5	System.Text.Json	true	6	0.1227	0.1189	0.1320	483066	
k2	2026-09-27	mac	n-interp	ab38ddda5	NuGet.Packaging	true	6	0.0405	0.0403	0.0436	112666	
k2	2026-09-27	mac	n-interp	ab38ddda5	Microsoft.CodeAnalysis.CSharp	false	6	1.5919	1.5357	1.7481	2331627	
k2	2026-09-27	mac	n-interp	ab38ddda5	System.Private.CoreLib	true	6	1.3712	1.3245	1.5357	3889191	
k2	2026-09-27	mac	n-kernel	ab38ddda5	CommandLine	false	6	0.0657	0.0645	0.0714	259354	
k2	2026-09-27	mac	n-kernel	ab38ddda5	Humanizer	false	6	0.0869	0.0853	0.0886	301706	
k2	2026-09-27	mac	n-kernel	ab38ddda5	Mono.Cecil	false	6	0.0741	0.0720	0.0747	105194	
k2	2026-09-27	mac	n-kernel	ab38ddda5	Newtonsoft.Json	true	6	0.1602	0.1534	0.1613	561114	
k2	2026-09-27	mac	n-kernel	ab38ddda5	System.Text.Json	true	6	0.1162	0.1127	0.1173	483066	
k2	2026-09-27	mac	n-kernel	ab38ddda5	NuGet.Packaging	true	6	0.0372	0.0356	0.0376	112666	
k2	2026-09-27	mac	n-kernel	ab38ddda5	Microsoft.CodeAnalysis.CSharp	false	6	1.4165	1.3373	1.4809	2331623	
k2	2026-09-27	mac	n-kernel	ab38ddda5	System.Private.CoreLib	true	6	1.3196	1.2591	1.3496	3889190	
k2	2026-09-27	mac	r-legacy	ab38ddda5	CommandLine	n=3	6	0.2034	0.1965	0.2077	613113	
k2	2026-09-27	mac	r-legacy	ab38ddda5	Humanizer	n=0	6	0.2206	0.2135	0.2302	761378	
k2	2026-09-27	mac	r-legacy	ab38ddda5	Mono.Cecil	n=0	6	0.2841	0.2722	0.2954	759834	
k2	2026-09-27	mac	r-legacy	ab38ddda5	Newtonsoft.Json	n=11	6	0.6086	0.5626	0.6377	1749847	
k2	2026-09-27	mac	r-legacy	ab38ddda5	System.Text.Json	n=8	6	0.5452	0.5122	0.5681	1661499	
k2	2026-09-27	mac	r-legacy	ab38ddda5	NuGet.Packaging	n=22	6	0.5327	0.5082	0.5581	1476722	
k2	2026-09-27	mac	r-legacy	ab38ddda5	Microsoft.CodeAnalysis.CSharp	n=0	6	4.4261	4.1795	4.7741	9857163	
k2	2026-09-27	mac	r-legacy	ab38ddda5	System.Private.CoreLib	n=31	6	16.2804	15.4614	25.1849	36600062	
k2	2026-09-27	annies-mac-mini	r-hand	ab38ddda5	CommandLine	n=3;h=460E9F57	6	0.0622	0.0618	0.0632	258882	
k2	2026-09-27	annies-mac-mini	r-hand	ab38ddda5	Humanizer	n=0;h=00000011	6	0.0814	0.0810	0.0824	301194	
k2	2026-09-27	annies-mac-mini	r-hand	ab38ddda5	Mono.Cecil	n=0;h=00000011	6	0.0687	0.0685	0.0692	104682	
k2	2026-09-27	annies-mac-mini	r-hand	ab38ddda5	Newtonsoft.Json	n=11;h=270D4442	6	0.2276	0.2200	0.2280	793674	
k2	2026-09-27	annies-mac-mini	r-hand	ab38ddda5	System.Text.Json	n=8;h=E5897028	6	0.2027	0.1990	0.2045	784538	
k2	2026-09-27	annies-mac-mini	r-hand	ab38ddda5	NuGet.Packaging	n=22;h=4E91E236	6	0.1037	0.1023	0.1040	269818	
k2	2026-09-27	annies-mac-mini	r-hand	ab38ddda5	Microsoft.CodeAnalysis.CSharp	n=0;h=00000011	6	1.2957	1.2367	1.3017	2331109	
k2	2026-09-27	annies-mac-mini	r-hand	ab38ddda5	System.Private.CoreLib	n=31;h=0AFA1463	6	3.2268	3.1072	3.2599	8874882	
k2	2026-09-27	annies-mac-mini	r-interp	ab38ddda5	CommandLine	n=3;h=460E9F57	6	0.0692	0.0684	0.0705	259562	
k2	2026-09-27	annies-mac-mini	r-interp	ab38ddda5	Humanizer	n=0;h=00000011	6	0.0936	0.0928	0.0950	301874	
k2	2026-09-27	annies-mac-mini	r-interp	ab38ddda5	Mono.Cecil	n=0;h=00000011	6	0.0924	0.0903	0.0935	105362	
k2	2026-09-27	annies-mac-mini	r-interp	ab38ddda5	Newtonsoft.Json	n=11;h=270D4442	6	0.2572	0.2520	0.2587	794354	
k2	2026-09-27	annies-mac-mini	r-interp	ab38ddda5	System.Text.Json	n=8;h=E5897028	6	0.2340	0.2311	0.2372	785218	
k2	2026-09-27	annies-mac-mini	r-interp	ab38ddda5	NuGet.Packaging	n=22;h=4E91E236	6	0.1276	0.1266	0.1292	270498	
k2	2026-09-27	annies-mac-mini	r-interp	ab38ddda5	Microsoft.CodeAnalysis.CSharp	n=0;h=00000011	6	1.5779	1.5478	1.6050	2331794	
k2	2026-09-27	annies-mac-mini	r-interp	ab38ddda5	System.Private.CoreLib	n=31;h=0AFA1463	6	3.4819	3.3908	3.5319	8875564	
k2	2026-09-27	annies-mac-mini	r-kernel	ab38ddda5	CommandLine	n=3;h=460E9F57	6	0.0633	0.0631	0.0642	259650	
k2	2026-09-27	annies-mac-mini	r-kernel	ab38ddda5	Humanizer	n=0;h=00000011	6	0.0842	0.0834	0.0850	301962	
k2	2026-09-27	annies-mac-mini	r-kernel	ab38ddda5	Mono.Cecil	n=0;h=00000011	6	0.0730	0.0724	0.0732	105450	
k2	2026-09-27	annies-mac-mini	r-kernel	ab38ddda5	Newtonsoft.Json	n=11;h=270D4442	6	0.2320	0.2291	0.2332	794442	
k2	2026-09-27	annies-mac-mini	r-kernel	ab38ddda5	System.Text.Json	n=8;h=E5897028	6	0.2073	0.2049	0.2091	785306	
k2	2026-09-27	annies-mac-mini	r-kernel	ab38ddda5	NuGet.Packaging	n=22;h=4E91E236	6	0.1068	0.1057	0.1075	270586	
k2	2026-09-27	annies-mac-mini	r-kernel	ab38ddda5	Microsoft.CodeAnalysis.CSharp	n=0;h=00000011	6	1.3421	1.3086	1.3471	2331878	
k2	2026-09-27	annies-mac-mini	r-kernel	ab38ddda5	System.Private.CoreLib	n=31;h=0AFA1463	6	3.2814	3.2049	3.2965	8875651	
k2	2026-09-27	annies-mac-mini	n-hand	ab38ddda5	CommandLine	false	6	0.0621	0.0618	0.0627	258698	
k2	2026-09-27	annies-mac-mini	n-hand	ab38ddda5	Humanizer	false	6	0.0814	0.0810	0.0820	301050	
k2	2026-09-27	annies-mac-mini	n-hand	ab38ddda5	Mono.Cecil	false	6	0.0686	0.0677	0.0691	104538	
k2	2026-09-27	annies-mac-mini	n-hand	ab38ddda5	Newtonsoft.Json	true	6	0.1513	0.1507	0.1517	560458	
k2	2026-09-27	annies-mac-mini	n-hand	ab38ddda5	System.Text.Json	true	6	0.1091	0.1082	0.1111	482410	
k2	2026-09-27	annies-mac-mini	n-hand	ab38ddda5	NuGet.Packaging	true	6	0.0353	0.0346	0.0358	112010	
k2	2026-09-27	annies-mac-mini	n-hand	ab38ddda5	Microsoft.CodeAnalysis.CSharp	false	6	1.2906	1.2684	1.2970	2330965	
k2	2026-09-27	annies-mac-mini	n-hand	ab38ddda5	System.Private.CoreLib	true	6	1.2222	1.2179	1.2377	3888532	
k2	2026-09-27	annies-mac-mini	n-interp	ab38ddda5	CommandLine	false	6	0.0675	0.0669	0.0682	259354	
k2	2026-09-27	annies-mac-mini	n-interp	ab38ddda5	Humanizer	false	6	0.0905	0.0898	0.0910	301706	
k2	2026-09-27	annies-mac-mini	n-interp	ab38ddda5	Mono.Cecil	false	6	0.0856	0.0848	0.0860	105194	
k2	2026-09-27	annies-mac-mini	n-interp	ab38ddda5	Newtonsoft.Json	true	6	0.1657	0.1641	0.1669	561114	
k2	2026-09-27	annies-mac-mini	n-interp	ab38ddda5	System.Text.Json	true	6	0.1176	0.1171	0.1186	483066	
k2	2026-09-27	annies-mac-mini	n-interp	ab38ddda5	NuGet.Packaging	true	6	0.0397	0.0393	0.0401	112666	
k2	2026-09-27	annies-mac-mini	n-interp	ab38ddda5	Microsoft.CodeAnalysis.CSharp	false	6	1.5009	1.4910	1.5097	2331624	
k2	2026-09-27	annies-mac-mini	n-interp	ab38ddda5	System.Private.CoreLib	true	6	1.2923	1.2829	1.3024	3889189	
k2	2026-09-27	annies-mac-mini	n-kernel	ab38ddda5	CommandLine	false	6	0.0632	0.0627	0.0639	259354	
k2	2026-09-27	annies-mac-mini	n-kernel	ab38ddda5	Humanizer	false	6	0.0834	0.0827	0.0839	301706	
k2	2026-09-27	annies-mac-mini	n-kernel	ab38ddda5	Mono.Cecil	false	6	0.0713	0.0705	0.0723	105194	
k2	2026-09-27	annies-mac-mini	n-kernel	ab38ddda5	Newtonsoft.Json	true	6	0.1539	0.1536	0.1555	561114	
k2	2026-09-27	annies-mac-mini	n-kernel	ab38ddda5	System.Text.Json	true	6	0.1110	0.1096	0.1129	483066	
k2	2026-09-27	annies-mac-mini	n-kernel	ab38ddda5	NuGet.Packaging	true	6	0.0362	0.0361	0.0365	112666	
k2	2026-09-27	annies-mac-mini	n-kernel	ab38ddda5	Microsoft.CodeAnalysis.CSharp	false	6	1.3377	1.3216	1.3426	2331622	
k2	2026-09-27	annies-mac-mini	n-kernel	ab38ddda5	System.Private.CoreLib	true	6	1.2409	1.2359	1.2486	3889188	
k2	2026-09-27	annies-mac-mini	r-legacy	ab38ddda5	CommandLine	n=3	6	0.1943	0.1928	0.1950	613113	
k2	2026-09-27	annies-mac-mini	r-legacy	ab38ddda5	Humanizer	n=0	6	0.2114	0.2102	0.2124	761378	
k2	2026-09-27	annies-mac-mini	r-legacy	ab38ddda5	Mono.Cecil	n=0	6	0.2696	0.2682	0.2707	759834	
k2	2026-09-27	annies-mac-mini	r-legacy	ab38ddda5	Newtonsoft.Json	n=11	6	0.5559	0.5535	0.5595	1749848	
k2	2026-09-27	annies-mac-mini	r-legacy	ab38ddda5	System.Text.Json	n=8	6	0.5034	0.5006	0.5067	1661520	
k2	2026-09-27	annies-mac-mini	r-legacy	ab38ddda5	NuGet.Packaging	n=22	6	0.4899	0.4879	0.4935	1476900	
k2	2026-09-27	annies-mac-mini	r-legacy	ab38ddda5	Microsoft.CodeAnalysis.CSharp	n=0	6	4.1332	4.1187	4.1555	9857161	
k2	2026-09-27	annies-mac-mini	r-legacy	ab38ddda5	System.Private.CoreLib	n=31	6	14.8189	14.6935	14.9179	36600214	
k2	2026-09-27	merritt	r-hand	ab38ddda5	CommandLine	n=3;h=460E9F57	6	0.0530	0.0526	0.0551	258882	
k2	2026-09-27	merritt	r-hand	ab38ddda5	Humanizer	n=0;h=00000011	6	0.0701	0.0699	0.0710	301194	
k2	2026-09-27	merritt	r-hand	ab38ddda5	Mono.Cecil	n=0;h=00000011	6	0.0584	0.0582	0.0591	104682	
k2	2026-09-27	merritt	r-hand	ab38ddda5	Newtonsoft.Json	n=11;h=270D4442	6	0.1978	0.1957	0.1989	793674	
k2	2026-09-27	merritt	r-hand	ab38ddda5	System.Text.Json	n=8;h=E5897028	6	0.1711	0.1695	0.1748	784538	
k2	2026-09-27	merritt	r-hand	ab38ddda5	NuGet.Packaging	n=22;h=4E91E236	6	0.0864	0.0854	0.0872	269818	
k2	2026-09-27	merritt	r-hand	ab38ddda5	Microsoft.CodeAnalysis.CSharp	n=0;h=00000011	6	1.1894	1.1765	1.1966	2331107	
k2	2026-09-27	merritt	r-hand	ab38ddda5	System.Private.CoreLib	n=31;h=0AFA1463	6	2.7539	2.7331	2.8315	8874878	
k2	2026-09-27	merritt	r-interp	ab38ddda5	CommandLine	n=3;h=460E9F57	6	0.0620	0.0617	0.0622	259562	
k2	2026-09-27	merritt	r-interp	ab38ddda5	Humanizer	n=0;h=00000011	6	0.0856	0.0847	0.0857	301874	
k2	2026-09-27	merritt	r-interp	ab38ddda5	Mono.Cecil	n=0;h=00000011	6	0.0892	0.0888	0.0900	105362	
k2	2026-09-27	merritt	r-interp	ab38ddda5	Newtonsoft.Json	n=11;h=270D4442	6	0.2395	0.2367	0.2414	794354	
k2	2026-09-27	merritt	r-interp	ab38ddda5	System.Text.Json	n=8;h=E5897028	6	0.2119	0.2100	0.2129	785218	
k2	2026-09-27	merritt	r-interp	ab38ddda5	NuGet.Packaging	n=22;h=4E91E236	6	0.1192	0.1187	0.1206	270498	
k2	2026-09-27	merritt	r-interp	ab38ddda5	Microsoft.CodeAnalysis.CSharp	n=0;h=00000011	6	1.5129	1.4966	1.5246	2331793	
k2	2026-09-27	merritt	r-interp	ab38ddda5	System.Private.CoreLib	n=31;h=0AFA1463	6	3.0420	3.0164	3.0644	8875561	
k2	2026-09-27	merritt	r-kernel	ab38ddda5	CommandLine	n=3;h=460E9F57	6	0.0561	0.0555	0.0570	259650	
k2	2026-09-27	merritt	r-kernel	ab38ddda5	Humanizer	n=0;h=00000011	6	0.0759	0.0750	0.0765	301962	
k2	2026-09-27	merritt	r-kernel	ab38ddda5	Mono.Cecil	n=0;h=00000011	6	0.0696	0.0693	0.0712	105450	
k2	2026-09-27	merritt	r-kernel	ab38ddda5	Newtonsoft.Json	n=11;h=270D4442	6	0.2107	0.2099	0.2192	794442	
k2	2026-09-27	merritt	r-kernel	ab38ddda5	System.Text.Json	n=8;h=E5897028	6	0.1857	0.1828	0.1942	785306	
k2	2026-09-27	merritt	r-kernel	ab38ddda5	NuGet.Packaging	n=22;h=4E91E236	6	0.0966	0.0952	0.0990	270586	
k2	2026-09-27	merritt	r-kernel	ab38ddda5	Microsoft.CodeAnalysis.CSharp	n=0;h=00000011	6	1.3471	1.3344	1.3947	2331878	
k2	2026-09-27	merritt	r-kernel	ab38ddda5	System.Private.CoreLib	n=31;h=0AFA1463	6	2.8892	2.8563	2.9581	8875648	
k2	2026-09-27	merritt	n-hand	ab38ddda5	CommandLine	false	6	0.0536	0.0527	0.0553	258698	
k2	2026-09-27	merritt	n-hand	ab38ddda5	Humanizer	false	6	0.0706	0.0703	0.0712	301050	
k2	2026-09-27	merritt	n-hand	ab38ddda5	Mono.Cecil	false	6	0.0588	0.0584	0.0607	104538	
k2	2026-09-27	merritt	n-hand	ab38ddda5	Newtonsoft.Json	true	6	0.1321	0.1305	0.1337	560458	
k2	2026-09-27	merritt	n-hand	ab38ddda5	System.Text.Json	true	6	0.0934	0.0925	0.0941	482410	
k2	2026-09-27	merritt	n-hand	ab38ddda5	NuGet.Packaging	true	6	0.0295	0.0292	0.0302	112010	
k2	2026-09-27	merritt	n-hand	ab38ddda5	Microsoft.CodeAnalysis.CSharp	false	6	1.1889	1.1810	1.2094	2330963	
k2	2026-09-27	merritt	n-hand	ab38ddda5	System.Private.CoreLib	true	6	1.0539	1.0422	1.1311	3888529	
k2	2026-09-27	merritt	n-interp	ab38ddda5	CommandLine	false	6	0.0597	0.0595	0.0608	259354	
k2	2026-09-27	merritt	n-interp	ab38ddda5	Humanizer	false	6	0.0820	0.0815	0.0827	301706	
k2	2026-09-27	merritt	n-interp	ab38ddda5	Mono.Cecil	false	6	0.0835	0.0829	0.0843	105194	
k2	2026-09-27	merritt	n-interp	ab38ddda5	Newtonsoft.Json	true	6	0.1510	0.1504	0.1515	561114	
k2	2026-09-27	merritt	n-interp	ab38ddda5	System.Text.Json	true	6	0.1027	0.1024	0.1051	483066	
k2	2026-09-27	merritt	n-interp	ab38ddda5	NuGet.Packaging	true	6	0.0357	0.0353	0.0385	112666	
k2	2026-09-27	merritt	n-interp	ab38ddda5	Microsoft.CodeAnalysis.CSharp	false	6	1.4613	1.4488	1.5064	2331624	
k2	2026-09-27	merritt	n-interp	ab38ddda5	System.Private.CoreLib	true	6	1.1401	1.1374	1.1795	3889186	
k2	2026-09-27	merritt	n-kernel	ab38ddda5	CommandLine	false	6	0.0554	0.0550	0.0557	259354	
k2	2026-09-27	merritt	n-kernel	ab38ddda5	Humanizer	false	6	0.0758	0.0746	0.0763	301706	
k2	2026-09-27	merritt	n-kernel	ab38ddda5	Mono.Cecil	false	6	0.0693	0.0687	0.0701	105194	
k2	2026-09-27	merritt	n-kernel	ab38ddda5	Newtonsoft.Json	true	6	0.1402	0.1386	0.1414	561114	
k2	2026-09-27	merritt	n-kernel	ab38ddda5	System.Text.Json	true	6	0.0982	0.0973	0.0989	483066	
k2	2026-09-27	merritt	n-kernel	ab38ddda5	NuGet.Packaging	true	6	0.0321	0.0317	0.0334	112666	
k2	2026-09-27	merritt	n-kernel	ab38ddda5	Microsoft.CodeAnalysis.CSharp	false	6	1.3391	1.3265	1.3810	2331622	
k2	2026-09-27	merritt	n-kernel	ab38ddda5	System.Private.CoreLib	true	6	1.1034	1.0835	1.1164	3889186	
k2	2026-09-27	merritt	r-legacy	ab38ddda5	CommandLine	n=3	6	0.1801	0.1780	0.1829	613145	
k2	2026-09-27	merritt	r-legacy	ab38ddda5	Humanizer	n=0	6	0.1942	0.1932	0.1995	761378	
k2	2026-09-27	merritt	r-legacy	ab38ddda5	Mono.Cecil	n=0	6	0.2522	0.2492	0.2538	759834	
k2	2026-09-27	merritt	r-legacy	ab38ddda5	Newtonsoft.Json	n=11	6	0.5534	0.5485	0.5654	1749890	
k2	2026-09-27	merritt	r-legacy	ab38ddda5	System.Text.Json	n=8	6	0.4940	0.4879	0.5022	1661723	
k2	2026-09-27	merritt	r-legacy	ab38ddda5	NuGet.Packaging	n=22	6	0.4957	0.4924	0.5166	1476283	
k2	2026-09-27	merritt	r-legacy	ab38ddda5	Microsoft.CodeAnalysis.CSharp	n=0	6	3.8089	3.7880	3.8897	9857175	
k2	2026-09-27	merritt	r-legacy	ab38ddda5	System.Private.CoreLib	n=31	6	13.4592	13.3074	13.6303	36599864	
k2	2026-09-27	fernie	r-hand	ab38ddda5	CommandLine	n=3;h=460E9F57	6	0.1192	0.1188	0.1238	258882	
k2	2026-09-27	fernie	r-hand	ab38ddda5	Humanizer	n=0;h=00000011	6	0.1575	0.1569	0.1621	301194	
k2	2026-09-27	fernie	r-hand	ab38ddda5	Mono.Cecil	n=0;h=00000011	6	0.1317	0.1311	0.1353	104682	
k2	2026-09-27	fernie	r-hand	ab38ddda5	Newtonsoft.Json	n=11;h=270D4442	6	0.4395	0.4393	0.4538	793677	
k2	2026-09-27	fernie	r-hand	ab38ddda5	System.Text.Json	n=8;h=E5897028	6	0.3828	0.3816	0.3910	784538	
k2	2026-09-27	fernie	r-hand	ab38ddda5	NuGet.Packaging	n=22;h=4E91E236	6	0.2079	0.2077	0.2125	269818	
k2	2026-09-27	fernie	r-hand	ab38ddda5	Microsoft.CodeAnalysis.CSharp	n=0;h=00000011	6	2.2956	2.2913	2.3080	2331107	
k2	2026-09-27	fernie	r-hand	ab38ddda5	System.Private.CoreLib	n=31;h=0AFA1463	6	5.5015	5.4958	5.5153	8874879	
k2	2026-09-27	fernie	r-interp	ab38ddda5	CommandLine	n=3;h=460E9F57	6	0.1328	0.1323	0.1340	259562	
k2	2026-09-27	fernie	r-interp	ab38ddda5	Humanizer	n=0;h=00000011	6	0.1801	0.1799	0.1806	301874	
k2	2026-09-27	fernie	r-interp	ab38ddda5	Mono.Cecil	n=0;h=00000011	6	0.1751	0.1746	0.1754	105362	
k2	2026-09-27	fernie	r-interp	ab38ddda5	Newtonsoft.Json	n=11;h=270D4442	6	0.4896	0.4885	0.4905	794344	
k2	2026-09-27	fernie	r-interp	ab38ddda5	System.Text.Json	n=8;h=E5897028	6	0.4321	0.4314	0.4328	785221	
k2	2026-09-27	fernie	r-interp	ab38ddda5	NuGet.Packaging	n=22;h=4E91E236	6	0.2495	0.2489	0.2506	270498	
k2	2026-09-27	fernie	r-interp	ab38ddda5	Microsoft.CodeAnalysis.CSharp	n=0;h=00000011	6	2.8108	2.8059	2.8331	2331791	
k2	2026-09-27	fernie	r-interp	ab38ddda5	System.Private.CoreLib	n=31;h=0AFA1463	6	5.9916	5.9845	6.0023	8875561	
k2	2026-09-27	fernie	r-kernel	ab38ddda5	CommandLine	n=3;h=460E9F57	6	0.1215	0.1213	0.1219	259650	
k2	2026-09-27	fernie	r-kernel	ab38ddda5	Humanizer	n=0;h=00000011	6	0.1615	0.1610	0.1618	301962	
k2	2026-09-27	fernie	r-kernel	ab38ddda5	Mono.Cecil	n=0;h=00000011	6	0.1408	0.1405	0.1413	105450	
k2	2026-09-27	fernie	r-kernel	ab38ddda5	Newtonsoft.Json	n=11;h=270D4442	6	0.4508	0.4490	0.4515	794446	
k2	2026-09-27	fernie	r-kernel	ab38ddda5	System.Text.Json	n=8;h=E5897028	6	0.3959	0.3942	0.3965	785306	
k2	2026-09-27	fernie	r-kernel	ab38ddda5	NuGet.Packaging	n=22;h=4E91E236	6	0.2173	0.2166	0.2186	270586	
k2	2026-09-27	fernie	r-kernel	ab38ddda5	Microsoft.CodeAnalysis.CSharp	n=0;h=00000011	6	2.4292	2.4212	2.4305	2331876	
k2	2026-09-27	fernie	r-kernel	ab38ddda5	System.Private.CoreLib	n=31;h=0AFA1463	6	5.6141	5.5959	5.6200	8875647	
k2	2026-09-27	fernie	n-hand	ab38ddda5	CommandLine	false	6	0.1190	0.1187	0.1202	258698	
k2	2026-09-27	fernie	n-hand	ab38ddda5	Humanizer	false	6	0.1572	0.1568	0.1579	301050	
k2	2026-09-27	fernie	n-hand	ab38ddda5	Mono.Cecil	false	6	0.1320	0.1315	0.1322	104538	
k2	2026-09-27	fernie	n-hand	ab38ddda5	Newtonsoft.Json	true	6	0.2989	0.2979	0.2994	560458	
k2	2026-09-27	fernie	n-hand	ab38ddda5	System.Text.Json	true	6	0.2057	0.2053	0.2063	482410	
k2	2026-09-27	fernie	n-hand	ab38ddda5	NuGet.Packaging	true	6	0.0706	0.0704	0.0717	112010	
k2	2026-09-27	fernie	n-hand	ab38ddda5	Microsoft.CodeAnalysis.CSharp	false	6	2.3058	2.3005	2.3316	2330963	
k2	2026-09-27	fernie	n-hand	ab38ddda5	System.Private.CoreLib	true	6	2.1669	2.1613	2.1689	3888530	
k2	2026-09-27	fernie	n-interp	ab38ddda5	CommandLine	false	6	0.1298	0.1293	0.1311	259354	
k2	2026-09-27	fernie	n-interp	ab38ddda5	Humanizer	false	6	0.1749	0.1747	0.1753	301706	
k2	2026-09-27	fernie	n-interp	ab38ddda5	Mono.Cecil	false	6	0.1646	0.1643	0.1657	105194	
k2	2026-09-27	fernie	n-interp	ab38ddda5	Newtonsoft.Json	true	6	0.3234	0.3224	0.3238	561114	
k2	2026-09-27	fernie	n-interp	ab38ddda5	System.Text.Json	true	6	0.2208	0.2198	0.2224	483066	
k2	2026-09-27	fernie	n-interp	ab38ddda5	NuGet.Packaging	true	6	0.0786	0.0783	0.0796	112666	
k2	2026-09-27	fernie	n-interp	ab38ddda5	Microsoft.CodeAnalysis.CSharp	false	6	2.6924	2.6883	2.7024	2331622	
k2	2026-09-27	fernie	n-interp	ab38ddda5	System.Private.CoreLib	true	6	2.3058	2.3030	2.3139	3889187	
k2	2026-09-27	fernie	n-kernel	ab38ddda5	CommandLine	false	6	0.1205	0.1202	0.1207	259354	
k2	2026-09-27	fernie	n-kernel	ab38ddda5	Humanizer	false	6	0.1608	0.1601	0.1630	301706	
k2	2026-09-27	fernie	n-kernel	ab38ddda5	Mono.Cecil	false	6	0.1400	0.1393	0.1404	105194	
k2	2026-09-27	fernie	n-kernel	ab38ddda5	Newtonsoft.Json	true	6	0.3045	0.3038	0.3050	561114	
k2	2026-09-27	fernie	n-kernel	ab38ddda5	System.Text.Json	true	6	0.2102	0.2093	0.2105	483066	
k2	2026-09-27	fernie	n-kernel	ab38ddda5	NuGet.Packaging	true	6	0.0728	0.0720	0.0750	112666	
k2	2026-09-27	fernie	n-kernel	ab38ddda5	Microsoft.CodeAnalysis.CSharp	false	6	2.4319	2.4235	2.4690	2331620	
k2	2026-09-27	fernie	n-kernel	ab38ddda5	System.Private.CoreLib	true	6	2.2132	2.2103	2.2162	3889186	
k2	2026-09-27	fernie	r-legacy	ab38ddda5	CommandLine	n=3	6	0.3656	0.3640	0.3664	613113	
k2	2026-09-27	fernie	r-legacy	ab38ddda5	Humanizer	n=0	6	0.3837	0.3834	0.3859	761378	
k2	2026-09-27	fernie	r-legacy	ab38ddda5	Mono.Cecil	n=0	6	0.4746	0.4730	0.4765	759824	
k2	2026-09-27	fernie	r-legacy	ab38ddda5	Newtonsoft.Json	n=11	6	1.0008	0.9966	1.0067	1749835	
k2	2026-09-27	fernie	r-legacy	ab38ddda5	System.Text.Json	n=8	6	0.9044	0.8985	0.9085	1661476	
k2	2026-09-27	fernie	r-legacy	ab38ddda5	NuGet.Packaging	n=22	6	0.9095	0.9033	0.9157	1476564	
k2	2026-09-27	fernie	r-legacy	ab38ddda5	Microsoft.CodeAnalysis.CSharp	n=0	6	6.4920	6.4553	6.5496	9857171	
k2	2026-09-27	fernie	r-legacy	ab38ddda5	System.Private.CoreLib	n=31	6	25.3529	25.0783	25.6161	36600130	
k4	2026-09-27	mac	c-hand-fused	bf04bf2da	CommandLine	p=0;a=3;u=0	6	0.0950	0.0945	0.0954	330154	
k4	2026-09-27	mac	c-hand-fused	bf04bf2da	Humanizer	p=0;a=0;u=0	6	0.1026	0.1021	0.1031	343754	
k4	2026-09-27	mac	c-hand-fused	bf04bf2da	Mono.Cecil	p=0;a=0;u=0	6	0.1033	0.1026	0.1056	161330	
k4	2026-09-27	mac	c-hand-fused	bf04bf2da	Newtonsoft.Json	p=0;a=11;u=0	6	0.2891	0.2877	0.2905	898354	
k4	2026-09-27	mac	c-hand-fused	bf04bf2da	System.Text.Json	p=0;a=8;u=0	6	0.2604	0.2585	0.2612	881626	
k4	2026-09-27	mac	c-hand-fused	bf04bf2da	NuGet.Packaging	p=8;a=22;u=0	6	0.1429	0.1405	0.1465	337658	
k4	2026-09-27	mac	c-hand-fused	bf04bf2da	Microsoft.CodeAnalysis.CSharp	p=0;a=0;u=0	6	1.9372	1.9143	1.9519	3337367	
k4	2026-09-27	mac	c-hand-fused	bf04bf2da	System.Private.CoreLib	p=0;a=31;u=1	6	3.2716	3.2312	3.2880	8876027	
k4	2026-09-27	mac	c-nlinq-fused	bf04bf2da	CommandLine	p=0;a=3;u=0	6	0.1055	0.1050	0.1075	330154	
k4	2026-09-27	mac	c-nlinq-fused	bf04bf2da	Humanizer	p=0;a=0;u=0	6	0.1137	0.1131	0.1172	343754	
k4	2026-09-27	mac	c-nlinq-fused	bf04bf2da	Mono.Cecil	p=0;a=0;u=0	6	0.1241	0.1235	0.1297	161330	
k4	2026-09-27	mac	c-nlinq-fused	bf04bf2da	Newtonsoft.Json	p=0;a=11;u=0	6	0.3232	0.3187	0.3245	898354	
k4	2026-09-27	mac	c-nlinq-fused	bf04bf2da	System.Text.Json	p=0;a=8;u=0	6	0.2933	0.2908	0.2946	881626	
k4	2026-09-27	mac	c-nlinq-fused	bf04bf2da	NuGet.Packaging	p=8;a=22;u=0	6	0.1725	0.1709	0.1742	337658	
k4	2026-09-27	mac	c-nlinq-fused	bf04bf2da	Microsoft.CodeAnalysis.CSharp	p=0;a=0;u=0	6	2.1942	2.1652	2.2215	3337354	
k4	2026-09-27	mac	c-nlinq-fused	bf04bf2da	System.Private.CoreLib	p=0;a=31;u=1	6	3.4955	3.4577	3.5523	8876029	
k4	2026-09-27	mac	c-planned-fused-typescoped	bf04bf2da	CommandLine	p=0;a=3;u=0	6	0.1158	0.1148	0.1175	332690	
k4	2026-09-27	mac	c-planned-fused-typescoped	bf04bf2da	Humanizer	p=0;a=0;u=0	6	0.1385	0.1375	0.1393	346290	
k4	2026-09-27	mac	c-planned-fused-typescoped	bf04bf2da	Mono.Cecil	p=0;a=0;u=0	6	0.1670	0.1661	0.1680	163866	
k4	2026-09-27	mac	c-planned-fused-typescoped	bf04bf2da	Newtonsoft.Json	p=0;a=11;u=0	6	0.3752	0.3728	0.3776	900890	
k4	2026-09-27	mac	c-planned-fused-typescoped	bf04bf2da	System.Text.Json	p=0;a=8;u=0	6	0.3445	0.3418	0.3480	884162	
k4	2026-09-27	mac	c-planned-fused-typescoped	bf04bf2da	NuGet.Packaging	p=8;a=22;u=0	6	0.2135	0.2130	0.2148	340194	
k4	2026-09-27	mac	c-planned-fused-typescoped	bf04bf2da	Microsoft.CodeAnalysis.CSharp	p=0;a=0;u=0	6	2.6938	2.6810	2.7045	3339894	
k4	2026-09-27	mac	c-planned-fused-typescoped	bf04bf2da	System.Private.CoreLib	p=0;a=31;u=1	6	3.8258	3.8113	3.8362	8878567	
k4	2026-09-27	mac	c-typed-fused	bf04bf2da	CommandLine	p=0;a=3;u=0	6	0.0987	0.0975	0.0992	330210	
k4	2026-09-27	mac	c-typed-fused	bf04bf2da	Humanizer	p=0;a=0;u=0	6	0.1096	0.1092	0.1106	343810	
k4	2026-09-27	mac	c-typed-fused	bf04bf2da	Mono.Cecil	p=0;a=0;u=0	6	0.1159	0.1147	0.1168	161386	
k4	2026-09-27	mac	c-typed-fused	bf04bf2da	Newtonsoft.Json	p=0;a=11;u=0	6	0.3084	0.3069	0.3095	898410	
k4	2026-09-27	mac	c-typed-fused	bf04bf2da	System.Text.Json	p=0;a=8;u=0	6	0.2791	0.2746	0.2812	881682	
k4	2026-09-27	mac	c-typed-fused	bf04bf2da	NuGet.Packaging	p=8;a=22;u=0	6	0.1584	0.1545	0.1598	337562	
k4	2026-09-27	mac	c-typed-fused	bf04bf2da	Microsoft.CodeAnalysis.CSharp	p=0;a=0;u=0	6	2.0904	2.0817	2.0996	3337409	
k4	2026-09-27	mac	c-typed-fused	bf04bf2da	System.Private.CoreLib	p=0;a=31;u=1	6	3.4011	3.3836	3.4117	8876084	
k4	2026-09-27	mac	c-legacy	bf04bf2da	CommandLine	p=0;a=3;u=0	6	0.1944	0.1935	0.1957	613130	
k4	2026-09-27	mac	c-legacy	bf04bf2da	Humanizer	p=0;a=0;u=0	6	0.2112	0.2105	0.2128	761394	
k4	2026-09-27	mac	c-legacy	bf04bf2da	Mono.Cecil	p=0;a=0;u=0	6	0.2698	0.2679	0.2715	759850	
k4	2026-09-27	mac	c-legacy	bf04bf2da	Newtonsoft.Json	p=0;a=11;u=0	6	0.5564	0.5524	0.5580	1749863	
k4	2026-09-27	mac	c-legacy	bf04bf2da	System.Text.Json	p=0;a=8;u=0	6	0.4998	0.4984	0.5038	1661535	
k4	2026-09-27	mac	c-legacy	bf04bf2da	NuGet.Packaging	p=8;a=22;u=0	6	0.4874	0.4830	0.4895	1476898	
k4	2026-09-27	mac	c-legacy	bf04bf2da	Microsoft.CodeAnalysis.CSharp	p=0;a=0;u=0	6	4.1031	4.0922	4.1175	9857177	
k4	2026-09-27	mac	c-legacy	bf04bf2da	System.Private.CoreLib	p=0;a=31;u=1	6	14.7649	14.7250	14.7780	36600273	
k4	2026-09-27	annies-mac-mini	c-hand-fused	bf04bf2da	CommandLine	p=0;a=3;u=0	6	0.0938	0.0930	0.0960	330154	
k4	2026-09-27	annies-mac-mini	c-hand-fused	bf04bf2da	Humanizer	p=0;a=0;u=0	6	0.1018	0.1012	0.1036	343754	
k4	2026-09-27	annies-mac-mini	c-hand-fused	bf04bf2da	Mono.Cecil	p=0;a=0;u=0	6	0.1029	0.1025	0.1060	161330	
k4	2026-09-27	annies-mac-mini	c-hand-fused	bf04bf2da	Newtonsoft.Json	p=0;a=11;u=0	6	0.2885	0.2807	0.2916	898354	
k4	2026-09-27	annies-mac-mini	c-hand-fused	bf04bf2da	System.Text.Json	p=0;a=8;u=0	6	0.2596	0.2568	0.2621	881626	
k4	2026-09-27	annies-mac-mini	c-hand-fused	bf04bf2da	NuGet.Packaging	p=8;a=22;u=0	6	0.1433	0.1396	0.1449	337658	
k4	2026-09-27	annies-mac-mini	c-hand-fused	bf04bf2da	Microsoft.CodeAnalysis.CSharp	p=0;a=0;u=0	6	1.9360	1.8758	1.9837	3337367	
k4	2026-09-27	annies-mac-mini	c-hand-fused	bf04bf2da	System.Private.CoreLib	p=0;a=31;u=1	6	3.2705	3.1744	3.2900	8876027	
k4	2026-09-27	annies-mac-mini	c-nlinq-fused	bf04bf2da	CommandLine	p=0;a=3;u=0	6	0.1047	0.1045	0.1065	330154	
k4	2026-09-27	annies-mac-mini	c-nlinq-fused	bf04bf2da	Humanizer	p=0;a=0;u=0	6	0.1127	0.1125	0.1142	343754	
k4	2026-09-27	annies-mac-mini	c-nlinq-fused	bf04bf2da	Mono.Cecil	p=0;a=0;u=0	6	0.1242	0.1235	0.1245	161330	
k4	2026-09-27	annies-mac-mini	c-nlinq-fused	bf04bf2da	Newtonsoft.Json	p=0;a=11;u=0	6	0.3226	0.3160	0.3250	898354	
k4	2026-09-27	annies-mac-mini	c-nlinq-fused	bf04bf2da	System.Text.Json	p=0;a=8;u=0	6	0.2894	0.2875	0.2937	881626	
k4	2026-09-27	annies-mac-mini	c-nlinq-fused	bf04bf2da	NuGet.Packaging	p=8;a=22;u=0	6	0.1729	0.1712	0.1749	337658	
k4	2026-09-27	annies-mac-mini	c-nlinq-fused	bf04bf2da	Microsoft.CodeAnalysis.CSharp	p=0;a=0;u=0	6	2.1883	2.1533	2.2064	3337354	
k4	2026-09-27	annies-mac-mini	c-nlinq-fused	bf04bf2da	System.Private.CoreLib	p=0;a=31;u=1	6	3.4948	3.4002	3.5501	8876028	
k4	2026-09-27	annies-mac-mini	c-planned-fused-typescoped	bf04bf2da	CommandLine	p=0;a=3;u=0	6	0.1154	0.1150	0.1169	332690	
k4	2026-09-27	annies-mac-mini	c-planned-fused-typescoped	bf04bf2da	Humanizer	p=0;a=0;u=0	6	0.1369	0.1360	0.1375	346290	
k4	2026-09-27	annies-mac-mini	c-planned-fused-typescoped	bf04bf2da	Mono.Cecil	p=0;a=0;u=0	6	0.1671	0.1665	0.1679	163866	
k4	2026-09-27	annies-mac-mini	c-planned-fused-typescoped	bf04bf2da	Newtonsoft.Json	p=0;a=11;u=0	6	0.3750	0.3735	0.3772	900890	
k4	2026-09-27	annies-mac-mini	c-planned-fused-typescoped	bf04bf2da	System.Text.Json	p=0;a=8;u=0	6	0.3454	0.3443	0.3463	884162	
k4	2026-09-27	annies-mac-mini	c-planned-fused-typescoped	bf04bf2da	NuGet.Packaging	p=8;a=22;u=0	6	0.2152	0.2137	0.2157	340194	
k4	2026-09-27	annies-mac-mini	c-planned-fused-typescoped	bf04bf2da	Microsoft.CodeAnalysis.CSharp	p=0;a=0;u=0	6	2.6888	2.6682	2.7085	3339894	
k4	2026-09-27	annies-mac-mini	c-planned-fused-typescoped	bf04bf2da	System.Private.CoreLib	p=0;a=31;u=1	6	3.8227	3.7982	3.8417	8878567	
k4	2026-09-27	annies-mac-mini	c-typed-fused	bf04bf2da	CommandLine	p=0;a=3;u=0	6	0.0984	0.0980	0.0990	330210	
k4	2026-09-27	annies-mac-mini	c-typed-fused	bf04bf2da	Humanizer	p=0;a=0;u=0	6	0.1092	0.1090	0.1097	343810	
k4	2026-09-27	annies-mac-mini	c-typed-fused	bf04bf2da	Mono.Cecil	p=0;a=0;u=0	6	0.1162	0.1157	0.1167	161386	
k4	2026-09-27	annies-mac-mini	c-typed-fused	bf04bf2da	Newtonsoft.Json	p=0;a=11;u=0	6	0.3080	0.3060	0.3090	898410	
k4	2026-09-27	annies-mac-mini	c-typed-fused	bf04bf2da	System.Text.Json	p=0;a=8;u=0	6	0.2807	0.2789	0.2810	881682	
k4	2026-09-27	annies-mac-mini	c-typed-fused	bf04bf2da	NuGet.Packaging	p=8;a=22;u=0	6	0.1586	0.1577	0.1600	337562	
k4	2026-09-27	annies-mac-mini	c-typed-fused	bf04bf2da	Microsoft.CodeAnalysis.CSharp	p=0;a=0;u=0	6	2.0966	2.0814	2.1240	3337409	
k4	2026-09-27	annies-mac-mini	c-typed-fused	bf04bf2da	System.Private.CoreLib	p=0;a=31;u=1	6	3.4003	3.3800	3.4292	8876084	
k4	2026-09-27	annies-mac-mini	c-legacy	bf04bf2da	CommandLine	p=0;a=3;u=0	6	0.1950	0.1932	0.1954	613132	
k4	2026-09-27	annies-mac-mini	c-legacy	bf04bf2da	Humanizer	p=0;a=0;u=0	6	0.2121	0.2097	0.2132	761394	
k4	2026-09-27	annies-mac-mini	c-legacy	bf04bf2da	Mono.Cecil	p=0;a=0;u=0	6	0.2693	0.2684	0.2714	759850	
k4	2026-09-27	annies-mac-mini	c-legacy	bf04bf2da	Newtonsoft.Json	p=0;a=11;u=0	6	0.5552	0.5509	0.5579	1750318	
k4	2026-09-27	annies-mac-mini	c-legacy	bf04bf2da	System.Text.Json	p=0;a=8;u=0	6	0.5040	0.5003	0.5080	1661493	
k4	2026-09-27	annies-mac-mini	c-legacy	bf04bf2da	NuGet.Packaging	p=8;a=22;u=0	6	0.4908	0.4872	0.4930	1476508	
k4	2026-09-27	annies-mac-mini	c-legacy	bf04bf2da	Microsoft.CodeAnalysis.CSharp	p=0;a=0;u=0	6	4.1446	4.1167	4.1776	9857177	
k4	2026-09-27	annies-mac-mini	c-legacy	bf04bf2da	System.Private.CoreLib	p=0;a=31;u=1	6	14.8188	14.7098	14.8790	36600321	
k4	2026-09-27	fernie	c-hand-fused	bf04bf2da	CommandLine	p=0;a=3;u=0	6	0.1797	0.1795	0.1884	330154	
k4	2026-09-27	fernie	c-hand-fused	bf04bf2da	Humanizer	p=0;a=0;u=0	6	0.1956	0.1952	0.2034	343754	
k4	2026-09-27	fernie	c-hand-fused	bf04bf2da	Mono.Cecil	p=0;a=0;u=0	6	0.1899	0.1895	0.1955	161330	
k4	2026-09-27	fernie	c-hand-fused	bf04bf2da	Newtonsoft.Json	p=0;a=11;u=0	6	0.5393	0.5389	0.5791	898346	
k4	2026-09-27	fernie	c-hand-fused	bf04bf2da	System.Text.Json	p=0;a=8;u=0	6	0.4777	0.4774	0.5222	881616	
k4	2026-09-27	fernie	c-hand-fused	bf04bf2da	NuGet.Packaging	p=8;a=22;u=0	6	0.2764	0.2759	0.2974	337658	
k4	2026-09-27	fernie	c-hand-fused	bf04bf2da	Microsoft.CodeAnalysis.CSharp	p=0;a=0;u=0	6	3.3006	3.2986	3.4700	3337363	
k4	2026-09-27	fernie	c-hand-fused	bf04bf2da	System.Private.CoreLib	p=0;a=31;u=1	6	5.4470	5.4416	5.6133	8876023	
k4	2026-09-27	fernie	c-nlinq-fused	bf04bf2da	CommandLine	p=0;a=3;u=0	6	0.2075	0.2071	0.2246	330154	
k4	2026-09-27	fernie	c-nlinq-fused	bf04bf2da	Humanizer	p=0;a=0;u=0	6	0.2219	0.2217	0.2333	343754	
k4	2026-09-27	fernie	c-nlinq-fused	bf04bf2da	Mono.Cecil	p=0;a=0;u=0	6	0.2415	0.2410	0.2552	161330	
k4	2026-09-27	fernie	c-nlinq-fused	bf04bf2da	Newtonsoft.Json	p=0;a=11;u=0	6	0.6108	0.6101	0.6196	898348	
k4	2026-09-27	fernie	c-nlinq-fused	bf04bf2da	System.Text.Json	p=0;a=8;u=0	6	0.5435	0.5430	0.5459	881618	
k4	2026-09-27	fernie	c-nlinq-fused	bf04bf2da	NuGet.Packaging	p=8;a=22;u=0	6	0.3426	0.3414	0.3696	337658	
k4	2026-09-27	fernie	c-nlinq-fused	bf04bf2da	Microsoft.CodeAnalysis.CSharp	p=0;a=0;u=0	6	4.0633	4.0590	4.4504	3337353	
k4	2026-09-27	fernie	c-nlinq-fused	bf04bf2da	System.Private.CoreLib	p=0;a=31;u=1	6	6.0772	6.0668	6.7613	8876025	
k4	2026-09-27	fernie	c-planned-fused-typescoped	bf04bf2da	CommandLine	p=0;a=3;u=0	6	0.2185	0.2174	0.2338	332690	
k4	2026-09-27	fernie	c-planned-fused-typescoped	bf04bf2da	Humanizer	p=0;a=0;u=0	6	0.2645	0.2630	0.2812	346290	
k4	2026-09-27	fernie	c-planned-fused-typescoped	bf04bf2da	Mono.Cecil	p=0;a=0;u=0	6	0.3114	0.3111	0.3332	163866	
k4	2026-09-27	fernie	c-planned-fused-typescoped	bf04bf2da	Newtonsoft.Json	p=0;a=11;u=0	6	0.6909	0.6892	0.7419	900887	
k4	2026-09-27	fernie	c-planned-fused-typescoped	bf04bf2da	System.Text.Json	p=0;a=8;u=0	6	0.6237	0.6226	0.6258	884157	
k4	2026-09-27	fernie	c-planned-fused-typescoped	bf04bf2da	NuGet.Packaging	p=8;a=22;u=0	6	0.3989	0.3987	0.4005	340194	
k4	2026-09-27	fernie	c-planned-fused-typescoped	bf04bf2da	Microsoft.CodeAnalysis.CSharp	p=0;a=0;u=0	6	4.9139	4.9067	4.9387	3339892	
k4	2026-09-27	fernie	c-planned-fused-typescoped	bf04bf2da	System.Private.CoreLib	p=0;a=31;u=1	6	6.6654	6.6519	6.7396	8878564	
k4	2026-09-27	fernie	c-typed-fused	bf04bf2da	CommandLine	p=0;a=3;u=0	6	0.1837	0.1831	0.2007	330210	
k4	2026-09-27	fernie	c-typed-fused	bf04bf2da	Humanizer	p=0;a=0;u=0	6	0.2031	0.2023	0.2154	343810	
k4	2026-09-27	fernie	c-typed-fused	bf04bf2da	Mono.Cecil	p=0;a=0;u=0	6	0.2036	0.2027	0.2072	161386	
k4	2026-09-27	fernie	c-typed-fused	bf04bf2da	Newtonsoft.Json	p=0;a=11;u=0	6	0.5567	0.5552	0.5597	898402	
k4	2026-09-27	fernie	c-typed-fused	bf04bf2da	System.Text.Json	p=0;a=8;u=0	6	0.4956	0.4938	0.5404	881672	
k4	2026-09-27	fernie	c-typed-fused	bf04bf2da	NuGet.Packaging	p=8;a=22;u=0	6	0.2901	0.2896	0.2986	337562	
k4	2026-09-27	fernie	c-typed-fused	bf04bf2da	Microsoft.CodeAnalysis.CSharp	p=0;a=0;u=0	6	3.4820	3.4742	3.7479	3337421	
k4	2026-09-27	fernie	c-typed-fused	bf04bf2da	System.Private.CoreLib	p=0;a=31;u=1	6	5.6005	5.5911	5.7979	8876079	
k4	2026-09-27	fernie	c-legacy	bf04bf2da	CommandLine	p=0;a=3;u=0	6	0.3648	0.3628	0.3858	613121	
k4	2026-09-27	fernie	c-legacy	bf04bf2da	Humanizer	p=0;a=0;u=0	6	0.3839	0.3824	0.3853	761394	
k4	2026-09-27	fernie	c-legacy	bf04bf2da	Mono.Cecil	p=0;a=0;u=0	6	0.4720	0.4706	0.5035	759855	
k4	2026-09-27	fernie	c-legacy	bf04bf2da	Newtonsoft.Json	p=0;a=11;u=0	6	0.9999	0.9959	1.0541	1749855	
k4	2026-09-27	fernie	c-legacy	bf04bf2da	System.Text.Json	p=0;a=8;u=0	6	0.9017	0.8971	0.9240	1661509	
k4	2026-09-27	fernie	c-legacy	bf04bf2da	NuGet.Packaging	p=8;a=22;u=0	6	0.9054	0.9017	0.9133	1476599	
k4	2026-09-27	fernie	c-legacy	bf04bf2da	Microsoft.CodeAnalysis.CSharp	p=0;a=0;u=0	6	6.5225	6.4568	7.1533	9857187	
k4	2026-09-27	fernie	c-legacy	bf04bf2da	System.Private.CoreLib	p=0;a=31;u=1	6	25.0759	25.0213	25.8397	36600212	
k1	2026-09-26	mac	old:c-hand-fused	8642951fc	CommandLine	p=0;a=3;u=0	6	0.0976	0.0957	0.0982	330154	
k1	2026-09-26	mac	old:c-hand-fused	8642951fc	Humanizer	p=0;a=0;u=0	6	0.1061	0.1040	0.1072	343754	
k1	2026-09-26	mac	old:c-hand-fused	8642951fc	Mono.Cecil	p=0;a=0;u=0	6	0.1070	0.1038	0.1084	161330	
k1	2026-09-26	mac	old:c-hand-fused	8642951fc	Newtonsoft.Json	p=0;a=11;u=0	6	0.2972	0.2885	0.3014	898354	
k1	2026-09-26	mac	old:c-hand-fused	8642951fc	System.Text.Json	p=0;a=8;u=0	6	0.2674	0.2615	0.2705	881626	
k1	2026-09-26	mac	old:c-hand-fused	8642951fc	NuGet.Packaging	p=8;a=22;u=0	6	0.1474	0.1445	0.1517	337658	
k1	2026-09-26	mac	old:c-hand-fused	8642951fc	Microsoft.CodeAnalysis.CSharp	p=0;a=0;u=0	6	2.0178	1.9265	2.0634	3337357	
k1	2026-09-26	mac	old:c-hand-fused	8642951fc	System.Private.CoreLib	p=0;a=31;u=1	6	3.3620	3.2266	3.4878	8876018	
k1	2026-09-26	mac	old:k-interp	8642951fc	CommandLine	3	6	0.0687	0.0676	0.0709	259442	
k1	2026-09-26	mac	old:k-interp	8642951fc	Humanizer	0	6	0.0926	0.0912	0.0999	301794	
k1	2026-09-26	mac	old:k-interp	8642951fc	Mono.Cecil	0	6	0.0883	0.0865	0.0946	105282	
k1	2026-09-26	mac	old:k-interp	8642951fc	Newtonsoft.Json	11	6	0.2533	0.2484	0.2605	794114	
k1	2026-09-26	mac	old:k-interp	8642951fc	System.Text.Json	8	6	0.2307	0.2270	0.2436	785138	
k1	2026-09-26	mac	old:k-interp	8642951fc	NuGet.Packaging	22	6	0.1247	0.1230	0.1319	270066	
k1	2026-09-26	mac	old:k-interp	8642951fc	Microsoft.CodeAnalysis.CSharp	0	6	1.6007	1.5422	1.7170	2331707	
k1	2026-09-26	mac	old:k-interp	8642951fc	System.Private.CoreLib	31	6	3.6067	3.4299	3.9865	8875086	
k1	2026-09-26	mac	old:k-kernel	8642951fc	CommandLine	3	6	0.0662	0.0635	0.0716	259442	
k1	2026-09-26	mac	old:k-kernel	8642951fc	Humanizer	0	6	0.0872	0.0833	0.0944	301794	
k1	2026-09-26	mac	old:k-kernel	8642951fc	Mono.Cecil	0	6	0.0732	0.0720	0.0815	105282	
k1	2026-09-26	mac	old:k-kernel	8642951fc	Newtonsoft.Json	11	6	0.2381	0.2334	0.2593	794114	
k1	2026-09-26	mac	old:k-kernel	8642951fc	System.Text.Json	8	6	0.2123	0.2093	0.2346	785138	
k1	2026-09-26	mac	old:k-kernel	8642951fc	NuGet.Packaging	22	6	0.1065	0.1050	0.1092	270066	
k1	2026-09-26	mac	old:k-kernel	8642951fc	Microsoft.CodeAnalysis.CSharp	0	6	1.4394	1.4082	1.4808	2331706	
k1	2026-09-26	mac	old:k-kernel	8642951fc	System.Private.CoreLib	31	6	3.4428	3.3546	3.6461	8875084	
k1	2026-09-26	mac	old:c-planned-fused-guarded	8642951fc	CommandLine	p=0;a=3;u=0	6	0.1447	0.1409	0.1526	333298	
k1	2026-09-26	mac	old:c-planned-fused-guarded	8642951fc	Humanizer	p=0;a=0;u=0	6	0.1535	0.1503	0.1646	346898	
k1	2026-09-26	mac	old:c-planned-fused-guarded	8642951fc	Mono.Cecil	p=0;a=0;u=0	6	0.1925	0.1891	0.1970	164474	
k1	2026-09-26	mac	old:c-planned-fused-guarded	8642951fc	Newtonsoft.Json	p=0;a=11;u=0	6	0.4220	0.4149	0.4333	901491	
k1	2026-09-26	mac	old:c-planned-fused-guarded	8642951fc	System.Text.Json	p=0;a=8;u=0	6	0.3820	0.3761	0.3932	884761	
k1	2026-09-26	mac	old:c-planned-fused-guarded	8642951fc	NuGet.Packaging	p=8;a=22;u=0	6	0.2632	0.2572	0.2720	340802	
k1	2026-09-26	mac	old:c-planned-fused-guarded	8642951fc	Microsoft.CodeAnalysis.CSharp	p=0;a=0;u=0	6	3.1315	3.0194	3.3656	3340498	
k1	2026-09-26	mac	old:c-planned-fused-guarded	8642951fc	System.Private.CoreLib	p=0;a=31;u=1	6	4.2632	4.0820	4.3245	8879168	
k1	2026-09-26	mac	old:c-planned-fused-typescoped	8642951fc	CommandLine	p=0;a=3;u=0	6	0.1227	0.1209	0.1278	333298	
k1	2026-09-26	mac	old:c-planned-fused-typescoped	8642951fc	Humanizer	p=0;a=0;u=0	6	0.1463	0.1439	0.1535	346898	
k1	2026-09-26	mac	old:c-planned-fused-typescoped	8642951fc	Mono.Cecil	p=0;a=0;u=0	6	0.1796	0.1757	0.1901	164474	
k1	2026-09-26	mac	old:c-planned-fused-typescoped	8642951fc	Newtonsoft.Json	p=0;a=11;u=0	6	0.3967	0.3859	0.4226	901492	
k1	2026-09-26	mac	old:c-planned-fused-typescoped	8642951fc	System.Text.Json	p=0;a=8;u=0	6	0.3634	0.3561	0.3933	884772	
k1	2026-09-26	mac	old:c-planned-fused-typescoped	8642951fc	NuGet.Packaging	p=8;a=22;u=0	6	0.2293	0.2250	0.2478	340802	
k1	2026-09-26	mac	old:c-planned-fused-typescoped	8642951fc	Microsoft.CodeAnalysis.CSharp	p=0;a=0;u=0	6	2.9253	2.7937	3.1620	3340498	
k1	2026-09-26	mac	old:c-planned-fused-typescoped	8642951fc	System.Private.CoreLib	p=0;a=31;u=1	6	3.9871	3.8938	4.0527	8879166	
k1	2026-09-26	mac	new:hand	ac5b60977	CommandLine	3	6	0.0639	0.0626	0.0651	258698	
k1	2026-09-26	mac	new:hand	ac5b60977	Humanizer	0	6	0.0839	0.0819	0.0862	301050	
k1	2026-09-26	mac	new:hand	ac5b60977	Mono.Cecil	0	6	0.0698	0.0687	0.0713	104538	
k1	2026-09-26	mac	new:hand	ac5b60977	Newtonsoft.Json	11	6	0.2324	0.2281	0.2381	793370	
k1	2026-09-26	mac	new:hand	ac5b60977	System.Text.Json	8	6	0.2063	0.2021	0.2155	784394	
k1	2026-09-26	mac	new:hand	ac5b60977	NuGet.Packaging	22	6	0.1042	0.1012	0.1113	269322	
k1	2026-09-26	mac	new:hand	ac5b60977	Microsoft.CodeAnalysis.CSharp	0	6	1.3384	1.3038	1.4145	2330972	
k1	2026-09-26	mac	new:hand	ac5b60977	System.Private.CoreLib	31	6	3.3601	3.2598	3.4618	8874339	
k1	2026-09-26	mac	new:c-hand-fused	ac5b60977	CommandLine	p=0;a=3;u=0	6	0.0980	0.0946	0.1043	330154	
k1	2026-09-26	mac	new:c-hand-fused	ac5b60977	Humanizer	p=0;a=0;u=0	6	0.1062	0.1045	0.1158	343754	
k1	2026-09-26	mac	new:c-hand-fused	ac5b60977	Mono.Cecil	p=0;a=0;u=0	6	0.1061	0.1056	0.1135	161330	
k1	2026-09-26	mac	new:c-hand-fused	ac5b60977	Newtonsoft.Json	p=0;a=11;u=0	6	0.3013	0.2896	0.3260	898352	
k1	2026-09-26	mac	new:c-hand-fused	ac5b60977	System.Text.Json	p=0;a=8;u=0	6	0.2656	0.2571	0.2860	881626	
k1	2026-09-26	mac	new:c-hand-fused	ac5b60977	NuGet.Packaging	p=8;a=22;u=0	6	0.1469	0.1408	0.1570	337658	
k1	2026-09-26	mac	new:c-hand-fused	ac5b60977	Microsoft.CodeAnalysis.CSharp	p=0;a=0;u=0	6	2.0091	1.9407	2.0965	3337357	
k1	2026-09-26	mac	new:c-hand-fused	ac5b60977	System.Private.CoreLib	p=0;a=31;u=1	6	3.3498	3.3121	3.4841	8876018	
k1	2026-09-26	mac	new:k-interp	ac5b60977	CommandLine	3	6	0.0697	0.0677	0.0705	259346	
k1	2026-09-26	mac	new:k-interp	ac5b60977	Humanizer	0	6	0.0922	0.0910	0.0943	301698	
k1	2026-09-26	mac	new:k-interp	ac5b60977	Mono.Cecil	0	6	0.0880	0.0857	0.0890	105186	
k1	2026-09-26	mac	new:k-interp	ac5b60977	Newtonsoft.Json	11	6	0.2566	0.2501	0.2586	794018	
k1	2026-09-26	mac	new:k-interp	ac5b60977	System.Text.Json	8	6	0.2323	0.2278	0.2428	785043	
k1	2026-09-26	mac	new:k-interp	ac5b60977	NuGet.Packaging	22	6	0.1240	0.1211	0.1353	269970	
k1	2026-09-26	mac	new:k-interp	ac5b60977	Microsoft.CodeAnalysis.CSharp	0	6	1.5997	1.5311	1.6905	2331611	
k1	2026-09-26	mac	new:k-interp	ac5b60977	System.Private.CoreLib	31	6	3.6275	3.4439	3.9010	8874989	
k1	2026-09-26	mac	new:k-kernel	ac5b60977	CommandLine	3	6	0.0652	0.0636	0.0662	259346	
k1	2026-09-26	mac	new:k-kernel	ac5b60977	Humanizer	0	6	0.0854	0.0840	0.0873	301698	
k1	2026-09-26	mac	new:k-kernel	ac5b60977	Mono.Cecil	0	6	0.0735	0.0715	0.0752	105186	
k1	2026-09-26	mac	new:k-kernel	ac5b60977	Newtonsoft.Json	11	6	0.2336	0.2293	0.2433	794018	
k1	2026-09-26	mac	new:k-kernel	ac5b60977	System.Text.Json	8	6	0.2087	0.2052	0.2246	785042	
k1	2026-09-26	mac	new:k-kernel	ac5b60977	NuGet.Packaging	22	6	0.1048	0.1020	0.1135	269970	
k1	2026-09-26	mac	new:k-kernel	ac5b60977	Microsoft.CodeAnalysis.CSharp	0	6	1.3824	1.3391	1.5578	2331621	
k1	2026-09-26	mac	new:k-kernel	ac5b60977	System.Private.CoreLib	31	6	3.4145	3.3157	3.5655	8874988	
k1	2026-09-26	mac	new:c-planned-fused-guarded	ac5b60977	CommandLine	p=0;a=3;u=0	6	0.1382	0.1358	0.1409	332658	
k1	2026-09-26	mac	new:c-planned-fused-guarded	ac5b60977	Humanizer	p=0;a=0;u=0	6	0.1480	0.1454	0.1505	346258	
k1	2026-09-26	mac	new:c-planned-fused-guarded	ac5b60977	Mono.Cecil	p=0;a=0;u=0	6	0.1844	0.1820	0.1890	163834	
k1	2026-09-26	mac	new:c-planned-fused-guarded	ac5b60977	Newtonsoft.Json	p=0;a=11;u=0	6	0.4105	0.4049	0.4137	900850	
k1	2026-09-26	mac	new:c-planned-fused-guarded	ac5b60977	System.Text.Json	p=0;a=8;u=0	6	0.3736	0.3630	0.3770	884120	
k1	2026-09-26	mac	new:c-planned-fused-guarded	ac5b60977	NuGet.Packaging	p=8;a=22;u=0	6	0.2525	0.2465	0.2560	340162	
k1	2026-09-26	mac	new:c-planned-fused-guarded	ac5b60977	Microsoft.CodeAnalysis.CSharp	p=0;a=0;u=0	6	3.0836	2.8934	3.1194	3339863	
k1	2026-09-26	mac	new:c-planned-fused-guarded	ac5b60977	System.Private.CoreLib	p=0;a=31;u=1	6	4.1880	3.9855	4.2590	8878528	
k1	2026-09-26	mac	new:c-planned-fused-typescoped	ac5b60977	CommandLine	p=0;a=3;u=0	6	0.1183	0.1153	0.1204	332658	
k1	2026-09-26	mac	new:c-planned-fused-typescoped	ac5b60977	Humanizer	p=0;a=0;u=0	6	0.1391	0.1373	0.1424	346258	
k1	2026-09-26	mac	new:c-planned-fused-typescoped	ac5b60977	Mono.Cecil	p=0;a=0;u=0	6	0.1676	0.1660	0.1738	163834	
k1	2026-09-26	mac	new:c-planned-fused-typescoped	ac5b60977	Newtonsoft.Json	p=0;a=11;u=0	6	0.3805	0.3730	0.3891	900848	
k1	2026-09-26	mac	new:c-planned-fused-typescoped	ac5b60977	System.Text.Json	p=0;a=8;u=0	6	0.3506	0.3458	0.3648	884134	
k1	2026-09-26	mac	new:c-planned-fused-typescoped	ac5b60977	NuGet.Packaging	p=8;a=22;u=0	6	0.2152	0.2129	0.2196	340162	
k1	2026-09-26	mac	new:c-planned-fused-typescoped	ac5b60977	Microsoft.CodeAnalysis.CSharp	p=0;a=0;u=0	6	2.7318	2.6880	2.9117	3339869	
k1	2026-09-26	mac	new:c-planned-fused-typescoped	ac5b60977	System.Private.CoreLib	p=0;a=31;u=1	6	3.9316	3.8467	4.1814	8878525	
k1	2026-09-26	mac	old:hand	8642951fc	CommandLine	3	6	0.0642	0.0630	0.0656	258698	
k1	2026-09-26	mac	old:hand	8642951fc	Humanizer	0	6	0.0838	0.0823	0.0872	301050	
k1	2026-09-26	mac	old:hand	8642951fc	Mono.Cecil	0	6	0.0704	0.0680	0.0767	104538	
k1	2026-09-26	mac	old:hand	8642951fc	Newtonsoft.Json	11	6	0.2336	0.2268	0.2515	793370	
k1	2026-09-26	mac	old:hand	8642951fc	System.Text.Json	8	6	0.2057	0.2011	0.2230	784394	
k1	2026-09-26	mac	old:hand	8642951fc	NuGet.Packaging	22	6	0.1041	0.1025	0.1120	269322	
k1	2026-09-26	mac	old:hand	8642951fc	Microsoft.CodeAnalysis.CSharp	0	6	1.3815	1.3500	1.4305	2330973	
k1	2026-09-26	mac	old:hand	8642951fc	System.Private.CoreLib	31	6	3.3801	3.3473	3.4306	8874338	
k1	2026-09-26	annies-mac-mini	old:c-hand-fused	8642951fc	CommandLine	p=0;a=3;u=0	6	0.0940	0.0925	0.0955	330154	
k1	2026-09-26	annies-mac-mini	old:c-hand-fused	8642951fc	Humanizer	p=0;a=0;u=0	6	0.1028	0.0996	0.1032	343754	
k1	2026-09-26	annies-mac-mini	old:c-hand-fused	8642951fc	Mono.Cecil	p=0;a=0;u=0	6	0.1036	0.1000	0.1047	161330	
k1	2026-09-26	annies-mac-mini	old:c-hand-fused	8642951fc	Newtonsoft.Json	p=0;a=11;u=0	6	0.2875	0.2780	0.2900	898354	
k1	2026-09-26	annies-mac-mini	old:c-hand-fused	8642951fc	System.Text.Json	p=0;a=8;u=0	6	0.2596	0.2502	0.2616	881626	
k1	2026-09-26	annies-mac-mini	old:c-hand-fused	8642951fc	NuGet.Packaging	p=8;a=22;u=0	6	0.1445	0.1394	0.1462	337658	
k1	2026-09-26	annies-mac-mini	old:c-hand-fused	8642951fc	Microsoft.CodeAnalysis.CSharp	p=0;a=0;u=0	6	1.9270	1.8421	1.9337	3337357	
k1	2026-09-26	annies-mac-mini	old:c-hand-fused	8642951fc	System.Private.CoreLib	p=0;a=31;u=1	6	3.2237	3.0822	3.2352	8876018	
k1	2026-09-26	annies-mac-mini	old:k-interp	8642951fc	CommandLine	3	6	0.0676	0.0671	0.0685	259442	
k1	2026-09-26	annies-mac-mini	old:k-interp	8642951fc	Humanizer	0	6	0.0912	0.0904	0.0918	301794	
k1	2026-09-26	annies-mac-mini	old:k-interp	8642951fc	Mono.Cecil	0	6	0.0864	0.0861	0.0874	105282	
k1	2026-09-26	annies-mac-mini	old:k-interp	8642951fc	Newtonsoft.Json	11	6	0.2481	0.2425	0.2505	794114	
k1	2026-09-26	annies-mac-mini	old:k-interp	8642951fc	System.Text.Json	8	6	0.2258	0.2217	0.2286	785138	
k1	2026-09-26	annies-mac-mini	old:k-interp	8642951fc	NuGet.Packaging	22	6	0.1226	0.1219	0.1245	270066	
k1	2026-09-26	annies-mac-mini	old:k-interp	8642951fc	Microsoft.CodeAnalysis.CSharp	0	6	1.5206	1.4733	1.5789	2331704	
k1	2026-09-26	annies-mac-mini	old:k-interp	8642951fc	System.Private.CoreLib	31	6	3.4304	3.3127	3.4555	8875083	
k1	2026-09-26	annies-mac-mini	old:k-kernel	8642951fc	CommandLine	3	6	0.0633	0.0631	0.0647	259442	
k1	2026-09-26	annies-mac-mini	old:k-kernel	8642951fc	Humanizer	0	6	0.0834	0.0831	0.0846	301794	
k1	2026-09-26	annies-mac-mini	old:k-kernel	8642951fc	Mono.Cecil	0	6	0.0718	0.0712	0.0726	105282	
k1	2026-09-26	annies-mac-mini	old:k-kernel	8642951fc	Newtonsoft.Json	11	6	0.2282	0.2232	0.2322	794114	
k1	2026-09-26	annies-mac-mini	old:k-kernel	8642951fc	System.Text.Json	8	6	0.2048	0.2018	0.2078	785138	
k1	2026-09-26	annies-mac-mini	old:k-kernel	8642951fc	NuGet.Packaging	22	6	0.1053	0.1027	0.1064	270066	
k1	2026-09-26	annies-mac-mini	old:k-kernel	8642951fc	Microsoft.CodeAnalysis.CSharp	0	6	1.3582	1.3166	1.3743	2331718	
k1	2026-09-26	annies-mac-mini	old:k-kernel	8642951fc	System.Private.CoreLib	31	6	3.2784	3.1679	3.3233	8875082	
k1	2026-09-26	annies-mac-mini	old:c-planned-fused-guarded	8642951fc	CommandLine	p=0;a=3;u=0	6	0.1392	0.1386	0.1405	333298	
k1	2026-09-26	annies-mac-mini	old:c-planned-fused-guarded	8642951fc	Humanizer	p=0;a=0;u=0	6	0.1487	0.1480	0.1492	346898	
k1	2026-09-26	annies-mac-mini	old:c-planned-fused-guarded	8642951fc	Mono.Cecil	p=0;a=0;u=0	6	0.1881	0.1873	0.1885	164474	
k1	2026-09-26	annies-mac-mini	old:c-planned-fused-guarded	8642951fc	Newtonsoft.Json	p=0;a=11;u=0	6	0.4089	0.4006	0.4113	901490	
k1	2026-09-26	annies-mac-mini	old:c-planned-fused-guarded	8642951fc	System.Text.Json	p=0;a=8;u=0	6	0.3711	0.3659	0.3739	884760	
k1	2026-09-26	annies-mac-mini	old:c-planned-fused-guarded	8642951fc	NuGet.Packaging	p=8;a=22;u=0	6	0.2559	0.2543	0.2580	340802	
k1	2026-09-26	annies-mac-mini	old:c-planned-fused-guarded	8642951fc	Microsoft.CodeAnalysis.CSharp	p=0;a=0;u=0	6	2.9796	2.9475	3.0095	3340496	
k1	2026-09-26	annies-mac-mini	old:c-planned-fused-guarded	8642951fc	System.Private.CoreLib	p=0;a=31;u=1	6	3.9996	3.9322	4.0234	8879166	
k1	2026-09-26	annies-mac-mini	old:c-planned-fused-typescoped	8642951fc	CommandLine	p=0;a=3;u=0	6	0.1190	0.1181	0.1202	333298	
k1	2026-09-26	annies-mac-mini	old:c-planned-fused-typescoped	8642951fc	Humanizer	p=0;a=0;u=0	6	0.1419	0.1402	0.1426	346898	
k1	2026-09-26	annies-mac-mini	old:c-planned-fused-typescoped	8642951fc	Mono.Cecil	p=0;a=0;u=0	6	0.1735	0.1726	0.1756	164474	
k1	2026-09-26	annies-mac-mini	old:c-planned-fused-typescoped	8642951fc	Newtonsoft.Json	p=0;a=11;u=0	6	0.3822	0.3764	0.3838	901488	
k1	2026-09-26	annies-mac-mini	old:c-planned-fused-typescoped	8642951fc	System.Text.Json	p=0;a=8;u=0	6	0.3542	0.3529	0.3555	884775	
k1	2026-09-26	annies-mac-mini	old:c-planned-fused-typescoped	8642951fc	NuGet.Packaging	p=8;a=22;u=0	6	0.2227	0.2191	0.2258	340802	
k1	2026-09-26	annies-mac-mini	old:c-planned-fused-typescoped	8642951fc	Microsoft.CodeAnalysis.CSharp	p=0;a=0;u=0	6	2.7588	2.7503	2.7747	3340510	
k1	2026-09-26	annies-mac-mini	old:c-planned-fused-typescoped	8642951fc	System.Private.CoreLib	p=0;a=31;u=1	6	3.8585	3.7641	3.8791	8879165	
k1	2026-09-26	annies-mac-mini	new:hand	ac5b60977	CommandLine	3	6	0.0623	0.0619	0.0631	258698	
k1	2026-09-26	annies-mac-mini	new:hand	ac5b60977	Humanizer	0	6	0.0817	0.0812	0.0820	301050	
k1	2026-09-26	annies-mac-mini	new:hand	ac5b60977	Mono.Cecil	0	6	0.0685	0.0674	0.0690	104538	
k1	2026-09-26	annies-mac-mini	new:hand	ac5b60977	Newtonsoft.Json	11	6	0.2254	0.2227	0.2269	793370	
k1	2026-09-26	annies-mac-mini	new:hand	ac5b60977	System.Text.Json	8	6	0.2014	0.2000	0.2028	784394	
k1	2026-09-26	annies-mac-mini	new:hand	ac5b60977	NuGet.Packaging	22	6	0.1032	0.1029	0.1038	269322	
k1	2026-09-26	annies-mac-mini	new:hand	ac5b60977	Microsoft.CodeAnalysis.CSharp	0	6	1.2893	1.2623	1.2934	2330972	
k1	2026-09-26	annies-mac-mini	new:hand	ac5b60977	System.Private.CoreLib	31	6	3.2125	3.1510	3.2208	8874337	
k1	2026-09-26	annies-mac-mini	new:c-hand-fused	ac5b60977	CommandLine	p=0;a=3;u=0	6	0.0940	0.0938	0.0952	330154	
k1	2026-09-26	annies-mac-mini	new:c-hand-fused	ac5b60977	Humanizer	p=0;a=0;u=0	6	0.1019	0.1014	0.1030	343754	
k1	2026-09-26	annies-mac-mini	new:c-hand-fused	ac5b60977	Mono.Cecil	p=0;a=0;u=0	6	0.1026	0.1017	0.1033	161330	
k1	2026-09-26	annies-mac-mini	new:c-hand-fused	ac5b60977	Newtonsoft.Json	p=0;a=11;u=0	6	0.2892	0.2852	0.2920	898354	
k1	2026-09-26	annies-mac-mini	new:c-hand-fused	ac5b60977	System.Text.Json	p=0;a=8;u=0	6	0.2591	0.2575	0.2636	881626	
k1	2026-09-26	annies-mac-mini	new:c-hand-fused	ac5b60977	NuGet.Packaging	p=8;a=22;u=0	6	0.1442	0.1438	0.1452	337658	
k1	2026-09-26	annies-mac-mini	new:c-hand-fused	ac5b60977	Microsoft.CodeAnalysis.CSharp	p=0;a=0;u=0	6	1.9312	1.9059	1.9434	3337357	
k1	2026-09-26	annies-mac-mini	new:c-hand-fused	ac5b60977	System.Private.CoreLib	p=0;a=31;u=1	6	3.2621	3.2175	3.2733	8876018	
k1	2026-09-26	annies-mac-mini	new:k-interp	ac5b60977	CommandLine	3	6	0.0678	0.0672	0.0687	259346	
k1	2026-09-26	annies-mac-mini	new:k-interp	ac5b60977	Humanizer	0	6	0.0902	0.0900	0.0930	301698	
k1	2026-09-26	annies-mac-mini	new:k-interp	ac5b60977	Mono.Cecil	0	6	0.0862	0.0853	0.0872	105186	
k1	2026-09-26	annies-mac-mini	new:k-interp	ac5b60977	Newtonsoft.Json	11	6	0.2467	0.2453	0.2509	794018	
k1	2026-09-26	annies-mac-mini	new:k-interp	ac5b60977	System.Text.Json	8	6	0.2236	0.2228	0.2292	785042	
k1	2026-09-26	annies-mac-mini	new:k-interp	ac5b60977	NuGet.Packaging	22	6	0.1222	0.1205	0.1229	269970	
k1	2026-09-26	annies-mac-mini	new:k-interp	ac5b60977	Microsoft.CodeAnalysis.CSharp	0	6	1.5010	1.4887	1.5375	2331608	
k1	2026-09-26	annies-mac-mini	new:k-interp	ac5b60977	System.Private.CoreLib	31	6	3.4047	3.3614	3.4375	8874987	
k1	2026-09-26	annies-mac-mini	new:k-kernel	ac5b60977	CommandLine	3	6	0.0635	0.0631	0.0641	259346	
k1	2026-09-26	annies-mac-mini	new:k-kernel	ac5b60977	Humanizer	0	6	0.0838	0.0835	0.0840	301698	
k1	2026-09-26	annies-mac-mini	new:k-kernel	ac5b60977	Mono.Cecil	0	6	0.0728	0.0711	0.0731	105186	
k1	2026-09-26	annies-mac-mini	new:k-kernel	ac5b60977	Newtonsoft.Json	11	6	0.2284	0.2272	0.2310	794018	
k1	2026-09-26	annies-mac-mini	new:k-kernel	ac5b60977	System.Text.Json	8	6	0.2049	0.2043	0.2070	785042	
k1	2026-09-26	annies-mac-mini	new:k-kernel	ac5b60977	NuGet.Packaging	22	6	0.1050	0.1031	0.1058	269970	
k1	2026-09-26	annies-mac-mini	new:k-kernel	ac5b60977	Microsoft.CodeAnalysis.CSharp	0	6	1.3354	1.3300	1.3402	2331621	
k1	2026-09-26	annies-mac-mini	new:k-kernel	ac5b60977	System.Private.CoreLib	31	6	3.2706	3.2460	3.2848	8874986	
k1	2026-09-26	annies-mac-mini	new:c-planned-fused-guarded	ac5b60977	CommandLine	p=0;a=3;u=0	6	0.1343	0.1340	0.1365	332658	
k1	2026-09-26	annies-mac-mini	new:c-planned-fused-guarded	ac5b60977	Humanizer	p=0;a=0;u=0	6	0.1439	0.1426	0.1465	346258	
k1	2026-09-26	annies-mac-mini	new:c-planned-fused-guarded	ac5b60977	Mono.Cecil	p=0;a=0;u=0	6	0.1809	0.1785	0.1821	163834	
k1	2026-09-26	annies-mac-mini	new:c-planned-fused-guarded	ac5b60977	Newtonsoft.Json	p=0;a=11;u=0	6	0.3977	0.3955	0.4028	900849	
k1	2026-09-26	annies-mac-mini	new:c-planned-fused-guarded	ac5b60977	System.Text.Json	p=0;a=8;u=0	6	0.3612	0.3585	0.3658	884135	
k1	2026-09-26	annies-mac-mini	new:c-planned-fused-guarded	ac5b60977	NuGet.Packaging	p=8;a=22;u=0	6	0.2449	0.2423	0.2476	340162	
k1	2026-09-26	annies-mac-mini	new:c-planned-fused-guarded	ac5b60977	Microsoft.CodeAnalysis.CSharp	p=0;a=0;u=0	6	2.8925	2.8637	2.9108	3339871	
k1	2026-09-26	annies-mac-mini	new:c-planned-fused-guarded	ac5b60977	System.Private.CoreLib	p=0;a=31;u=1	6	3.9444	3.9295	3.9815	8878526	
k1	2026-09-26	annies-mac-mini	new:c-planned-fused-typescoped	ac5b60977	CommandLine	p=0;a=3;u=0	6	0.1150	0.1145	0.1167	332658	
k1	2026-09-26	annies-mac-mini	new:c-planned-fused-typescoped	ac5b60977	Humanizer	p=0;a=0;u=0	6	0.1362	0.1352	0.1370	346258	
k1	2026-09-26	annies-mac-mini	new:c-planned-fused-typescoped	ac5b60977	Mono.Cecil	p=0;a=0;u=0	6	0.1655	0.1647	0.1670	163834	
k1	2026-09-26	annies-mac-mini	new:c-planned-fused-typescoped	ac5b60977	Newtonsoft.Json	p=0;a=11;u=0	6	0.3697	0.3682	0.3732	900848	
k1	2026-09-26	annies-mac-mini	new:c-planned-fused-typescoped	ac5b60977	System.Text.Json	p=0;a=8;u=0	6	0.3421	0.3405	0.3450	884134	
k1	2026-09-26	annies-mac-mini	new:c-planned-fused-typescoped	ac5b60977	NuGet.Packaging	p=8;a=22;u=0	6	0.2127	0.2119	0.2139	340162	
k1	2026-09-26	annies-mac-mini	new:c-planned-fused-typescoped	ac5b60977	Microsoft.CodeAnalysis.CSharp	p=0;a=0;u=0	6	2.6540	2.6357	2.6724	3339869	
k1	2026-09-26	annies-mac-mini	new:c-planned-fused-typescoped	ac5b60977	System.Private.CoreLib	p=0;a=31;u=1	6	3.7961	3.7702	3.8105	8878525	
k1	2026-09-26	annies-mac-mini	old:hand	8642951fc	CommandLine	3	6	0.0625	0.0623	0.0632	258698	
k1	2026-09-26	annies-mac-mini	old:hand	8642951fc	Humanizer	0	6	0.0819	0.0812	0.0830	301050	
k1	2026-09-26	annies-mac-mini	old:hand	8642951fc	Mono.Cecil	0	6	0.0687	0.0674	0.0692	104538	
k1	2026-09-26	annies-mac-mini	old:hand	8642951fc	Newtonsoft.Json	11	6	0.2257	0.2247	0.2287	793370	
k1	2026-09-26	annies-mac-mini	old:hand	8642951fc	System.Text.Json	8	6	0.2013	0.1999	0.2042	784394	
k1	2026-09-26	annies-mac-mini	old:hand	8642951fc	NuGet.Packaging	22	6	0.1038	0.1036	0.1051	269322	
k1	2026-09-26	annies-mac-mini	old:hand	8642951fc	Microsoft.CodeAnalysis.CSharp	0	6	1.3189	1.3065	1.3271	2330973	
k1	2026-09-26	annies-mac-mini	old:hand	8642951fc	System.Private.CoreLib	31	6	3.2337	3.2035	3.2570	8874338	
k1	2026-09-26	merritt	old:c-hand-fused	8642951fc	CommandLine	p=0;a=3;u=0	6	0.0868	0.0829	0.1690	330154	load average reached 6 during the run
k1	2026-09-26	merritt	old:c-hand-fused	8642951fc	Humanizer	p=0;a=0;u=0	6	0.0948	0.0909	0.1679	343754	load average reached 6 during the run
k1	2026-09-26	merritt	old:c-hand-fused	8642951fc	Mono.Cecil	p=0;a=0;u=0	6	0.0932	0.0901	0.0962	161330	load average reached 6 during the run
k1	2026-09-26	merritt	old:c-hand-fused	8642951fc	Newtonsoft.Json	p=0;a=11;u=0	6	0.2673	0.2586	0.2778	898354	load average reached 6 during the run
k1	2026-09-26	merritt	old:c-hand-fused	8642951fc	System.Text.Json	p=0;a=8;u=0	6	0.2327	0.2280	0.2449	881626	load average reached 6 during the run
k1	2026-09-26	merritt	old:c-hand-fused	8642951fc	NuGet.Packaging	p=8;a=22;u=0	6	0.1336	0.1260	0.1737	337658	load average reached 6 during the run
k1	2026-09-26	merritt	old:c-hand-fused	8642951fc	Microsoft.CodeAnalysis.CSharp	p=0;a=0;u=0	6	1.8367	1.7825	1.9829	3337356	load average reached 6 during the run
k1	2026-09-26	merritt	old:c-hand-fused	8642951fc	System.Private.CoreLib	p=0;a=31;u=1	6	2.7752	2.6949	4.7830	8876029	load average reached 6 during the run
k1	2026-09-26	merritt	old:k-interp	8642951fc	CommandLine	3	6	0.0635	0.0595	0.1208	259442	load average reached 6 during the run
k1	2026-09-26	merritt	old:k-interp	8642951fc	Humanizer	0	6	0.0867	0.0815	0.1597	301794	load average reached 6 during the run
k1	2026-09-26	merritt	old:k-interp	8642951fc	Mono.Cecil	0	6	0.0866	0.0829	0.1515	105282	load average reached 6 during the run
k1	2026-09-26	merritt	old:k-interp	8642951fc	Newtonsoft.Json	11	6	0.2459	0.2272	0.4568	794114	load average reached 6 during the run
k1	2026-09-26	merritt	old:k-interp	8642951fc	System.Text.Json	8	6	0.2194	0.2025	0.4197	785138	load average reached 6 during the run
k1	2026-09-26	merritt	old:k-interp	8642951fc	NuGet.Packaging	22	6	0.1220	0.1133	0.2267	270066	load average reached 6 during the run
k1	2026-09-26	merritt	old:k-interp	8642951fc	Microsoft.CodeAnalysis.CSharp	0	6	1.5063	1.4379	2.7324	2331711	load average reached 6 during the run
k1	2026-09-26	merritt	old:k-interp	8642951fc	System.Private.CoreLib	31	6	3.1648	2.9027	5.9571	8875082	load average reached 6 during the run
k1	2026-09-26	merritt	old:k-kernel	8642951fc	CommandLine	3	6	0.0597	0.0559	0.1103	259442	load average reached 6 during the run
k1	2026-09-26	merritt	old:k-kernel	8642951fc	Humanizer	0	6	0.0806	0.0762	0.1405	301794	load average reached 6 during the run
k1	2026-09-26	merritt	old:k-kernel	8642951fc	Mono.Cecil	0	6	0.0725	0.0702	0.1127	105282	load average reached 6 during the run
k1	2026-09-26	merritt	old:k-kernel	8642951fc	Newtonsoft.Json	11	6	0.2233	0.2066	0.4072	794114	load average reached 6 during the run
k1	2026-09-26	merritt	old:k-kernel	8642951fc	System.Text.Json	8	6	0.1975	0.1842	0.3514	785138	load average reached 6 during the run
k1	2026-09-26	merritt	old:k-kernel	8642951fc	NuGet.Packaging	22	6	0.1036	0.0956	0.1733	270066	load average reached 6 during the run
k1	2026-09-26	merritt	old:k-kernel	8642951fc	Microsoft.CodeAnalysis.CSharp	0	6	1.4788	1.3312	2.1404	2331712	load average reached 6 during the run
k1	2026-09-26	merritt	old:k-kernel	8642951fc	System.Private.CoreLib	31	6	3.1625	2.7945	5.4159	8875093	load average reached 6 during the run
k1	2026-09-26	merritt	old:c-planned-fused-guarded	8642951fc	CommandLine	p=0;a=3;u=0	6	0.1368	0.1287	0.2312	333298	load average reached 6 during the run
k1	2026-09-26	merritt	old:c-planned-fused-guarded	8642951fc	Humanizer	p=0;a=0;u=0	6	0.1459	0.1392	0.2507	346898	load average reached 6 during the run
k1	2026-09-26	merritt	old:c-planned-fused-guarded	8642951fc	Mono.Cecil	p=0;a=0;u=0	6	0.1833	0.1769	0.3069	164474	load average reached 6 during the run
k1	2026-09-26	merritt	old:c-planned-fused-guarded	8642951fc	Newtonsoft.Json	p=0;a=11;u=0	6	0.4051	0.3843	0.6525	901490	load average reached 6 during the run
k1	2026-09-26	merritt	old:c-planned-fused-guarded	8642951fc	System.Text.Json	p=0;a=8;u=0	6	0.3579	0.3454	0.3617	884767	load average reached 6 during the run
k1	2026-09-26	merritt	old:c-planned-fused-guarded	8642951fc	NuGet.Packaging	p=8;a=22;u=0	6	0.2497	0.2445	0.2521	340802	load average reached 6 during the run
k1	2026-09-26	merritt	old:c-planned-fused-guarded	8642951fc	Microsoft.CodeAnalysis.CSharp	p=0;a=0;u=0	6	2.8721	2.7701	3.1122	3340503	load average reached 6 during the run
k1	2026-09-26	merritt	old:c-planned-fused-guarded	8642951fc	System.Private.CoreLib	p=0;a=31;u=1	6	3.6073	3.4177	4.1515	8879163	load average reached 6 during the run
k1	2026-09-26	merritt	old:c-planned-fused-typescoped	8642951fc	CommandLine	p=0;a=3;u=0	6	0.1139	0.1101	0.1205	333298	load average reached 6 during the run
k1	2026-09-26	merritt	old:c-planned-fused-typescoped	8642951fc	Humanizer	p=0;a=0;u=0	6	0.1371	0.1321	0.1454	346898	load average reached 6 during the run
k1	2026-09-26	merritt	old:c-planned-fused-typescoped	8642951fc	Mono.Cecil	p=0;a=0;u=0	6	0.1711	0.1663	0.1740	164474	load average reached 6 during the run
k1	2026-09-26	merritt	old:c-planned-fused-typescoped	8642951fc	Newtonsoft.Json	p=0;a=11;u=0	6	0.3738	0.3583	0.3885	901489	load average reached 6 during the run
k1	2026-09-26	merritt	old:c-planned-fused-typescoped	8642951fc	System.Text.Json	p=0;a=8;u=0	6	0.3456	0.3250	0.3572	884772	load average reached 6 during the run
k1	2026-09-26	merritt	old:c-planned-fused-typescoped	8642951fc	NuGet.Packaging	p=8;a=22;u=0	6	0.2208	0.2106	0.2265	340802	load average reached 6 during the run
k1	2026-09-26	merritt	old:c-planned-fused-typescoped	8642951fc	Microsoft.CodeAnalysis.CSharp	p=0;a=0;u=0	6	2.6789	2.6190	3.0638	3340509	load average reached 6 during the run
k1	2026-09-26	merritt	old:c-planned-fused-typescoped	8642951fc	System.Private.CoreLib	p=0;a=31;u=1	6	3.4768	3.3270	3.6636	8879163	load average reached 6 during the run
k1	2026-09-26	merritt	new:hand	ac5b60977	CommandLine	3	6	0.0551	0.0531	0.0582	258698	load average reached 6 during the run
k1	2026-09-26	merritt	new:hand	ac5b60977	Humanizer	0	6	0.0728	0.0699	0.0757	301050	load average reached 6 during the run
k1	2026-09-26	merritt	new:hand	ac5b60977	Mono.Cecil	0	6	0.0602	0.0584	0.0623	104538	load average reached 6 during the run
k1	2026-09-26	merritt	new:hand	ac5b60977	Newtonsoft.Json	11	6	0.2022	0.1930	0.2128	793370	load average reached 6 during the run
k1	2026-09-26	merritt	new:hand	ac5b60977	System.Text.Json	8	6	0.1762	0.1710	0.1859	784394	load average reached 6 during the run
k1	2026-09-26	merritt	new:hand	ac5b60977	NuGet.Packaging	22	6	0.0877	0.0858	0.0933	269322	load average reached 6 during the run
k1	2026-09-26	merritt	new:hand	ac5b60977	Microsoft.CodeAnalysis.CSharp	0	6	1.2213	1.1967	1.2747	2330970	load average reached 6 during the run
k1	2026-09-26	merritt	new:hand	ac5b60977	System.Private.CoreLib	31	6	2.7869	2.6958	3.2835	8874349	load average reached 6 during the run
k1	2026-09-26	merritt	new:c-hand-fused	ac5b60977	CommandLine	p=0;a=3;u=0	6	0.0856	0.0828	0.0906	330154	load average reached 6 during the run
k1	2026-09-26	merritt	new:c-hand-fused	ac5b60977	Humanizer	p=0;a=0;u=0	6	0.0925	0.0907	0.0989	343754	load average reached 6 during the run
k1	2026-09-26	merritt	new:c-hand-fused	ac5b60977	Mono.Cecil	p=0;a=0;u=0	6	0.0917	0.0899	0.0962	161330	load average reached 6 during the run
k1	2026-09-26	merritt	new:c-hand-fused	ac5b60977	Newtonsoft.Json	p=0;a=11;u=0	6	0.2629	0.2560	0.2849	898354	load average reached 6 during the run
k1	2026-09-26	merritt	new:c-hand-fused	ac5b60977	System.Text.Json	p=0;a=8;u=0	6	0.2330	0.2251	0.2531	881626	load average reached 6 during the run
k1	2026-09-26	merritt	new:c-hand-fused	ac5b60977	NuGet.Packaging	p=8;a=22;u=0	6	0.1293	0.1259	0.1374	337658	load average reached 6 during the run
k1	2026-09-26	merritt	new:c-hand-fused	ac5b60977	Microsoft.CodeAnalysis.CSharp	p=0;a=0;u=0	6	1.8416	1.7727	1.8965	3337356	load average reached 6 during the run
k1	2026-09-26	merritt	new:c-hand-fused	ac5b60977	System.Private.CoreLib	p=0;a=31;u=1	6	2.7902	2.7141	3.2322	8876030	load average reached 6 during the run
k1	2026-09-26	merritt	new:k-interp	ac5b60977	CommandLine	3	6	0.0622	0.0608	0.0710	259346	load average reached 6 during the run
k1	2026-09-26	merritt	new:k-interp	ac5b60977	Humanizer	0	6	0.0840	0.0821	0.0945	301698	load average reached 6 during the run
k1	2026-09-26	merritt	new:k-interp	ac5b60977	Mono.Cecil	0	6	0.0855	0.0837	0.0943	105186	load average reached 6 during the run
k1	2026-09-26	merritt	new:k-interp	ac5b60977	Newtonsoft.Json	11	6	0.2364	0.2311	0.2533	794018	load average reached 6 during the run
k1	2026-09-26	merritt	new:k-interp	ac5b60977	System.Text.Json	8	6	0.2093	0.2033	0.2259	785042	load average reached 6 during the run
k1	2026-09-26	merritt	new:k-interp	ac5b60977	NuGet.Packaging	22	6	0.1174	0.1138	0.1285	269970	load average reached 6 during the run
k1	2026-09-26	merritt	new:k-interp	ac5b60977	Microsoft.CodeAnalysis.CSharp	0	6	1.5215	1.4747	1.6308	2331608	load average reached 6 during the run
k1	2026-09-26	merritt	new:k-interp	ac5b60977	System.Private.CoreLib	31	6	3.0795	3.0142	3.6007	8874985	load average reached 6 during the run
k1	2026-09-26	merritt	new:k-kernel	ac5b60977	CommandLine	3	6	0.0570	0.0559	0.0588	259346	load average reached 6 during the run
k1	2026-09-26	merritt	new:k-kernel	ac5b60977	Humanizer	0	6	0.0775	0.0758	0.0855	301698	load average reached 6 during the run
k1	2026-09-26	merritt	new:k-kernel	ac5b60977	Mono.Cecil	0	6	0.0711	0.0693	0.0727	105186	load average reached 6 during the run
k1	2026-09-26	merritt	new:k-kernel	ac5b60977	Newtonsoft.Json	11	6	0.2155	0.2066	0.2727	794018	load average reached 6 during the run
k1	2026-09-26	merritt	new:k-kernel	ac5b60977	System.Text.Json	8	6	0.1923	0.1861	0.3685	785042	load average reached 6 during the run
k1	2026-09-26	merritt	new:k-kernel	ac5b60977	NuGet.Packaging	22	6	0.0999	0.0969	0.1117	269970	load average reached 6 during the run
k1	2026-09-26	merritt	new:k-kernel	ac5b60977	Microsoft.CodeAnalysis.CSharp	0	6	1.3813	1.3319	1.8009	2331621	load average reached 6 during the run
k1	2026-09-26	merritt	new:k-kernel	ac5b60977	System.Private.CoreLib	31	6	2.9501	2.8275	5.0205	8874996	load average reached 6 during the run
k1	2026-09-26	merritt	new:c-planned-fused-guarded	ac5b60977	CommandLine	p=0;a=3;u=0	6	0.1397	0.1366	0.1430	332658	load average reached 6 during the run
k1	2026-09-26	merritt	new:c-planned-fused-guarded	ac5b60977	Humanizer	p=0;a=0;u=0	6	0.1487	0.1452	0.1518	346258	load average reached 6 during the run
k1	2026-09-26	merritt	new:c-planned-fused-guarded	ac5b60977	Mono.Cecil	p=0;a=0;u=0	6	0.1918	0.1878	0.1936	163834	load average reached 6 during the run
k1	2026-09-26	merritt	new:c-planned-fused-guarded	ac5b60977	Newtonsoft.Json	p=0;a=11;u=0	6	0.4103	0.3978	0.4236	900850	load average reached 6 during the run
k1	2026-09-26	merritt	new:c-planned-fused-guarded	ac5b60977	System.Text.Json	p=0;a=8;u=0	6	0.3657	0.3548	0.4199	884130	load average reached 6 during the run
k1	2026-09-26	merritt	new:c-planned-fused-guarded	ac5b60977	NuGet.Packaging	p=8;a=22;u=0	6	0.2621	0.2538	0.3476	340162	load average reached 6 during the run
k1	2026-09-26	merritt	new:c-planned-fused-guarded	ac5b60977	Microsoft.CodeAnalysis.CSharp	p=0;a=0;u=0	6	3.0699	2.9612	5.4587	3339857	load average reached 6 during the run
k1	2026-09-26	merritt	new:c-planned-fused-guarded	ac5b60977	System.Private.CoreLib	p=0;a=31;u=1	6	3.7781	3.5963	7.1421	8878524	load average reached 6 during the run
k1	2026-09-26	merritt	new:c-planned-fused-typescoped	ac5b60977	CommandLine	p=0;a=3;u=0	6	0.1145	0.1129	0.2127	332658	load average reached 6 during the run
k1	2026-09-26	merritt	new:c-planned-fused-typescoped	ac5b60977	Humanizer	p=0;a=0;u=0	6	0.1411	0.1369	0.1614	346258	load average reached 6 during the run
k1	2026-09-26	merritt	new:c-planned-fused-typescoped	ac5b60977	Mono.Cecil	p=0;a=0;u=0	6	0.1788	0.1751	0.3065	163834	load average reached 6 during the run
k1	2026-09-26	merritt	new:c-planned-fused-typescoped	ac5b60977	Newtonsoft.Json	p=0;a=11;u=0	6	0.3869	0.3732	0.3972	900848	load average reached 6 during the run
k1	2026-09-26	merritt	new:c-planned-fused-typescoped	ac5b60977	System.Text.Json	p=0;a=8;u=0	6	0.3486	0.3373	0.3575	884133	load average reached 6 during the run
k1	2026-09-26	merritt	new:c-planned-fused-typescoped	ac5b60977	NuGet.Packaging	p=8;a=22;u=0	6	0.2247	0.2178	0.2316	340162	load average reached 6 during the run
k1	2026-09-26	merritt	new:c-planned-fused-typescoped	ac5b60977	Microsoft.CodeAnalysis.CSharp	p=0;a=0;u=0	6	2.8293	2.7617	3.2403	3339870	load average reached 6 during the run
k1	2026-09-26	merritt	new:c-planned-fused-typescoped	ac5b60977	System.Private.CoreLib	p=0;a=31;u=1	6	3.5587	3.5377	4.0240	8878523	load average reached 6 during the run
k1	2026-09-26	merritt	old:hand	8642951fc	CommandLine	3	6	0.0537	0.0530	0.0565	258698	load average reached 6 during the run
k1	2026-09-26	merritt	old:hand	8642951fc	Humanizer	0	6	0.0711	0.0703	0.0741	301050	load average reached 6 during the run
k1	2026-09-26	merritt	old:hand	8642951fc	Mono.Cecil	0	6	0.0597	0.0584	0.0616	104538	load average reached 6 during the run
k1	2026-09-26	merritt	old:hand	8642951fc	Newtonsoft.Json	11	6	0.1943	0.1918	0.2079	793370	load average reached 6 during the run
k1	2026-09-26	merritt	old:hand	8642951fc	System.Text.Json	8	6	0.1724	0.1711	0.1845	784394	load average reached 6 during the run
k1	2026-09-26	merritt	old:hand	8642951fc	NuGet.Packaging	22	6	0.0867	0.0849	0.0925	269322	load average reached 6 during the run
k1	2026-09-26	merritt	old:hand	8642951fc	Microsoft.CodeAnalysis.CSharp	0	6	1.2123	1.1622	1.2460	2330970	load average reached 6 during the run
k1	2026-09-26	merritt	old:hand	8642951fc	System.Private.CoreLib	31	6	2.7610	2.6316	3.8707	8874349	load average reached 6 during the run
k1	2026-09-26	fernie	old:c-hand-fused	8642951fc	CommandLine	p=0;a=3;u=0	6	0.1904	0.1832	0.2102	330154	
k1	2026-09-26	fernie	old:c-hand-fused	8642951fc	Humanizer	p=0;a=0;u=0	6	0.2056	0.1970	0.2102	343754	
k1	2026-09-26	fernie	old:c-hand-fused	8642951fc	Mono.Cecil	p=0;a=0;u=0	6	0.1999	0.1915	0.2011	161330	
k1	2026-09-26	fernie	old:c-hand-fused	8642951fc	Newtonsoft.Json	p=0;a=11;u=0	6	0.5683	0.5396	0.5836	898353	
k1	2026-09-26	fernie	old:c-hand-fused	8642951fc	System.Text.Json	p=0;a=8;u=0	6	0.5025	0.4803	0.5079	881622	
k1	2026-09-26	fernie	old:c-hand-fused	8642951fc	NuGet.Packaging	p=8;a=22;u=0	6	0.2905	0.2798	0.4784	337658	
k1	2026-09-26	fernie	old:c-hand-fused	8642951fc	Microsoft.CodeAnalysis.CSharp	p=0;a=0;u=0	6	3.5522	3.5157	6.6021	3337355	
k1	2026-09-26	fernie	old:c-hand-fused	8642951fc	System.Private.CoreLib	p=0;a=31;u=1	6	5.8704	5.8102	10.9355	8876016	
k1	2026-09-26	fernie	old:k-interp	8642951fc	CommandLine	3	6	0.1348	0.1301	0.2748	259442	
k1	2026-09-26	fernie	old:k-interp	8642951fc	Humanizer	0	6	0.1817	0.1761	0.3820	301794	
k1	2026-09-26	fernie	old:k-interp	8642951fc	Mono.Cecil	0	6	0.1683	0.1654	0.3635	105282	
k1	2026-09-26	fernie	old:k-interp	8642951fc	Newtonsoft.Json	11	6	0.5031	0.4778	1.0135	794110	
k1	2026-09-26	fernie	old:k-interp	8642951fc	System.Text.Json	8	6	0.4394	0.4182	0.8849	785131	
k1	2026-09-26	fernie	old:k-interp	8642951fc	NuGet.Packaging	22	6	0.2503	0.2390	0.4837	270066	
k1	2026-09-26	fernie	old:k-interp	8642951fc	Microsoft.CodeAnalysis.CSharp	0	6	2.8519	2.7123	5.0664	2331719	
k1	2026-09-26	fernie	old:k-interp	8642951fc	System.Private.CoreLib	31	6	6.2936	5.8986	6.5207	8875082	
k1	2026-09-26	fernie	old:k-kernel	8642951fc	CommandLine	3	6	0.1264	0.1233	0.1296	259442	
k1	2026-09-26	fernie	old:k-kernel	8642951fc	Humanizer	0	6	0.1677	0.1622	0.1690	301794	
k1	2026-09-26	fernie	old:k-kernel	8642951fc	Mono.Cecil	0	6	0.1463	0.1428	0.1496	105282	
k1	2026-09-26	fernie	old:k-kernel	8642951fc	Newtonsoft.Json	11	6	0.4712	0.4632	0.4857	794109	
k1	2026-09-26	fernie	old:k-kernel	8642951fc	System.Text.Json	8	6	0.4112	0.3946	0.4287	785130	
k1	2026-09-26	fernie	old:k-kernel	8642951fc	NuGet.Packaging	22	6	0.2263	0.2169	0.2351	270066	
k1	2026-09-26	fernie	old:k-kernel	8642951fc	Microsoft.CodeAnalysis.CSharp	0	6	2.5854	2.4431	2.6451	2331716	
k1	2026-09-26	fernie	old:k-kernel	8642951fc	System.Private.CoreLib	31	6	5.9950	5.5805	6.0277	8875081	
k1	2026-09-26	fernie	old:c-planned-fused-guarded	8642951fc	CommandLine	p=0;a=3;u=0	6	0.2742	0.2656	0.2783	333298	
k1	2026-09-26	fernie	old:c-planned-fused-guarded	8642951fc	Humanizer	p=0;a=0;u=0	6	0.2969	0.2828	0.3075	346898	
k1	2026-09-26	fernie	old:c-planned-fused-guarded	8642951fc	Mono.Cecil	p=0;a=0;u=0	6	0.3586	0.3468	0.6791	164470	
k1	2026-09-26	fernie	old:c-planned-fused-guarded	8642951fc	Newtonsoft.Json	p=0;a=11;u=0	6	0.7884	0.7525	1.4672	901489	
k1	2026-09-26	fernie	old:c-planned-fused-guarded	8642951fc	System.Text.Json	p=0;a=8;u=0	6	0.7005	0.6687	1.3391	884774	
k1	2026-09-26	fernie	old:c-planned-fused-guarded	8642951fc	NuGet.Packaging	p=8;a=22;u=0	6	0.4917	0.4721	1.0286	340797	
k1	2026-09-26	fernie	old:c-planned-fused-guarded	8642951fc	Microsoft.CodeAnalysis.CSharp	p=0;a=0;u=0	6	5.7643	5.4328	12.3356	3340511	
k1	2026-09-26	fernie	old:c-planned-fused-guarded	8642951fc	System.Private.CoreLib	p=0;a=31;u=1	6	7.4638	6.9877	15.6320	8879165	
k1	2026-09-26	fernie	old:c-planned-fused-typescoped	8642951fc	CommandLine	p=0;a=3;u=0	6	0.2336	0.2251	0.4850	333298	
k1	2026-09-26	fernie	old:c-planned-fused-typescoped	8642951fc	Humanizer	p=0;a=0;u=0	6	0.2826	0.2686	0.6032	346898	
k1	2026-09-26	fernie	old:c-planned-fused-typescoped	8642951fc	Mono.Cecil	p=0;a=0;u=0	6	0.3306	0.3181	0.7081	164477	
k1	2026-09-26	fernie	old:c-planned-fused-typescoped	8642951fc	Newtonsoft.Json	p=0;a=11;u=0	6	0.7380	0.7018	1.5267	901488	
k1	2026-09-26	fernie	old:c-planned-fused-typescoped	8642951fc	System.Text.Json	p=0;a=8;u=0	6	0.6648	0.6332	1.3967	884773	
k1	2026-09-26	fernie	old:c-planned-fused-typescoped	8642951fc	NuGet.Packaging	p=8;a=22;u=0	6	0.4256	0.4106	0.8889	340795	
k1	2026-09-26	fernie	old:c-planned-fused-typescoped	8642951fc	Microsoft.CodeAnalysis.CSharp	p=0;a=0;u=0	6	5.2654	4.9828	11.3630	3340509	
k1	2026-09-26	fernie	old:c-planned-fused-typescoped	8642951fc	System.Private.CoreLib	p=0;a=31;u=1	6	7.0488	6.7037	15.1916	8879164	
k1	2026-09-26	fernie	new:hand	ac5b60977	CommandLine	3	6	0.1240	0.1191	0.2506	258698	
k1	2026-09-26	fernie	new:hand	ac5b60977	Humanizer	0	6	0.1621	0.1543	0.2250	301050	
k1	2026-09-26	fernie	new:hand	ac5b60977	Mono.Cecil	0	6	0.1333	0.1281	0.2320	104538	
k1	2026-09-26	fernie	new:hand	ac5b60977	Newtonsoft.Json	11	6	0.4543	0.4331	0.8493	793364	
k1	2026-09-26	fernie	new:hand	ac5b60977	System.Text.Json	8	6	0.3968	0.3923	0.4335	784385	
k1	2026-09-26	fernie	new:hand	ac5b60977	NuGet.Packaging	22	6	0.2122	0.2047	0.2213	269322	
k1	2026-09-26	fernie	new:hand	ac5b60977	Microsoft.CodeAnalysis.CSharp	0	6	2.3937	2.2651	2.5383	2330970	
k1	2026-09-26	fernie	new:hand	ac5b60977	System.Private.CoreLib	31	6	5.8183	5.4373	6.1273	8874344	
k1	2026-09-26	fernie	new:c-hand-fused	ac5b60977	CommandLine	p=0;a=3;u=0	6	0.1909	0.1816	0.1991	330154	
k1	2026-09-26	fernie	new:c-hand-fused	ac5b60977	Humanizer	p=0;a=0;u=0	6	0.2069	0.1979	0.3594	343754	
k1	2026-09-26	fernie	new:c-hand-fused	ac5b60977	Mono.Cecil	p=0;a=0;u=0	6	0.1981	0.1900	0.3807	161330	
k1	2026-09-26	fernie	new:c-hand-fused	ac5b60977	Newtonsoft.Json	p=0;a=11;u=0	6	0.5700	0.5654	1.0594	898353	
k1	2026-09-26	fernie	new:c-hand-fused	ac5b60977	System.Text.Json	p=0;a=8;u=0	6	0.5057	0.4866	0.9532	881622	
k1	2026-09-26	fernie	new:c-hand-fused	ac5b60977	NuGet.Packaging	p=8;a=22;u=0	6	0.2914	0.2775	0.5467	337658	
k1	2026-09-26	fernie	new:c-hand-fused	ac5b60977	Microsoft.CodeAnalysis.CSharp	p=0;a=0;u=0	6	3.5248	3.3361	6.6231	3337355	
k1	2026-09-26	fernie	new:c-hand-fused	ac5b60977	System.Private.CoreLib	p=0;a=31;u=1	6	5.8218	5.5115	11.5341	8876031	
k1	2026-09-26	fernie	new:k-interp	ac5b60977	CommandLine	3	6	0.1358	0.1307	0.2586	259346	
k1	2026-09-26	fernie	new:k-interp	ac5b60977	Humanizer	0	6	0.1821	0.1812	0.3501	301698	
k1	2026-09-26	fernie	new:k-interp	ac5b60977	Mono.Cecil	0	6	0.1687	0.1674	0.3296	105186	
k1	2026-09-26	fernie	new:k-interp	ac5b60977	Newtonsoft.Json	11	6	0.5038	0.4949	0.9558	794014	
k1	2026-09-26	fernie	new:k-interp	ac5b60977	System.Text.Json	8	6	0.4415	0.4213	0.5113	785035	
k1	2026-09-26	fernie	new:k-interp	ac5b60977	NuGet.Packaging	22	6	0.2474	0.2369	0.2835	269970	
k1	2026-09-26	fernie	new:k-interp	ac5b60977	Microsoft.CodeAnalysis.CSharp	0	6	2.8237	2.7325	3.3813	2331623	
k1	2026-09-26	fernie	new:k-interp	ac5b60977	System.Private.CoreLib	31	6	6.2601	5.9877	11.8746	8874985	
k1	2026-09-26	fernie	new:k-kernel	ac5b60977	CommandLine	3	6	0.1272	0.1218	0.2229	259346	
k1	2026-09-26	fernie	new:k-kernel	ac5b60977	Humanizer	0	6	0.1686	0.1607	0.1736	301698	
k1	2026-09-26	fernie	new:k-kernel	ac5b60977	Mono.Cecil	0	6	0.1437	0.1397	0.1871	105186	
k1	2026-09-26	fernie	new:k-kernel	ac5b60977	Newtonsoft.Json	11	6	0.4712	0.4466	0.4997	794013	
k1	2026-09-26	fernie	new:k-kernel	ac5b60977	System.Text.Json	8	6	0.4140	0.3943	0.7612	785034	
k1	2026-09-26	fernie	new:k-kernel	ac5b60977	NuGet.Packaging	22	6	0.2254	0.2174	0.2306	269970	
k1	2026-09-26	fernie	new:k-kernel	ac5b60977	Microsoft.CodeAnalysis.CSharp	0	6	2.5583	2.4517	3.3634	2331620	
k1	2026-09-26	fernie	new:k-kernel	ac5b60977	System.Private.CoreLib	31	6	5.9626	5.5590	6.0807	8874985	
k1	2026-09-26	fernie	new:c-planned-fused-guarded	ac5b60977	CommandLine	p=0;a=3;u=0	6	0.2748	0.2622	0.4739	332658	
k1	2026-09-26	fernie	new:c-planned-fused-guarded	ac5b60977	Humanizer	p=0;a=0;u=0	6	0.2964	0.2832	0.5453	346258	
k1	2026-09-26	fernie	new:c-planned-fused-guarded	ac5b60977	Mono.Cecil	p=0;a=0;u=0	6	0.3572	0.3465	0.7174	163830	
k1	2026-09-26	fernie	new:c-planned-fused-guarded	ac5b60977	Newtonsoft.Json	p=0;a=11;u=0	6	0.7888	0.7539	1.5937	900849	
k1	2026-09-26	fernie	new:c-planned-fused-guarded	ac5b60977	System.Text.Json	p=0;a=8;u=0	6	0.7055	0.6687	1.4492	884135	
k1	2026-09-26	fernie	new:c-planned-fused-guarded	ac5b60977	NuGet.Packaging	p=8;a=22;u=0	6	0.4879	0.4772	1.0067	340157	
k1	2026-09-26	fernie	new:c-planned-fused-guarded	ac5b60977	Microsoft.CodeAnalysis.CSharp	p=0;a=0;u=0	6	5.7631	5.4712	8.6530	3339871	
k1	2026-09-26	fernie	new:c-planned-fused-guarded	ac5b60977	System.Private.CoreLib	p=0;a=31;u=1	6	7.5348	7.0462	7.8592	8878525	
k1	2026-09-26	fernie	new:c-planned-fused-typescoped	ac5b60977	CommandLine	p=0;a=3;u=0	6	0.2312	0.2205	0.2332	332658	
k1	2026-09-26	fernie	new:c-planned-fused-typescoped	ac5b60977	Humanizer	p=0;a=0;u=0	6	0.2784	0.2665	0.2807	346258	
k1	2026-09-26	fernie	new:c-planned-fused-typescoped	ac5b60977	Mono.Cecil	p=0;a=0;u=0	6	0.3290	0.3203	0.3299	163837	
k1	2026-09-26	fernie	new:c-planned-fused-typescoped	ac5b60977	Newtonsoft.Json	p=0;a=11;u=0	6	0.7311	0.6921	0.7353	900848	
k1	2026-09-26	fernie	new:c-planned-fused-typescoped	ac5b60977	System.Text.Json	p=0;a=8;u=0	6	0.6603	0.6287	0.6657	884133	
k1	2026-09-26	fernie	new:c-planned-fused-typescoped	ac5b60977	NuGet.Packaging	p=8;a=22;u=0	6	0.4191	0.4036	0.4225	340154	
k1	2026-09-26	fernie	new:c-planned-fused-typescoped	ac5b60977	Microsoft.CodeAnalysis.CSharp	p=0;a=0;u=0	6	5.2645	4.9667	5.4244	3339869	
k1	2026-09-26	fernie	new:c-planned-fused-typescoped	ac5b60977	System.Private.CoreLib	p=0;a=31;u=1	6	7.1129	6.7036	10.8988	8878524	
k1	2026-09-26	fernie	old:hand	8642951fc	CommandLine	3	6	0.1234	0.1175	0.1889	258698	
k1	2026-09-26	fernie	old:hand	8642951fc	Humanizer	0	6	0.1624	0.1569	0.2973	301050	
k1	2026-09-26	fernie	old:hand	8642951fc	Mono.Cecil	0	6	0.1342	0.1330	0.2543	104538	
k1	2026-09-26	fernie	old:hand	8642951fc	Newtonsoft.Json	11	6	0.4544	0.4350	0.9307	793364	
k1	2026-09-26	fernie	old:hand	8642951fc	System.Text.Json	8	6	0.3968	0.3785	0.8197	784385	
k1	2026-09-26	fernie	old:hand	8642951fc	NuGet.Packaging	22	6	0.2148	0.2136	0.4178	269322	
k1	2026-09-26	fernie	old:hand	8642951fc	Microsoft.CodeAnalysis.CSharp	0	6	2.4139	2.4018	5.1223	2330970	
k1	2026-09-26	fernie	old:hand	8642951fc	System.Private.CoreLib	31	6	5.8438	5.5302	11.2118	8874336	
k4x	2026-09-27	mac	k4:c-nlinq-fused	bf04bf2da	CommandLine	p=0;a=3;u=0	6	0.1061	0.1050	0.1091	330154	
k4x	2026-09-27	mac	k4:c-nlinq-fused	bf04bf2da	Humanizer	p=0;a=0;u=0	6	0.1144	0.1134	0.1172	343754	
k4x	2026-09-27	mac	k4:c-nlinq-fused	bf04bf2da	Mono.Cecil	p=0;a=0;u=0	6	0.1246	0.1222	0.1280	161330	
k4x	2026-09-27	mac	k4:c-nlinq-fused	bf04bf2da	Newtonsoft.Json	p=0;a=11;u=0	6	0.3237	0.3157	0.3321	898354	
k4x	2026-09-27	mac	k4:c-nlinq-fused	bf04bf2da	System.Text.Json	p=0;a=8;u=0	6	0.2918	0.2853	0.3010	881626	
k4x	2026-09-27	mac	k4:c-nlinq-fused	bf04bf2da	NuGet.Packaging	p=8;a=22;u=0	6	0.1713	0.1692	0.1773	337658	
k4x	2026-09-27	mac	k4:c-nlinq-fused	bf04bf2da	Microsoft.CodeAnalysis.CSharp	p=0;a=0;u=0	6	2.1932	2.1512	2.2703	3337354	
k4x	2026-09-27	mac	k4:c-nlinq-fused	bf04bf2da	System.Private.CoreLib	p=0;a=31;u=1	6	3.4909	3.4041	3.6110	8876028	
k4x	2026-09-27	mac	k4:c-typed-fused	bf04bf2da	CommandLine	p=0;a=3;u=0	6	0.0980	0.0978	0.1014	330210	
k4x	2026-09-27	mac	k4:c-typed-fused	bf04bf2da	Humanizer	p=0;a=0;u=0	6	0.1099	0.1093	0.1127	343810	
k4x	2026-09-27	mac	k4:c-typed-fused	bf04bf2da	Mono.Cecil	p=0;a=0;u=0	6	0.1169	0.1146	0.1199	161386	
k4x	2026-09-27	mac	k4:c-typed-fused	bf04bf2da	Newtonsoft.Json	p=0;a=11;u=0	6	0.3080	0.3022	0.3168	898410	
k4x	2026-09-27	mac	k4:c-typed-fused	bf04bf2da	System.Text.Json	p=0;a=8;u=0	6	0.2800	0.2759	0.2853	881682	
k4x	2026-09-27	mac	k4:c-typed-fused	bf04bf2da	NuGet.Packaging	p=8;a=22;u=0	6	0.1566	0.1549	0.1580	337562	
k4x	2026-09-27	mac	k4:c-typed-fused	bf04bf2da	Microsoft.CodeAnalysis.CSharp	p=0;a=0;u=0	6	2.0905	2.0542	2.0963	3337409	
k4x	2026-09-27	mac	k4:c-typed-fused	bf04bf2da	System.Private.CoreLib	p=0;a=31;u=1	6	3.3982	3.3291	3.4088	8876084	
k4x	2026-09-27	mac	k4a:c-hand-fused	cb10eced1	CommandLine	p=0;a=3;u=0	6	0.0955	0.0946	0.0960	330154	
k4x	2026-09-27	mac	k4a:c-hand-fused	cb10eced1	Humanizer	p=0;a=0;u=0	6	0.1032	0.1027	0.1040	343754	
k4x	2026-09-27	mac	k4a:c-hand-fused	cb10eced1	Mono.Cecil	p=0;a=0;u=0	6	0.1038	0.1020	0.1042	161330	
k4x	2026-09-27	mac	k4a:c-hand-fused	cb10eced1	Newtonsoft.Json	p=0;a=11;u=0	6	0.2910	0.2875	0.2930	898354	
k4x	2026-09-27	mac	k4a:c-hand-fused	cb10eced1	System.Text.Json	p=0;a=8;u=0	6	0.2606	0.2557	0.2636	881626	
k4x	2026-09-27	mac	k4a:c-hand-fused	cb10eced1	NuGet.Packaging	p=8;a=22;u=0	6	0.1433	0.1407	0.1442	337658	
k4x	2026-09-27	mac	k4a:c-hand-fused	cb10eced1	Microsoft.CodeAnalysis.CSharp	p=0;a=0;u=0	6	1.9490	1.9036	1.9510	3337367	
k4x	2026-09-27	mac	k4a:c-hand-fused	cb10eced1	System.Private.CoreLib	p=0;a=31;u=1	6	3.2893	3.2106	3.3006	8876027	
k4x	2026-09-27	mac	k4a:c-nlinq-fused	cb10eced1	CommandLine	p=0;a=3;u=0	6	0.1069	0.1060	0.1110	330154	
k4x	2026-09-27	mac	k4a:c-nlinq-fused	cb10eced1	Humanizer	p=0;a=0;u=0	6	0.1142	0.1139	0.1185	343754	
k4x	2026-09-27	mac	k4a:c-nlinq-fused	cb10eced1	Mono.Cecil	p=0;a=0;u=0	6	0.1256	0.1250	0.1292	161330	
k4x	2026-09-27	mac	k4a:c-nlinq-fused	cb10eced1	Newtonsoft.Json	p=0;a=11;u=0	6	0.3236	0.3180	0.3365	898354	
k4x	2026-09-27	mac	k4a:c-nlinq-fused	cb10eced1	System.Text.Json	p=0;a=8;u=0	6	0.2913	0.2895	0.3052	881626	
k4x	2026-09-27	mac	k4a:c-nlinq-fused	cb10eced1	NuGet.Packaging	p=8;a=22;u=0	6	0.1731	0.1720	0.1806	337658	
k4x	2026-09-27	mac	k4a:c-nlinq-fused	cb10eced1	Microsoft.CodeAnalysis.CSharp	p=0;a=0;u=0	6	2.1865	2.1595	2.2887	3337354	
k4x	2026-09-27	mac	k4a:c-nlinq-fused	cb10eced1	System.Private.CoreLib	p=0;a=31;u=1	6	3.4845	3.4657	3.6430	8876028	
k4x	2026-09-27	mac	k4a:c-typed-fused	cb10eced1	CommandLine	p=0;a=3;u=0	6	0.0978	0.0972	0.1029	330210	
k4x	2026-09-27	mac	k4a:c-typed-fused	cb10eced1	Humanizer	p=0;a=0;u=0	6	0.1074	0.1063	0.1121	343810	
k4x	2026-09-27	mac	k4a:c-typed-fused	cb10eced1	Mono.Cecil	p=0;a=0;u=0	6	0.1091	0.1082	0.1136	161386	
k4x	2026-09-27	mac	k4a:c-typed-fused	cb10eced1	Newtonsoft.Json	p=0;a=11;u=0	6	0.2985	0.2962	0.3128	898410	
k4x	2026-09-27	mac	k4a:c-typed-fused	cb10eced1	System.Text.Json	p=0;a=8;u=0	6	0.2697	0.2684	0.2802	881682	
k4x	2026-09-27	mac	k4a:c-typed-fused	cb10eced1	NuGet.Packaging	p=8;a=22;u=0	6	0.1492	0.1475	0.1557	337562	
k4x	2026-09-27	mac	k4a:c-typed-fused	cb10eced1	Microsoft.CodeAnalysis.CSharp	p=0;a=0;u=0	6	2.0112	1.9920	2.1180	3337408	
k4x	2026-09-27	mac	k4a:c-typed-fused	cb10eced1	System.Private.CoreLib	p=0;a=31;u=1	6	3.3334	3.3019	3.5038	8876083	
k4x	2026-09-27	mac	k4b:c-hand-fused	7d1c888bd	CommandLine	p=0;a=3;u=0	6	0.0947	0.0941	0.0991	330154	
k4x	2026-09-27	mac	k4b:c-hand-fused	7d1c888bd	Humanizer	p=0;a=0;u=0	6	0.1029	0.1022	0.1071	343754	
k4x	2026-09-27	mac	k4b:c-hand-fused	7d1c888bd	Mono.Cecil	p=0;a=0;u=0	6	0.1040	0.1025	0.1084	161330	
k4x	2026-09-27	mac	k4b:c-hand-fused	7d1c888bd	Newtonsoft.Json	p=0;a=11;u=0	6	0.2900	0.2873	0.3052	898354	
k4x	2026-09-27	mac	k4b:c-hand-fused	7d1c888bd	System.Text.Json	p=0;a=8;u=0	6	0.2623	0.2560	0.2742	881626	
k4x	2026-09-27	mac	k4b:c-hand-fused	7d1c888bd	NuGet.Packaging	p=8;a=22;u=0	6	0.1436	0.1407	0.1542	337658	
k4x	2026-09-27	mac	k4b:c-hand-fused	7d1c888bd	Microsoft.CodeAnalysis.CSharp	p=0;a=0;u=0	6	1.9401	1.9314	2.0491	3337367	
k4x	2026-09-27	mac	k4b:c-hand-fused	7d1c888bd	System.Private.CoreLib	p=0;a=31;u=1	6	3.2719	3.2356	3.4575	8876027	
k4x	2026-09-27	mac	k4b:c-nlinq-fused	7d1c888bd	CommandLine	p=0;a=3;u=0	6	0.1064	0.1059	0.1113	330154	
k4x	2026-09-27	mac	k4b:c-nlinq-fused	7d1c888bd	Humanizer	p=0;a=0;u=0	6	0.1149	0.1133	0.1207	343754	
k4x	2026-09-27	mac	k4b:c-nlinq-fused	7d1c888bd	Mono.Cecil	p=0;a=0;u=0	6	0.1259	0.1242	0.1299	161330	
k4x	2026-09-27	mac	k4b:c-nlinq-fused	7d1c888bd	Newtonsoft.Json	p=0;a=11;u=0	6	0.3235	0.3215	0.3387	898354	
k4x	2026-09-27	mac	k4b:c-nlinq-fused	7d1c888bd	System.Text.Json	p=0;a=8;u=0	6	0.2933	0.2894	0.3035	881626	
k4x	2026-09-27	mac	k4b:c-nlinq-fused	7d1c888bd	NuGet.Packaging	p=8;a=22;u=0	6	0.1739	0.1713	0.1819	337658	
k4x	2026-09-27	mac	k4b:c-nlinq-fused	7d1c888bd	Microsoft.CodeAnalysis.CSharp	p=0;a=0;u=0	6	2.1872	2.1733	2.3016	3337354	
k4x	2026-09-27	mac	k4b:c-nlinq-fused	7d1c888bd	System.Private.CoreLib	p=0;a=31;u=1	6	3.4752	3.4629	3.6475	8876028	
k4x	2026-09-27	mac	k4b:c-typed-fused	7d1c888bd	CommandLine	p=0;a=3;u=0	6	0.0976	0.0959	0.1004	330210	
k4x	2026-09-27	mac	k4b:c-typed-fused	7d1c888bd	Humanizer	p=0;a=0;u=0	6	0.1084	0.1059	0.1109	343810	
k4x	2026-09-27	mac	k4b:c-typed-fused	7d1c888bd	Mono.Cecil	p=0;a=0;u=0	6	0.1091	0.1079	0.1136	161386	
k4x	2026-09-27	mac	k4b:c-typed-fused	7d1c888bd	Newtonsoft.Json	p=0;a=11;u=0	6	0.2998	0.2954	0.3132	898410	
k4x	2026-09-27	mac	k4b:c-typed-fused	7d1c888bd	System.Text.Json	p=0;a=8;u=0	6	0.2693	0.2659	0.2816	881682	
k4x	2026-09-27	mac	k4b:c-typed-fused	7d1c888bd	NuGet.Packaging	p=8;a=22;u=0	6	0.1493	0.1464	0.1565	337562	
k4x	2026-09-27	mac	k4b:c-typed-fused	7d1c888bd	Microsoft.CodeAnalysis.CSharp	p=0;a=0;u=0	6	2.0006	1.9820	2.1185	3337408	
k4x	2026-09-27	mac	k4b:c-typed-fused	7d1c888bd	System.Private.CoreLib	p=0;a=31;u=1	6	3.3428	3.2982	3.5217	8876083	
k4x	2026-09-27	mac	k4:c-hand-fused	bf04bf2da	CommandLine	p=0;a=3;u=0	6	0.0947	0.0938	0.0985	330154	
k4x	2026-09-27	mac	k4:c-hand-fused	bf04bf2da	Humanizer	p=0;a=0;u=0	6	0.1031	0.1025	0.1072	343754	
k4x	2026-09-27	mac	k4:c-hand-fused	bf04bf2da	Mono.Cecil	p=0;a=0;u=0	6	0.1028	0.1015	0.1074	161330	
k4x	2026-09-27	mac	k4:c-hand-fused	bf04bf2da	Newtonsoft.Json	p=0;a=11;u=0	6	0.2907	0.2892	0.3038	898354	
k4x	2026-09-27	mac	k4:c-hand-fused	bf04bf2da	System.Text.Json	p=0;a=8;u=0	6	0.2624	0.2569	0.2709	881626	
k4x	2026-09-27	mac	k4:c-hand-fused	bf04bf2da	NuGet.Packaging	p=8;a=22;u=0	6	0.1451	0.1390	0.1488	337658	
k4x	2026-09-27	mac	k4:c-hand-fused	bf04bf2da	Microsoft.CodeAnalysis.CSharp	p=0;a=0;u=0	6	1.9377	1.9224	2.0506	3337367	
k4x	2026-09-27	mac	k4:c-hand-fused	bf04bf2da	System.Private.CoreLib	p=0;a=31;u=1	6	3.2800	3.2528	3.4551	8876027	
k4x	2026-09-27	annies-mac-mini	k4:c-nlinq-fused	bf04bf2da	CommandLine	p=0;a=3;u=0	6	0.1074	0.1060	0.1084	330154	
k4x	2026-09-27	annies-mac-mini	k4:c-nlinq-fused	bf04bf2da	Humanizer	p=0;a=0;u=0	6	0.1153	0.1130	0.1176	343754	
k4x	2026-09-27	annies-mac-mini	k4:c-nlinq-fused	bf04bf2da	Mono.Cecil	p=0;a=0;u=0	6	0.1272	0.1245	0.1284	161330	
k4x	2026-09-27	annies-mac-mini	k4:c-nlinq-fused	bf04bf2da	Newtonsoft.Json	p=0;a=11;u=0	6	0.3269	0.3213	0.3331	898354	
k4x	2026-09-27	annies-mac-mini	k4:c-nlinq-fused	bf04bf2da	System.Text.Json	p=0;a=8;u=0	6	0.2955	0.2907	0.2997	881626	
k4x	2026-09-27	annies-mac-mini	k4:c-nlinq-fused	bf04bf2da	NuGet.Packaging	p=8;a=22;u=0	6	0.1750	0.1729	0.1783	337658	
k4x	2026-09-27	annies-mac-mini	k4:c-nlinq-fused	bf04bf2da	Microsoft.CodeAnalysis.CSharp	p=0;a=0;u=0	6	2.2223	2.1794	2.2360	3337354	
k4x	2026-09-27	annies-mac-mini	k4:c-nlinq-fused	bf04bf2da	System.Private.CoreLib	p=0;a=31;u=1	6	3.5656	3.4743	3.6260	8876029	
k4x	2026-09-27	annies-mac-mini	k4:c-typed-fused	bf04bf2da	CommandLine	p=0;a=3;u=0	6	0.1002	0.0987	0.1004	330210	
k4x	2026-09-27	annies-mac-mini	k4:c-typed-fused	bf04bf2da	Humanizer	p=0;a=0;u=0	6	0.1115	0.1102	0.1132	343810	
k4x	2026-09-27	annies-mac-mini	k4:c-typed-fused	bf04bf2da	Mono.Cecil	p=0;a=0;u=0	6	0.1181	0.1160	0.1209	161386	
k4x	2026-09-27	annies-mac-mini	k4:c-typed-fused	bf04bf2da	Newtonsoft.Json	p=0;a=11;u=0	6	0.3125	0.3109	0.3160	898410	
k4x	2026-09-27	annies-mac-mini	k4:c-typed-fused	bf04bf2da	System.Text.Json	p=0;a=8;u=0	6	0.2838	0.2805	0.2863	881682	
k4x	2026-09-27	annies-mac-mini	k4:c-typed-fused	bf04bf2da	NuGet.Packaging	p=8;a=22;u=0	6	0.1603	0.1554	0.1618	337562	
k4x	2026-09-27	annies-mac-mini	k4:c-typed-fused	bf04bf2da	Microsoft.CodeAnalysis.CSharp	p=0;a=0;u=0	6	2.1305	2.1279	2.1569	3337409	
k4x	2026-09-27	annies-mac-mini	k4:c-typed-fused	bf04bf2da	System.Private.CoreLib	p=0;a=31;u=1	6	3.4771	3.4300	3.5567	8876084	
k4x	2026-09-27	annies-mac-mini	k4a:c-hand-fused	cb10eced1	CommandLine	p=0;a=3;u=0	6	0.0966	0.0942	0.0976	330154	
k4x	2026-09-27	annies-mac-mini	k4a:c-hand-fused	cb10eced1	Humanizer	p=0;a=0;u=0	6	0.1048	0.1026	0.1064	343754	
k4x	2026-09-27	annies-mac-mini	k4a:c-hand-fused	cb10eced1	Mono.Cecil	p=0;a=0;u=0	6	0.1057	0.1042	0.1081	161330	
k4x	2026-09-27	annies-mac-mini	k4a:c-hand-fused	cb10eced1	Newtonsoft.Json	p=0;a=11;u=0	6	0.2935	0.2887	0.3004	898354	
k4x	2026-09-27	annies-mac-mini	k4a:c-hand-fused	cb10eced1	System.Text.Json	p=0;a=8;u=0	6	0.2646	0.2602	0.2703	881626	
k4x	2026-09-27	annies-mac-mini	k4a:c-hand-fused	cb10eced1	NuGet.Packaging	p=8;a=22;u=0	6	0.1466	0.1427	0.1491	337658	
k4x	2026-09-27	annies-mac-mini	k4a:c-hand-fused	cb10eced1	Microsoft.CodeAnalysis.CSharp	p=0;a=0;u=0	6	1.9838	1.9752	2.0385	3337352	
k4x	2026-09-27	annies-mac-mini	k4a:c-hand-fused	cb10eced1	System.Private.CoreLib	p=0;a=31;u=1	6	3.3604	3.3380	3.5125	8876027	
k4x	2026-09-27	annies-mac-mini	k4a:c-nlinq-fused	cb10eced1	CommandLine	p=0;a=3;u=0	6	0.1084	0.1072	0.1107	330154	
k4x	2026-09-27	annies-mac-mini	k4a:c-nlinq-fused	cb10eced1	Humanizer	p=0;a=0;u=0	6	0.1164	0.1148	0.1177	343754	
k4x	2026-09-27	annies-mac-mini	k4a:c-nlinq-fused	cb10eced1	Mono.Cecil	p=0;a=0;u=0	6	0.1273	0.1252	0.1292	161330	
k4x	2026-09-27	annies-mac-mini	k4a:c-nlinq-fused	cb10eced1	Newtonsoft.Json	p=0;a=11;u=0	6	0.3274	0.3251	0.3321	898354	
k4x	2026-09-27	annies-mac-mini	k4a:c-nlinq-fused	cb10eced1	System.Text.Json	p=0;a=8;u=0	6	0.2955	0.2911	0.2970	881626	
k4x	2026-09-27	annies-mac-mini	k4a:c-nlinq-fused	cb10eced1	NuGet.Packaging	p=8;a=22;u=0	6	0.1749	0.1731	0.1777	337658	
k4x	2026-09-27	annies-mac-mini	k4a:c-nlinq-fused	cb10eced1	Microsoft.CodeAnalysis.CSharp	p=0;a=0;u=0	6	2.2185	2.1932	2.2772	3337354	
k4x	2026-09-27	annies-mac-mini	k4a:c-nlinq-fused	cb10eced1	System.Private.CoreLib	p=0;a=31;u=1	6	3.5428	3.4520	3.6001	8876029	
k4x	2026-09-27	annies-mac-mini	k4a:c-typed-fused	cb10eced1	CommandLine	p=0;a=3;u=0	6	0.0989	0.0976	0.0995	330210	
k4x	2026-09-27	annies-mac-mini	k4a:c-typed-fused	cb10eced1	Humanizer	p=0;a=0;u=0	6	0.1078	0.1058	0.1100	343810	
k4x	2026-09-27	annies-mac-mini	k4a:c-typed-fused	cb10eced1	Mono.Cecil	p=0;a=0;u=0	6	0.1102	0.1081	0.1129	161386	
k4x	2026-09-27	annies-mac-mini	k4a:c-typed-fused	cb10eced1	Newtonsoft.Json	p=0;a=11;u=0	6	0.3024	0.2989	0.3084	898410	
k4x	2026-09-27	annies-mac-mini	k4a:c-typed-fused	cb10eced1	System.Text.Json	p=0;a=8;u=0	6	0.2724	0.2666	0.2761	881682	
k4x	2026-09-27	annies-mac-mini	k4a:c-typed-fused	cb10eced1	NuGet.Packaging	p=8;a=22;u=0	6	0.1513	0.1465	0.1533	337562	
k4x	2026-09-27	annies-mac-mini	k4a:c-typed-fused	cb10eced1	Microsoft.CodeAnalysis.CSharp	p=0;a=0;u=0	6	2.0510	1.9952	2.1136	3337409	
k4x	2026-09-27	annies-mac-mini	k4a:c-typed-fused	cb10eced1	System.Private.CoreLib	p=0;a=31;u=1	6	3.4005	3.3198	3.4988	8876084	
k4x	2026-09-27	annies-mac-mini	k4b:c-hand-fused	7d1c888bd	CommandLine	p=0;a=3;u=0	6	0.0968	0.0957	0.0983	330154	
k4x	2026-09-27	annies-mac-mini	k4b:c-hand-fused	7d1c888bd	Humanizer	p=0;a=0;u=0	6	0.1052	0.1042	0.1084	343754	
k4x	2026-09-27	annies-mac-mini	k4b:c-hand-fused	7d1c888bd	Mono.Cecil	p=0;a=0;u=0	6	0.1059	0.1026	0.1089	161330	
k4x	2026-09-27	annies-mac-mini	k4b:c-hand-fused	7d1c888bd	Newtonsoft.Json	p=0;a=11;u=0	6	0.2963	0.2924	0.3061	898354	
k4x	2026-09-27	annies-mac-mini	k4b:c-hand-fused	7d1c888bd	System.Text.Json	p=0;a=8;u=0	6	0.2669	0.2632	0.2690	881626	
k4x	2026-09-27	annies-mac-mini	k4b:c-hand-fused	7d1c888bd	NuGet.Packaging	p=8;a=22;u=0	6	0.1471	0.1431	0.1496	337658	
k4x	2026-09-27	annies-mac-mini	k4b:c-hand-fused	7d1c888bd	Microsoft.CodeAnalysis.CSharp	p=0;a=0;u=0	6	1.9937	1.9759	2.0740	3337352	
k4x	2026-09-27	annies-mac-mini	k4b:c-hand-fused	7d1c888bd	System.Private.CoreLib	p=0;a=31;u=1	6	3.3754	3.3462	3.4995	8876027	
k4x	2026-09-27	annies-mac-mini	k4b:c-nlinq-fused	7d1c888bd	CommandLine	p=0;a=3;u=0	6	0.1083	0.1052	0.1092	330154	
k4x	2026-09-27	annies-mac-mini	k4b:c-nlinq-fused	7d1c888bd	Humanizer	p=0;a=0;u=0	6	0.1162	0.1135	0.1172	343754	
k4x	2026-09-27	annies-mac-mini	k4b:c-nlinq-fused	7d1c888bd	Mono.Cecil	p=0;a=0;u=0	6	0.1277	0.1246	0.1286	161330	
k4x	2026-09-27	annies-mac-mini	k4b:c-nlinq-fused	7d1c888bd	Newtonsoft.Json	p=0;a=11;u=0	6	0.3288	0.3202	0.3325	898354	
k4x	2026-09-27	annies-mac-mini	k4b:c-nlinq-fused	7d1c888bd	System.Text.Json	p=0;a=8;u=0	6	0.2949	0.2910	0.3010	881626	
k4x	2026-09-27	annies-mac-mini	k4b:c-nlinq-fused	7d1c888bd	NuGet.Packaging	p=8;a=22;u=0	6	0.1759	0.1713	0.1785	337658	
k4x	2026-09-27	annies-mac-mini	k4b:c-nlinq-fused	7d1c888bd	Microsoft.CodeAnalysis.CSharp	p=0;a=0;u=0	6	2.2326	2.1720	2.2423	3337354	
k4x	2026-09-27	annies-mac-mini	k4b:c-nlinq-fused	7d1c888bd	System.Private.CoreLib	p=0;a=31;u=1	6	3.5595	3.4580	3.5641	8876029	
k4x	2026-09-27	annies-mac-mini	k4b:c-typed-fused	7d1c888bd	CommandLine	p=0;a=3;u=0	6	0.0978	0.0959	0.0987	330210	
k4x	2026-09-27	annies-mac-mini	k4b:c-typed-fused	7d1c888bd	Humanizer	p=0;a=0;u=0	6	0.1082	0.1055	0.1089	343810	
k4x	2026-09-27	annies-mac-mini	k4b:c-typed-fused	7d1c888bd	Mono.Cecil	p=0;a=0;u=0	6	0.1114	0.1081	0.1125	161386	
k4x	2026-09-27	annies-mac-mini	k4b:c-typed-fused	7d1c888bd	Newtonsoft.Json	p=0;a=11;u=0	6	0.3014	0.2955	0.3045	898410	
k4x	2026-09-27	annies-mac-mini	k4b:c-typed-fused	7d1c888bd	System.Text.Json	p=0;a=8;u=0	6	0.2712	0.2672	0.2755	881682	
k4x	2026-09-27	annies-mac-mini	k4b:c-typed-fused	7d1c888bd	NuGet.Packaging	p=8;a=22;u=0	6	0.1531	0.1470	0.1545	337562	
k4x	2026-09-27	annies-mac-mini	k4b:c-typed-fused	7d1c888bd	Microsoft.CodeAnalysis.CSharp	p=0;a=0;u=0	6	2.0385	1.9965	2.0534	3337408	
k4x	2026-09-27	annies-mac-mini	k4b:c-typed-fused	7d1c888bd	System.Private.CoreLib	p=0;a=31;u=1	6	3.4025	3.3139	3.4255	8876084	
k4x	2026-09-27	annies-mac-mini	k4:c-hand-fused	bf04bf2da	CommandLine	p=0;a=3;u=0	6	0.0954	0.0934	0.0965	330154	
k4x	2026-09-27	annies-mac-mini	k4:c-hand-fused	bf04bf2da	Humanizer	p=0;a=0;u=0	6	0.1038	0.1010	0.1053	343754	
k4x	2026-09-27	annies-mac-mini	k4:c-hand-fused	bf04bf2da	Mono.Cecil	p=0;a=0;u=0	6	0.1046	0.1030	0.1062	161330	
k4x	2026-09-27	annies-mac-mini	k4:c-hand-fused	bf04bf2da	Newtonsoft.Json	p=0;a=11;u=0	6	0.2942	0.2886	0.2964	898354	
k4x	2026-09-27	annies-mac-mini	k4:c-hand-fused	bf04bf2da	System.Text.Json	p=0;a=8;u=0	6	0.2618	0.2581	0.2667	881626	
k4x	2026-09-27	annies-mac-mini	k4:c-hand-fused	bf04bf2da	NuGet.Packaging	p=8;a=22;u=0	6	0.1440	0.1410	0.1490	337658	
k4x	2026-09-27	annies-mac-mini	k4:c-hand-fused	bf04bf2da	Microsoft.CodeAnalysis.CSharp	p=0;a=0;u=0	6	1.9728	1.9305	1.9849	3337352	
k4x	2026-09-27	annies-mac-mini	k4:c-hand-fused	bf04bf2da	System.Private.CoreLib	p=0;a=31;u=1	6	3.3553	3.2696	3.3722	8876027	
k4x	2026-09-27	merritt	k4:c-nlinq-fused	bf04bf2da	CommandLine	p=0;a=3;u=0	6	0.1041	0.1028	0.1060	330154	
k4x	2026-09-27	merritt	k4:c-nlinq-fused	bf04bf2da	Humanizer	p=0;a=0;u=0	6	0.1107	0.1093	0.1126	343754	
k4x	2026-09-27	merritt	k4:c-nlinq-fused	bf04bf2da	Mono.Cecil	p=0;a=0;u=0	6	0.1260	0.1250	0.1274	161330	
k4x	2026-09-27	merritt	k4:c-nlinq-fused	bf04bf2da	Newtonsoft.Json	p=0;a=11;u=0	6	0.3106	0.3082	0.3127	898354	
k4x	2026-09-27	merritt	k4:c-nlinq-fused	bf04bf2da	System.Text.Json	p=0;a=8;u=0	6	0.2768	0.2753	0.2800	881626	
k4x	2026-09-27	merritt	k4:c-nlinq-fused	bf04bf2da	NuGet.Packaging	p=8;a=22;u=0	6	0.1738	0.1721	0.1776	337658	
k4x	2026-09-27	merritt	k4:c-nlinq-fused	bf04bf2da	Microsoft.CodeAnalysis.CSharp	p=0;a=0;u=0	6	2.2497	2.2356	2.2648	3337354	
k4x	2026-09-27	merritt	k4:c-nlinq-fused	bf04bf2da	System.Private.CoreLib	p=0;a=31;u=1	6	3.0960	3.0580	3.1362	8876025	
k4x	2026-09-27	merritt	k4:c-typed-fused	bf04bf2da	CommandLine	p=0;a=3;u=0	6	0.0886	0.0870	0.0893	330210	
k4x	2026-09-27	merritt	k4:c-typed-fused	bf04bf2da	Humanizer	p=0;a=0;u=0	6	0.0997	0.0975	0.1021	343810	
k4x	2026-09-27	merritt	k4:c-typed-fused	bf04bf2da	Mono.Cecil	p=0;a=0;u=0	6	0.1026	0.1003	0.1037	161386	
k4x	2026-09-27	merritt	k4:c-typed-fused	bf04bf2da	Newtonsoft.Json	p=0;a=11;u=0	6	0.2773	0.2739	0.2798	898410	
k4x	2026-09-27	merritt	k4:c-typed-fused	bf04bf2da	System.Text.Json	p=0;a=8;u=0	6	0.2477	0.2440	0.2502	881682	
k4x	2026-09-27	merritt	k4:c-typed-fused	bf04bf2da	NuGet.Packaging	p=8;a=22;u=0	6	0.1398	0.1374	0.1421	337562	
k4x	2026-09-27	merritt	k4:c-typed-fused	bf04bf2da	Microsoft.CodeAnalysis.CSharp	p=0;a=0;u=0	6	1.9407	1.9074	1.9690	3337415	
k4x	2026-09-27	merritt	k4:c-typed-fused	bf04bf2da	System.Private.CoreLib	p=0;a=31;u=1	6	2.8346	2.8049	2.8944	8876079	
k4x	2026-09-27	merritt	k4a:c-hand-fused	cb10eced1	CommandLine	p=0;a=3;u=0	6	0.0851	0.0839	0.0861	330154	
k4x	2026-09-27	merritt	k4a:c-hand-fused	cb10eced1	Humanizer	p=0;a=0;u=0	6	0.0922	0.0912	0.0924	343754	
k4x	2026-09-27	merritt	k4a:c-hand-fused	cb10eced1	Mono.Cecil	p=0;a=0;u=0	6	0.0915	0.0900	0.0920	161330	
k4x	2026-09-27	merritt	k4a:c-hand-fused	cb10eced1	Newtonsoft.Json	p=0;a=11;u=0	6	0.2663	0.2638	0.2706	898354	
k4x	2026-09-27	merritt	k4a:c-hand-fused	cb10eced1	System.Text.Json	p=0;a=8;u=0	6	0.2292	0.2270	0.2328	881626	
k4x	2026-09-27	merritt	k4a:c-hand-fused	cb10eced1	NuGet.Packaging	p=8;a=22;u=0	6	0.1284	0.1266	0.1300	337658	
k4x	2026-09-27	merritt	k4a:c-hand-fused	cb10eced1	Microsoft.CodeAnalysis.CSharp	p=0;a=0;u=0	6	1.8351	1.8168	1.8878	3337366	
k4x	2026-09-27	merritt	k4a:c-hand-fused	cb10eced1	System.Private.CoreLib	p=0;a=31;u=1	6	2.7480	2.7233	2.8194	8876022	
k4x	2026-09-27	merritt	k4a:c-nlinq-fused	cb10eced1	CommandLine	p=0;a=3;u=0	6	0.1031	0.1019	0.1061	330154	
k4x	2026-09-27	merritt	k4a:c-nlinq-fused	cb10eced1	Humanizer	p=0;a=0;u=0	6	0.1097	0.1075	0.1135	343754	
k4x	2026-09-27	merritt	k4a:c-nlinq-fused	cb10eced1	Mono.Cecil	p=0;a=0;u=0	6	0.1270	0.1249	0.1279	161330	
k4x	2026-09-27	merritt	k4a:c-nlinq-fused	cb10eced1	Newtonsoft.Json	p=0;a=11;u=0	6	0.3144	0.3091	0.3171	898354	
k4x	2026-09-27	merritt	k4a:c-nlinq-fused	cb10eced1	System.Text.Json	p=0;a=8;u=0	6	0.2773	0.2708	0.2949	881626	
k4x	2026-09-27	merritt	k4a:c-nlinq-fused	cb10eced1	NuGet.Packaging	p=8;a=22;u=0	6	0.1747	0.1721	0.1768	337658	
k4x	2026-09-27	merritt	k4a:c-nlinq-fused	cb10eced1	Microsoft.CodeAnalysis.CSharp	p=0;a=0;u=0	6	2.2779	2.2312	2.2888	3337354	
k4x	2026-09-27	merritt	k4a:c-nlinq-fused	cb10eced1	System.Private.CoreLib	p=0;a=31;u=1	6	3.1220	3.0477	3.2005	8876025	
k4x	2026-09-27	merritt	k4a:c-typed-fused	cb10eced1	CommandLine	p=0;a=3;u=0	6	0.0859	0.0857	0.0866	330210	
k4x	2026-09-27	merritt	k4a:c-typed-fused	cb10eced1	Humanizer	p=0;a=0;u=0	6	0.0941	0.0939	0.0958	343810	
k4x	2026-09-27	merritt	k4a:c-typed-fused	cb10eced1	Mono.Cecil	p=0;a=0;u=0	6	0.0957	0.0954	0.0970	161386	
k4x	2026-09-27	merritt	k4a:c-typed-fused	cb10eced1	Newtonsoft.Json	p=0;a=11;u=0	6	0.2727	0.2698	0.2779	898410	
k4x	2026-09-27	merritt	k4a:c-typed-fused	cb10eced1	System.Text.Json	p=0;a=8;u=0	6	0.2366	0.2347	0.2421	881682	
k4x	2026-09-27	merritt	k4a:c-typed-fused	cb10eced1	NuGet.Packaging	p=8;a=22;u=0	6	0.1326	0.1311	0.1369	337562	
k4x	2026-09-27	merritt	k4a:c-typed-fused	cb10eced1	Microsoft.CodeAnalysis.CSharp	p=0;a=0;u=0	6	1.8609	1.8470	1.9162	3337422	
k4x	2026-09-27	merritt	k4a:c-typed-fused	cb10eced1	System.Private.CoreLib	p=0;a=31;u=1	6	2.8063	2.7834	2.8798	8876079	
k4x	2026-09-27	merritt	k4b:c-hand-fused	7d1c888bd	CommandLine	p=0;a=3;u=0	6	0.0854	0.0843	0.0900	330154	
k4x	2026-09-27	merritt	k4b:c-hand-fused	7d1c888bd	Humanizer	p=0;a=0;u=0	6	0.0917	0.0905	0.0966	343754	
k4x	2026-09-27	merritt	k4b:c-hand-fused	7d1c888bd	Mono.Cecil	p=0;a=0;u=0	6	0.0911	0.0899	0.0951	161330	
k4x	2026-09-27	merritt	k4b:c-hand-fused	7d1c888bd	Newtonsoft.Json	p=0;a=11;u=0	6	0.2645	0.2634	0.2740	898354	
k4x	2026-09-27	merritt	k4b:c-hand-fused	7d1c888bd	System.Text.Json	p=0;a=8;u=0	6	0.2300	0.2273	0.2337	881626	
k4x	2026-09-27	merritt	k4b:c-hand-fused	7d1c888bd	NuGet.Packaging	p=8;a=22;u=0	6	0.1270	0.1267	0.1297	337658	
k4x	2026-09-27	merritt	k4b:c-hand-fused	7d1c888bd	Microsoft.CodeAnalysis.CSharp	p=0;a=0;u=0	6	1.8198	1.8116	1.8512	3337366	
k4x	2026-09-27	merritt	k4b:c-hand-fused	7d1c888bd	System.Private.CoreLib	p=0;a=31;u=1	6	2.7495	2.7136	2.7956	8876022	
k4x	2026-09-27	merritt	k4b:c-nlinq-fused	7d1c888bd	CommandLine	p=0;a=3;u=0	6	0.1033	0.1022	0.1038	330154	
k4x	2026-09-27	merritt	k4b:c-nlinq-fused	7d1c888bd	Humanizer	p=0;a=0;u=0	6	0.1093	0.1083	0.1099	343754	
k4x	2026-09-27	merritt	k4b:c-nlinq-fused	7d1c888bd	Mono.Cecil	p=0;a=0;u=0	6	0.1270	0.1252	0.1276	161330	
k4x	2026-09-27	merritt	k4b:c-nlinq-fused	7d1c888bd	Newtonsoft.Json	p=0;a=11;u=0	6	0.3125	0.3088	0.3153	898354	
k4x	2026-09-27	merritt	k4b:c-nlinq-fused	7d1c888bd	System.Text.Json	p=0;a=8;u=0	6	0.2744	0.2710	0.2769	881626	
k4x	2026-09-27	merritt	k4b:c-nlinq-fused	7d1c888bd	NuGet.Packaging	p=8;a=22;u=0	6	0.1742	0.1713	0.1747	337658	
k4x	2026-09-27	merritt	k4b:c-nlinq-fused	7d1c888bd	Microsoft.CodeAnalysis.CSharp	p=0;a=0;u=0	6	2.2597	2.2361	2.3003	3337354	
k4x	2026-09-27	merritt	k4b:c-nlinq-fused	7d1c888bd	System.Private.CoreLib	p=0;a=31;u=1	6	3.0874	3.0556	3.1260	8876025	
k4x	2026-09-27	merritt	k4b:c-typed-fused	7d1c888bd	CommandLine	p=0;a=3;u=0	6	0.0864	0.0850	0.0878	330210	
k4x	2026-09-27	merritt	k4b:c-typed-fused	7d1c888bd	Humanizer	p=0;a=0;u=0	6	0.0944	0.0930	0.1819	343810	
k4x	2026-09-27	merritt	k4b:c-typed-fused	7d1c888bd	Mono.Cecil	p=0;a=0;u=0	6	0.0951	0.0943	0.0979	161386	
k4x	2026-09-27	merritt	k4b:c-typed-fused	7d1c888bd	Newtonsoft.Json	p=0;a=11;u=0	6	0.2700	0.2686	0.2783	898410	
k4x	2026-09-27	merritt	k4b:c-typed-fused	7d1c888bd	System.Text.Json	p=0;a=8;u=0	6	0.2351	0.2325	0.2371	881682	
k4x	2026-09-27	merritt	k4b:c-typed-fused	7d1c888bd	NuGet.Packaging	p=8;a=22;u=0	6	0.1312	0.1296	0.1356	337562	
k4x	2026-09-27	merritt	k4b:c-typed-fused	7d1c888bd	Microsoft.CodeAnalysis.CSharp	p=0;a=0;u=0	6	1.8675	1.8508	1.8816	3337422	
k4x	2026-09-27	merritt	k4b:c-typed-fused	7d1c888bd	System.Private.CoreLib	p=0;a=31;u=1	6	2.7995	2.7595	2.8230	8876079	
k4x	2026-09-27	merritt	k4:c-hand-fused	bf04bf2da	CommandLine	p=0;a=3;u=0	6	0.0860	0.0852	0.0889	330154	
k4x	2026-09-27	merritt	k4:c-hand-fused	bf04bf2da	Humanizer	p=0;a=0;u=0	6	0.0938	0.0921	0.0967	343754	
k4x	2026-09-27	merritt	k4:c-hand-fused	bf04bf2da	Mono.Cecil	p=0;a=0;u=0	6	0.0917	0.0906	0.0948	161330	
k4x	2026-09-27	merritt	k4:c-hand-fused	bf04bf2da	Newtonsoft.Json	p=0;a=11;u=0	6	0.2622	0.2602	0.2660	898354	
k4x	2026-09-27	merritt	k4:c-hand-fused	bf04bf2da	System.Text.Json	p=0;a=8;u=0	6	0.2314	0.2296	0.2330	881626	
k4x	2026-09-27	merritt	k4:c-hand-fused	bf04bf2da	NuGet.Packaging	p=8;a=22;u=0	6	0.1282	0.1275	0.1296	337658	
k4x	2026-09-27	merritt	k4:c-hand-fused	bf04bf2da	Microsoft.CodeAnalysis.CSharp	p=0;a=0;u=0	6	1.8183	1.7891	1.8387	3337366	
k4x	2026-09-27	merritt	k4:c-hand-fused	bf04bf2da	System.Private.CoreLib	p=0;a=31;u=1	6	2.7831	2.7283	2.8118	8876023	
k4x	2026-09-27	fernie	k4:c-nlinq-fused	bf04bf2da	CommandLine	p=0;a=3;u=0	6	0.2079	0.2073	0.2090	330154	
k4x	2026-09-27	fernie	k4:c-nlinq-fused	bf04bf2da	Humanizer	p=0;a=0;u=0	6	0.2219	0.2217	0.2224	343754	
k4x	2026-09-27	fernie	k4:c-nlinq-fused	bf04bf2da	Mono.Cecil	p=0;a=0;u=0	6	0.2411	0.2409	0.2432	161330	
k4x	2026-09-27	fernie	k4:c-nlinq-fused	bf04bf2da	Newtonsoft.Json	p=0;a=11;u=0	6	0.6108	0.6100	0.6118	898348	
k4x	2026-09-27	fernie	k4:c-nlinq-fused	bf04bf2da	System.Text.Json	p=0;a=8;u=0	6	0.5433	0.5426	0.5442	881618	
k4x	2026-09-27	fernie	k4:c-nlinq-fused	bf04bf2da	NuGet.Packaging	p=8;a=22;u=0	6	0.3426	0.3422	0.3428	337658	
k4x	2026-09-27	fernie	k4:c-nlinq-fused	bf04bf2da	Microsoft.CodeAnalysis.CSharp	p=0;a=0;u=0	6	4.0581	4.0511	4.0640	3337353	
k4x	2026-09-27	fernie	k4:c-nlinq-fused	bf04bf2da	System.Private.CoreLib	p=0;a=31;u=1	6	6.0705	6.0626	6.0830	8876025	
k4x	2026-09-27	fernie	k4:c-typed-fused	bf04bf2da	CommandLine	p=0;a=3;u=0	6	0.1835	0.1831	0.1838	330210	
k4x	2026-09-27	fernie	k4:c-typed-fused	bf04bf2da	Humanizer	p=0;a=0;u=0	6	0.2027	0.2025	0.2030	343810	
k4x	2026-09-27	fernie	k4:c-typed-fused	bf04bf2da	Mono.Cecil	p=0;a=0;u=0	6	0.2031	0.2025	0.2051	161386	
k4x	2026-09-27	fernie	k4:c-typed-fused	bf04bf2da	Newtonsoft.Json	p=0;a=11;u=0	6	0.5565	0.5558	0.5575	898402	
k4x	2026-09-27	fernie	k4:c-typed-fused	bf04bf2da	System.Text.Json	p=0;a=8;u=0	6	0.4949	0.4942	0.4955	881672	
k4x	2026-09-27	fernie	k4:c-typed-fused	bf04bf2da	NuGet.Packaging	p=8;a=22;u=0	6	0.2904	0.2894	0.2908	337562	
k4x	2026-09-27	fernie	k4:c-typed-fused	bf04bf2da	Microsoft.CodeAnalysis.CSharp	p=0;a=0;u=0	6	3.4808	3.4761	3.4887	3337421	
k4x	2026-09-27	fernie	k4:c-typed-fused	bf04bf2da	System.Private.CoreLib	p=0;a=31;u=1	6	5.5934	5.5871	5.6045	8876079	
k4x	2026-09-27	fernie	k4a:c-hand-fused	cb10eced1	CommandLine	p=0;a=3;u=0	6	0.1797	0.1794	0.1816	330154	
k4x	2026-09-27	fernie	k4a:c-hand-fused	cb10eced1	Humanizer	p=0;a=0;u=0	6	0.1966	0.1962	0.1979	343754	
k4x	2026-09-27	fernie	k4a:c-hand-fused	cb10eced1	Mono.Cecil	p=0;a=0;u=0	6	0.1922	0.1920	0.1925	161330	
k4x	2026-09-27	fernie	k4a:c-hand-fused	cb10eced1	Newtonsoft.Json	p=0;a=11;u=0	6	0.5403	0.5397	0.5407	898346	
k4x	2026-09-27	fernie	k4a:c-hand-fused	cb10eced1	System.Text.Json	p=0;a=8;u=0	6	0.4792	0.4780	0.4793	881616	
k4x	2026-09-27	fernie	k4a:c-hand-fused	cb10eced1	NuGet.Packaging	p=8;a=22;u=0	6	0.2787	0.2785	0.2801	337658	
k4x	2026-09-27	fernie	k4a:c-hand-fused	cb10eced1	Microsoft.CodeAnalysis.CSharp	p=0;a=0;u=0	6	3.3422	3.3390	3.3526	3337363	
k4x	2026-09-27	fernie	k4a:c-hand-fused	cb10eced1	System.Private.CoreLib	p=0;a=31;u=1	6	5.4645	5.4565	5.4907	8876023	
k4x	2026-09-27	fernie	k4a:c-nlinq-fused	cb10eced1	CommandLine	p=0;a=3;u=0	6	0.2072	0.2069	0.2079	330154	
k4x	2026-09-27	fernie	k4a:c-nlinq-fused	cb10eced1	Humanizer	p=0;a=0;u=0	6	0.2225	0.2221	0.2247	343754	
k4x	2026-09-27	fernie	k4a:c-nlinq-fused	cb10eced1	Mono.Cecil	p=0;a=0;u=0	6	0.2433	0.2429	0.2437	161330	
k4x	2026-09-27	fernie	k4a:c-nlinq-fused	cb10eced1	Newtonsoft.Json	p=0;a=11;u=0	6	0.6108	0.6104	0.6117	898348	
k4x	2026-09-27	fernie	k4a:c-nlinq-fused	cb10eced1	System.Text.Json	p=0;a=8;u=0	6	0.5433	0.5431	0.5444	881618	
k4x	2026-09-27	fernie	k4a:c-nlinq-fused	cb10eced1	NuGet.Packaging	p=8;a=22;u=0	6	0.3446	0.3436	0.3457	337658	
k4x	2026-09-27	fernie	k4a:c-nlinq-fused	cb10eced1	Microsoft.CodeAnalysis.CSharp	p=0;a=0;u=0	6	4.0949	4.0882	4.1015	3337353	
k4x	2026-09-27	fernie	k4a:c-nlinq-fused	cb10eced1	System.Private.CoreLib	p=0;a=31;u=1	6	6.0723	6.0649	6.0871	8876025	
k4x	2026-09-27	fernie	k4a:c-typed-fused	cb10eced1	CommandLine	p=0;a=3;u=0	6	0.1820	0.1818	0.1827	330210	
k4x	2026-09-27	fernie	k4a:c-typed-fused	cb10eced1	Humanizer	p=0;a=0;u=0	6	0.2011	0.2010	0.2013	343810	
k4x	2026-09-27	fernie	k4a:c-typed-fused	cb10eced1	Mono.Cecil	p=0;a=0;u=0	6	0.2009	0.2007	0.2013	161386	
k4x	2026-09-27	fernie	k4a:c-typed-fused	cb10eced1	Newtonsoft.Json	p=0;a=11;u=0	6	0.5516	0.5508	0.5521	898402	
k4x	2026-09-27	fernie	k4a:c-typed-fused	cb10eced1	System.Text.Json	p=0;a=8;u=0	6	0.4900	0.4896	0.4905	881672	
k4x	2026-09-27	fernie	k4a:c-typed-fused	cb10eced1	NuGet.Packaging	p=8;a=22;u=0	6	0.2871	0.2869	0.2879	337562	
k4x	2026-09-27	fernie	k4a:c-typed-fused	cb10eced1	Microsoft.CodeAnalysis.CSharp	p=0;a=0;u=0	6	3.4649	3.4581	3.4723	3337420	
k4x	2026-09-27	fernie	k4a:c-typed-fused	cb10eced1	System.Private.CoreLib	p=0;a=31;u=1	6	5.5579	5.5436	5.6187	8876079	
k4x	2026-09-27	fernie	k4b:c-hand-fused	7d1c888bd	CommandLine	p=0;a=3;u=0	6	0.1797	0.1789	0.1861	330154	
k4x	2026-09-27	fernie	k4b:c-hand-fused	7d1c888bd	Humanizer	p=0;a=0;u=0	6	0.1960	0.1958	0.2015	343754	
k4x	2026-09-27	fernie	k4b:c-hand-fused	7d1c888bd	Mono.Cecil	p=0;a=0;u=0	6	0.1920	0.1919	0.1939	161330	
k4x	2026-09-27	fernie	k4b:c-hand-fused	7d1c888bd	Newtonsoft.Json	p=0;a=11;u=0	6	0.5401	0.5395	0.5550	898346	
k4x	2026-09-27	fernie	k4b:c-hand-fused	7d1c888bd	System.Text.Json	p=0;a=8;u=0	6	0.4783	0.4777	0.4892	881616	
k4x	2026-09-27	fernie	k4b:c-hand-fused	7d1c888bd	NuGet.Packaging	p=8;a=22;u=0	6	0.2793	0.2786	0.2846	337658	
k4x	2026-09-27	fernie	k4b:c-hand-fused	7d1c888bd	Microsoft.CodeAnalysis.CSharp	p=0;a=0;u=0	6	3.3453	3.3378	3.3880	3337363	
k4x	2026-09-27	fernie	k4b:c-hand-fused	7d1c888bd	System.Private.CoreLib	p=0;a=31;u=1	6	5.4739	5.4572	5.6855	8876023	
k4x	2026-09-27	fernie	k4b:c-nlinq-fused	7d1c888bd	CommandLine	p=0;a=3;u=0	6	0.2075	0.2070	0.2078	330154	
k4x	2026-09-27	fernie	k4b:c-nlinq-fused	7d1c888bd	Humanizer	p=0;a=0;u=0	6	0.2228	0.2222	0.2231	343754	
k4x	2026-09-27	fernie	k4b:c-nlinq-fused	7d1c888bd	Mono.Cecil	p=0;a=0;u=0	6	0.2436	0.2431	0.2441	161330	
k4x	2026-09-27	fernie	k4b:c-nlinq-fused	7d1c888bd	Newtonsoft.Json	p=0;a=11;u=0	6	0.6119	0.6107	0.6121	898348	
k4x	2026-09-27	fernie	k4b:c-nlinq-fused	7d1c888bd	System.Text.Json	p=0;a=8;u=0	6	0.5443	0.5428	0.5455	881618	
k4x	2026-09-27	fernie	k4b:c-nlinq-fused	7d1c888bd	NuGet.Packaging	p=8;a=22;u=0	6	0.3440	0.3434	0.3450	337658	
k4x	2026-09-27	fernie	k4b:c-nlinq-fused	7d1c888bd	Microsoft.CodeAnalysis.CSharp	p=0;a=0;u=0	6	4.0907	4.0888	4.1048	3337353	
k4x	2026-09-27	fernie	k4b:c-nlinq-fused	7d1c888bd	System.Private.CoreLib	p=0;a=31;u=1	6	6.0739	6.0712	6.0814	8876025	
k4x	2026-09-27	fernie	k4b:c-typed-fused	7d1c888bd	CommandLine	p=0;a=3;u=0	6	0.1832	0.1826	0.1854	330210	
k4x	2026-09-27	fernie	k4b:c-typed-fused	7d1c888bd	Humanizer	p=0;a=0;u=0	6	0.2026	0.2021	0.2036	343810	
k4x	2026-09-27	fernie	k4b:c-typed-fused	7d1c888bd	Mono.Cecil	p=0;a=0;u=0	6	0.2035	0.2029	0.2044	161386	
k4x	2026-09-27	fernie	k4b:c-typed-fused	7d1c888bd	Newtonsoft.Json	p=0;a=11;u=0	6	0.5545	0.5528	0.5573	898402	
k4x	2026-09-27	fernie	k4b:c-typed-fused	7d1c888bd	System.Text.Json	p=0;a=8;u=0	6	0.4928	0.4915	0.4952	881672	
k4x	2026-09-27	fernie	k4b:c-typed-fused	7d1c888bd	NuGet.Packaging	p=8;a=22;u=0	6	0.2901	0.2891	0.2907	337562	
k4x	2026-09-27	fernie	k4b:c-typed-fused	7d1c888bd	Microsoft.CodeAnalysis.CSharp	p=0;a=0;u=0	6	3.4899	3.4851	3.4978	3337421	
k4x	2026-09-27	fernie	k4b:c-typed-fused	7d1c888bd	System.Private.CoreLib	p=0;a=31;u=1	6	5.5483	5.5471	5.5710	8876079	
k4x	2026-09-27	fernie	k4:c-hand-fused	bf04bf2da	CommandLine	p=0;a=3;u=0	6	0.1803	0.1794	0.1814	330154	
k4x	2026-09-27	fernie	k4:c-hand-fused	bf04bf2da	Humanizer	p=0;a=0;u=0	6	0.1959	0.1954	0.1966	343754	
k4x	2026-09-27	fernie	k4:c-hand-fused	bf04bf2da	Mono.Cecil	p=0;a=0;u=0	6	0.1901	0.1898	0.1918	161330	
k4x	2026-09-27	fernie	k4:c-hand-fused	bf04bf2da	Newtonsoft.Json	p=0;a=11;u=0	6	0.5403	0.5392	0.5427	898346	
k4x	2026-09-27	fernie	k4:c-hand-fused	bf04bf2da	System.Text.Json	p=0;a=8;u=0	6	0.4787	0.4776	0.4800	881616	
k4x	2026-09-27	fernie	k4:c-hand-fused	bf04bf2da	NuGet.Packaging	p=8;a=22;u=0	6	0.2773	0.2764	0.2784	337658	
k4x	2026-09-27	fernie	k4:c-hand-fused	bf04bf2da	Microsoft.CodeAnalysis.CSharp	p=0;a=0;u=0	6	3.3098	3.3009	3.3195	3337363	
k4x	2026-09-27	fernie	k4:c-hand-fused	bf04bf2da	System.Private.CoreLib	p=0;a=31;u=1	6	5.4517	5.4482	5.4770	8876023	
presence-layout-padding	2026-09-27	fernie	final2	925e73ee2	CommandLine	false	6	16.6470	16.5810	16.7400	26723529	
presence-layout-padding	2026-09-27	fernie	final2	925e73ee2	Humanizer	false	6	10.9515	10.9080	10.9660	18816952	
presence-layout-padding	2026-09-27	fernie	final2	925e73ee2	Mono.Cecil	false	6	27.0750	27.0000	27.1320	44194063	
presence-layout-padding	2026-09-27	fernie	final2	925e73ee2	Newtonsoft.Json	true	6	11.0245	10.9880	11.0660	17950651	
presence-layout-padding	2026-09-27	fernie	final2	925e73ee2	System.Text.Json	true	6	0.3780	0.3780	0.3790	149378	
presence-layout-padding	2026-09-27	fernie	final2	925e73ee2	NuGet.Packaging	true	6	14.0610	13.9620	14.1810	22070474	
presence-layout-padding	2026-09-27	fernie	final2	925e73ee2	Microsoft.CodeAnalysis.CSharp	incomplete	6	36.0845	35.9460	36.4070	43568217	
presence-layout-padding	2026-09-27	fernie	final2	925e73ee2	System.Private.CoreLib	true	6	4.7145	4.7080	4.7200	435994	
presence-layout-padding	2026-09-27	fernie	final3	c20817038	CommandLine	false	6	16.7870	16.6790	16.8980	26723434	
presence-layout-padding	2026-09-27	fernie	final3	c20817038	Humanizer	false	6	11.0625	10.9820	11.1390	18816857	
presence-layout-padding	2026-09-27	fernie	final3	c20817038	Mono.Cecil	false	6	27.2065	27.0910	27.3390	44193967	
presence-layout-padding	2026-09-27	fernie	final3	c20817038	Newtonsoft.Json	true	6	11.2125	11.1200	11.3850	17950555	
presence-layout-padding	2026-09-27	fernie	final3	c20817038	System.Text.Json	true	6	0.3780	0.3770	0.3800	149282	
presence-layout-padding	2026-09-27	fernie	final3	c20817038	NuGet.Packaging	true	6	14.2640	14.1360	14.4450	22070376	
presence-layout-padding	2026-09-27	fernie	final3	c20817038	Microsoft.CodeAnalysis.CSharp	incomplete	6	36.9475	36.6880	37.1570	43568281	
presence-layout-padding	2026-09-27	fernie	final3	c20817038	System.Private.CoreLib	true	6	5.0575	5.0500	5.0620	435900	
presence-layout-padding	2026-09-27	fernie	pad40	c20817038	CommandLine	false	6	16.7600	16.6720	16.8670	26723434	
presence-layout-padding	2026-09-27	fernie	pad40	c20817038	Humanizer	false	6	11.0560	11.0190	11.1310	18816856	
presence-layout-padding	2026-09-27	fernie	pad40	c20817038	Mono.Cecil	false	6	27.1575	27.1010	27.2820	44193944	
presence-layout-padding	2026-09-27	fernie	pad40	c20817038	Newtonsoft.Json	true	6	11.1835	11.1500	11.3000	17950555	
presence-layout-padding	2026-09-27	fernie	pad40	c20817038	System.Text.Json	true	6	0.3775	0.3760	0.3790	149282	
presence-layout-padding	2026-09-27	fernie	pad40	c20817038	NuGet.Packaging	true	6	14.3500	14.1760	14.4400	22070376	
presence-layout-padding	2026-09-27	fernie	pad40	c20817038	Microsoft.CodeAnalysis.CSharp	incomplete	6	36.9340	36.8640	37.1590	43568097	
presence-layout-padding	2026-09-27	fernie	pad40	c20817038	System.Private.CoreLib	true	6	5.0495	5.0430	5.0580	435900	
presence-layout-padding	2026-09-27	fernie	pad97	c20817038	CommandLine	false	6	16.6845	16.6180	16.7840	26723434	
presence-layout-padding	2026-09-27	fernie	pad97	c20817038	Humanizer	false	6	11.0025	10.9360	11.0780	18816857	
presence-layout-padding	2026-09-27	fernie	pad97	c20817038	Mono.Cecil	false	6	27.2940	27.0840	27.5520	44193924	
presence-layout-padding	2026-09-27	fernie	pad97	c20817038	Newtonsoft.Json	true	6	11.1495	11.0770	11.3230	17950555	
presence-layout-padding	2026-09-27	fernie	pad97	c20817038	System.Text.Json	true	6	0.3780	0.3770	0.3780	149282	
presence-layout-padding	2026-09-27	fernie	pad97	c20817038	NuGet.Packaging	true	6	14.1680	14.0680	14.3700	22070379	
presence-layout-padding	2026-09-27	fernie	pad97	c20817038	Microsoft.CodeAnalysis.CSharp	incomplete	6	36.3805	36.1970	36.8350	43568013	
presence-layout-padding	2026-09-27	fernie	pad97	c20817038	System.Private.CoreLib	true	6	4.7165	4.7020	4.7260	435898	
presence-layout-padding	2026-09-27	fernie	base	7de7e646c	CommandLine	false	6	16.4180	16.3230	16.5130	26671776	
presence-layout-padding	2026-09-27	fernie	base	7de7e646c	Humanizer	false	6	10.7725	10.7410	10.9050	18765624	
presence-layout-padding	2026-09-27	fernie	base	7de7e646c	Mono.Cecil	false	6	26.6785	26.6450	26.8920	44097394	
presence-layout-padding	2026-09-27	fernie	base	7de7e646c	Newtonsoft.Json	true	6	10.9375	10.8900	11.0100	17915674	
presence-layout-padding	2026-09-27	fernie	base	7de7e646c	System.Text.Json	true	6	0.3775	0.3760	0.3790	148433	
presence-layout-padding	2026-09-27	fernie	base	7de7e646c	NuGet.Packaging	true	6	13.9425	13.7510	13.9910	22023831	
presence-layout-padding	2026-09-27	fernie	base	7de7e646c	Microsoft.CodeAnalysis.CSharp	incomplete	6	35.9910	35.9250	36.2540	43546099	
presence-layout-padding	2026-09-27	fernie	base	7de7e646c	System.Private.CoreLib	true	6	4.7355	4.7320	4.7410	435114	
presence-layout-padding	2026-09-27	merritt	final2	925e73ee2	CommandLine	false	6	9.2725	9.2530	9.2930	26741902	
presence-layout-padding	2026-09-27	merritt	final2	925e73ee2	Humanizer	false	6	6.1695	6.1460	6.2140	18747241	
presence-layout-padding	2026-09-27	merritt	final2	925e73ee2	Mono.Cecil	false	6	15.6045	15.5810	15.7890	44213334	
presence-layout-padding	2026-09-27	merritt	final2	925e73ee2	Newtonsoft.Json	true	6	6.5270	6.5040	6.5810	18073459	
presence-layout-padding	2026-09-27	merritt	final2	925e73ee2	System.Text.Json	true	6	0.1630	0.1610	0.1640	153410	
presence-layout-padding	2026-09-27	merritt	final2	925e73ee2	NuGet.Packaging	true	6	8.0430	8.0210	8.0770	22197660	
presence-layout-padding	2026-09-27	merritt	final2	925e73ee2	Microsoft.CodeAnalysis.CSharp	incomplete	6	20.0960	19.9890	20.2060	43462712	
presence-layout-padding	2026-09-27	merritt	final2	925e73ee2	System.Private.CoreLib	true	6	2.2165	2.2000	2.2430	440024	
presence-layout-padding	2026-09-27	merritt	final3	c20817038	CommandLine	false	6	9.2095	9.2000	9.2310	26741805	
presence-layout-padding	2026-09-27	merritt	final3	c20817038	Humanizer	false	6	6.1470	6.1200	6.2040	18747145	
presence-layout-padding	2026-09-27	merritt	final3	c20817038	Mono.Cecil	false	6	15.5355	15.4690	15.7100	44213237	
presence-layout-padding	2026-09-27	merritt	final3	c20817038	Newtonsoft.Json	true	6	6.5030	6.4900	6.5190	18073363	
presence-layout-padding	2026-09-27	merritt	final3	c20817038	System.Text.Json	true	6	0.1590	0.1590	0.1600	153314	
presence-layout-padding	2026-09-27	merritt	final3	c20817038	NuGet.Packaging	true	6	8.0205	8.0070	8.0440	22197564	
presence-layout-padding	2026-09-27	merritt	final3	c20817038	Microsoft.CodeAnalysis.CSharp	incomplete	6	20.1740	20.0730	20.2880	43462773	
presence-layout-padding	2026-09-27	merritt	final3	c20817038	System.Private.CoreLib	true	6	2.2570	2.2480	2.2630	439928	
presence-layout-padding	2026-09-27	merritt	pad40	c20817038	CommandLine	false	6	9.3365	9.2730	9.3780	26741806	
presence-layout-padding	2026-09-27	merritt	pad40	c20817038	Humanizer	false	6	6.2170	6.1890	6.2490	18747145	
presence-layout-padding	2026-09-27	merritt	pad40	c20817038	Mono.Cecil	false	6	15.7755	15.6980	15.9390	44213238	
presence-layout-padding	2026-09-27	merritt	pad40	c20817038	Newtonsoft.Json	true	6	6.5750	6.5170	6.6720	18073363	
presence-layout-padding	2026-09-27	merritt	pad40	c20817038	System.Text.Json	true	6	0.1605	0.1590	0.1640	153314	
presence-layout-padding	2026-09-27	merritt	pad40	c20817038	NuGet.Packaging	true	6	8.1300	8.0730	8.2500	22197564	
presence-layout-padding	2026-09-27	merritt	pad40	c20817038	Microsoft.CodeAnalysis.CSharp	incomplete	6	20.4695	20.3010	20.4860	43462649	
presence-layout-padding	2026-09-27	merritt	pad40	c20817038	System.Private.CoreLib	true	6	2.2630	2.2470	2.2810	439929	
presence-layout-padding	2026-09-27	merritt	pad97	c20817038	CommandLine	false	6	9.2530	9.1920	9.3060	26741805	
presence-layout-padding	2026-09-27	merritt	pad97	c20817038	Humanizer	false	6	6.0950	6.0860	6.1730	18747145	
presence-layout-padding	2026-09-27	merritt	pad97	c20817038	Mono.Cecil	false	6	15.3995	15.3290	15.5890	44213237	
presence-layout-padding	2026-09-27	merritt	pad97	c20817038	Newtonsoft.Json	true	6	6.5060	6.4630	6.5430	18073363	
presence-layout-padding	2026-09-27	merritt	pad97	c20817038	System.Text.Json	true	6	0.1640	0.1610	0.1650	153314	
presence-layout-padding	2026-09-27	merritt	pad97	c20817038	NuGet.Packaging	true	6	8.0335	7.9760	8.0770	22197564	
presence-layout-padding	2026-09-27	merritt	pad97	c20817038	Microsoft.CodeAnalysis.CSharp	incomplete	6	20.0635	20.0040	20.1870	43462680	
presence-layout-padding	2026-09-27	merritt	pad97	c20817038	System.Private.CoreLib	true	6	2.2280	2.1990	2.2420	439928	
presence-layout-padding	2026-09-27	merritt	base	7de7e646c	CommandLine	false	6	9.5000	9.3430	9.5520	26690143	
presence-layout-padding	2026-09-27	merritt	base	7de7e646c	Humanizer	false	6	6.2610	6.1930	6.3300	18695913	
presence-layout-padding	2026-09-27	merritt	base	7de7e646c	Mono.Cecil	false	6	15.9420	15.7910	16.1140	44116709	
presence-layout-padding	2026-09-27	merritt	base	7de7e646c	Newtonsoft.Json	true	6	6.6455	6.5870	6.6790	18038483	
presence-layout-padding	2026-09-27	merritt	base	7de7e646c	System.Text.Json	true	6	0.1655	0.1630	0.1670	152466	
presence-layout-padding	2026-09-27	merritt	base	7de7e646c	NuGet.Packaging	true	6	8.1950	8.1250	8.2390	22151021	
presence-layout-padding	2026-09-27	merritt	base	7de7e646c	Microsoft.CodeAnalysis.CSharp	incomplete	6	20.4850	20.3380	20.6630	43440674	
presence-layout-padding	2026-09-27	merritt	base	7de7e646c	System.Private.CoreLib	true	6	2.2280	2.2010	2.2730	439144	
row-windows	2026-09-27	mac	rw:dense:head6:hand	b35ce8ea5	CommandLine	n=6;t=-;m=0;h=3F4E653F|n=6;t=-;m=0;h=4BACF56C|n=6;t=-;m=0;h=54393390|n=6;t=-;m=0;h=682912E2|n=6;t=-;m=0;h=ABAAAB44|n=6;t=-;m=0;h=AC3E1109	6	0.0037	0.0036	0.0037	11842	
row-windows	2026-09-27	mac	rw:dense:head6:hand	b35ce8ea5	Humanizer	n=6;t=-;m=0;h=203CC04C|n=6;t=-;m=0;h=3A287C0B|n=6;t=-;m=0;h=635E3B89|n=6;t=-;m=0;h=76F9A074|n=6;t=-;m=0;h=CAF2F37C|n=6;t=-;m=0;h=CC8C5F2E	6	0.0030	0.0029	0.0031	9770	
row-windows	2026-09-27	mac	rw:dense:head6:hand	b35ce8ea5	Mono.Cecil	n=6;t=-;m=0;h=1174F200|n=6;t=-;m=0;h=13322B5C|n=6;t=-;m=0;h=2BC0B8AF|n=6;t=-;m=0;h=6DD014D2|n=6;t=-;m=0;h=8B4174E4|n=6;t=-;m=0;h=C1E68160	6	0.0030	0.0029	0.0030	9378	
row-windows	2026-09-27	mac	rw:dense:head6:hand	b35ce8ea5	Newtonsoft.Json	n=6;t=-;m=0;h=5B0B6773|n=6;t=-;m=0;h=5F390E82|n=6;t=-;m=0;h=877988E4|n=6;t=-;m=0;h=BBFAD843|n=6;t=-;m=0;h=BF2BFA2E|n=6;t=-;m=0;h=CDC1B97A	6	0.0030	0.0029	0.0030	9570	
row-windows	2026-09-27	mac	rw:dense:head6:hand	b35ce8ea5	System.Text.Json	n=6;t=-;m=0;h=0374FBDA|n=6;t=-;m=0;h=41E27E2F|n=6;t=-;m=0;h=5DF94F9A|n=6;t=-;m=0;h=5E3A01BE|n=6;t=-;m=0;h=CCFD32C2|n=6;t=-;m=0;h=F4A17634	6	0.0035	0.0035	0.0036	9898	
row-windows	2026-09-27	mac	rw:dense:head6:hand	b35ce8ea5	NuGet.Packaging	n=6;t=-;m=0;h=091EFB0F|n=6;t=-;m=0;h=1D76B659|n=6;t=-;m=0;h=4F0CA46C|n=6;t=-;m=0;h=4FA311B2|n=6;t=-;m=0;h=9CBC3D48|n=6;t=-;m=0;h=AAC3E677	6	0.0037	0.0037	0.0038	12778	
row-windows	2026-09-27	mac	rw:dense:head6:hand	b35ce8ea5	Microsoft.CodeAnalysis.CSharp	n=6;t=-;m=0;h=185529A8|n=6;t=-;m=0;h=256E2D8A|n=6;t=-;m=0;h=44CF32B6|n=6;t=-;m=0;h=82EABF44|n=6;t=-;m=0;h=950185CB|n=6;t=-;m=0;h=E1FA7411	6	0.0029	0.0028	0.0029	9114	
row-windows	2026-09-27	mac	rw:dense:head6:hand	b35ce8ea5	System.Private.CoreLib	n=6;t=-;m=0;h=24571D46|n=6;t=-;m=0;h=883389F7|n=6;t=-;m=0;h=89D6BB9E|n=6;t=-;m=0;h=91154921|n=6;t=-;m=0;h=BDB8D81B|n=6;t=-;m=0;h=C922E163	6	0.0037	0.0037	0.0038	8738	
row-windows	2026-09-27	mac	rw:dense:w4-6:kernel	b35ce8ea5	CommandLine	n=3;t=-;m=0;h=20EABA59|n=3;t=-;m=0;h=270D8D33|n=3;t=-;m=0;h=43FFED16|n=3;t=-;m=0;h=63F4011F|n=3;t=-;m=0;h=729F5A42|n=3;t=-;m=0;h=B9988E68	6	0.0029	0.0029	0.0030	8722	
row-windows	2026-09-27	mac	rw:dense:w4-6:kernel	b35ce8ea5	Humanizer	n=3;t=-;m=0;h=4D63FE29|n=3;t=-;m=0;h=672E3124|n=3;t=-;m=0;h=6BD0D8F3|n=3;t=-;m=0;h=6D060065|n=3;t=-;m=0;h=9DC34A24|n=3;t=-;m=0;h=B2DC04F7	6	0.0025	0.0024	0.0025	7306	
row-windows	2026-09-27	mac	rw:dense:w4-6:kernel	b35ce8ea5	Mono.Cecil	n=3;t=-;m=0;h=1566D699|n=3;t=-;m=0;h=1A2F18E1|n=3;t=-;m=0;h=64E96E9E|n=3;t=-;m=0;h=7B2DCAED|n=3;t=-;m=0;h=A4C1E808|n=3;t=-;m=0;h=F589E77C	6	0.0024	0.0023	0.0024	6898	
row-windows	2026-09-27	mac	rw:dense:w4-6:kernel	b35ce8ea5	Newtonsoft.Json	n=3;t=-;m=0;h=2D9BDAAF|n=3;t=-;m=0;h=486C3AF7|n=3;t=-;m=0;h=655B1F08|n=3;t=-;m=0;h=76B8C48B|n=3;t=-;m=0;h=F171C3F2|n=3;t=-;m=0;h=F9F8A470	6	0.0025	0.0024	0.0025	7218	
row-windows	2026-09-27	mac	rw:dense:w4-6:kernel	b35ce8ea5	System.Text.Json	n=3;t=-;m=0;h=046A3936|n=3;t=-;m=0;h=374F75D3|n=3;t=-;m=0;h=497A2C5D|n=3;t=-;m=0;h=9C9E4B4F|n=3;t=-;m=0;h=B09B9D18|n=3;t=-;m=0;h=F457A07C	6	0.0031	0.0030	0.0032	6994	
row-windows	2026-09-27	mac	rw:dense:w4-6:kernel	b35ce8ea5	NuGet.Packaging	n=3;t=-;m=0;h=27260131|n=3;t=-;m=0;h=3534DF17|n=3;t=-;m=0;h=52F03BA6|n=3;t=-;m=0;h=6FA015EE|n=3;t=-;m=0;h=BD4556DD|n=3;t=-;m=0;h=DADEE5AC	6	0.0024	0.0023	0.0025	6714	
row-windows	2026-09-27	mac	rw:dense:w4-6:kernel	b35ce8ea5	Microsoft.CodeAnalysis.CSharp	n=3;t=-;m=0;h=1754146A|n=3;t=-;m=0;h=6019B8F0|n=3;t=-;m=0;h=9BCC2B49|n=3;t=-;m=0;h=BFAA7906|n=3;t=-;m=0;h=E26E9467|n=3;t=-;m=0;h=EC231641	6	0.0024	0.0024	0.0025	7010	
row-windows	2026-09-27	mac	rw:dense:w4-6:kernel	b35ce8ea5	System.Private.CoreLib	n=3;t=-;m=0;h=923C32D0|n=3;t=-;m=0;h=AA51C753|n=3;t=-;m=0;h=CF24A6F6|n=3;t=-;m=0;h=DE3A5C80|n=3;t=-;m=0;h=E2C856F1|n=3;t=-;m=0;h=F6CFABE6	6	0.0034	0.0034	0.0035	6474	
row-windows	2026-09-27	mac	rw:dense:w4-6:hand	b35ce8ea5	CommandLine	n=3;t=-;m=0;h=240E7500|n=3;t=-;m=0;h=7EDFCE71|n=3;t=-;m=0;h=7FB91E61|n=3;t=-;m=0;h=91E6F99D|n=3;t=-;m=0;h=BFC3420C|n=3;t=-;m=0;h=E56CB2DA	6	0.0030	0.0029	0.0030	8714	
row-windows	2026-09-27	mac	rw:dense:w4-6:hand	b35ce8ea5	Humanizer	n=3;t=-;m=0;h=057F331B|n=3;t=-;m=0;h=2DE84384|n=3;t=-;m=0;h=5A8DB51E|n=3;t=-;m=0;h=80AB456F|n=3;t=-;m=0;h=B947B55A|n=3;t=-;m=0;h=D6C03760	6	0.0025	0.0024	0.0025	7298	
row-windows	2026-09-27	mac	rw:dense:w4-6:hand	b35ce8ea5	Mono.Cecil	n=3;t=-;m=0;h=277B52ED|n=3;t=-;m=0;h=37EFB409|n=3;t=-;m=0;h=40C18465|n=3;t=-;m=0;h=CF517E9C|n=3;t=-;m=0;h=D94FCA5A|n=3;t=-;m=0;h=E3DF94FE	6	0.0024	0.0024	0.0024	6890	
row-windows	2026-09-27	mac	rw:dense:w4-6:hand	b35ce8ea5	Newtonsoft.Json	n=3;t=-;m=0;h=034D6B1E|n=3;t=-;m=0;h=14817134|n=3;t=-;m=0;h=5ACEA5BA|n=3;t=-;m=0;h=A5526050|n=3;t=-;m=0;h=AA0FD58F|n=3;t=-;m=0;h=D94C3362	6	0.0025	0.0024	0.0025	7210	
row-windows	2026-09-27	mac	rw:dense:w4-6:hand	b35ce8ea5	System.Text.Json	n=3;t=-;m=0;h=338B16BA|n=3;t=-;m=0;h=498CBE83|n=3;t=-;m=0;h=49F65B75|n=3;t=-;m=0;h=652B76A5|n=3;t=-;m=0;h=7CB47F20|n=3;t=-;m=0;h=95324D7F	6	0.0030	0.0029	0.0030	6986	
row-windows	2026-09-27	mac	rw:dense:w4-6:hand	b35ce8ea5	NuGet.Packaging	n=3;t=-;m=0;h=2D4F6B5C|n=3;t=-;m=0;h=3085FA16|n=3;t=-;m=0;h=6F9A208D|n=3;t=-;m=0;h=77ECCF64|n=3;t=-;m=0;h=C05F3C10|n=3;t=-;m=0;h=CC6D43EA	6	0.0024	0.0024	0.0025	6706	
row-windows	2026-09-27	mac	rw:dense:w4-6:hand	b35ce8ea5	Microsoft.CodeAnalysis.CSharp	n=3;t=-;m=0;h=2D8ED12B|n=3;t=-;m=0;h=7B21A9B4|n=3;t=-;m=0;h=8A45B952|n=3;t=-;m=0;h=8A9585CB|n=3;t=-;m=0;h=8E3C110D|n=3;t=-;m=0;h=AF856FCA	6	0.0024	0.0024	0.0025	7002	
row-windows	2026-09-27	mac	rw:dense:w4-6:hand	b35ce8ea5	System.Private.CoreLib	n=3;t=-;m=0;h=2043AED1|n=3;t=-;m=0;h=519490C1|n=3;t=-;m=0;h=7EA005A7|n=3;t=-;m=0;h=91DB6D76|n=3;t=-;m=0;h=ACEAB5F9|n=3;t=-;m=0;h=FF61EC37	6	0.0032	0.0032	0.0033	6466	
row-windows	2026-09-27	mac	rw:dense:w100-110:kernel	b35ce8ea5	CommandLine	n=11;t=-;m=0;h=4C12A9C5|n=11;t=-;m=0;h=738BEFE6|n=11;t=-;m=0;h=87464475|n=11;t=-;m=0;h=C6C87379|n=11;t=-;m=0;h=CAACCD3B|n=11;t=-;m=0;h=EADF4BA3	6	0.0080	0.0080	0.0081	22026	
row-windows	2026-09-27	mac	rw:dense:w100-110:kernel	b35ce8ea5	Humanizer	n=11;t=-;m=0;h=0788F4AA|n=11;t=-;m=0;h=2835CB46|n=11;t=-;m=0;h=AA725E92|n=11;t=-;m=0;h=D05FE25E|n=11;t=-;m=0;h=D14E0EC1|n=11;t=-;m=0;h=EFD9443B	6	0.0062	0.0062	0.0063	15682	
row-windows	2026-09-27	mac	rw:dense:w100-110:kernel	b35ce8ea5	Mono.Cecil	n=11;t=-;m=0;h=1D4CB4DB|n=11;t=-;m=0;h=3011364C|n=11;t=-;m=0;h=5F2DBD65|n=11;t=-;m=0;h=9D741A9C|n=11;t=-;m=0;h=D1AD6C12|n=11;t=-;m=0;h=E0DBB620	6	0.0074	0.0072	0.0074	18970	
row-windows	2026-09-27	mac	rw:dense:w100-110:kernel	b35ce8ea5	Newtonsoft.Json	n=11;t=-;m=0;h=6A28565B|n=11;t=-;m=0;h=9392E597|n=11;t=-;m=0;h=9E8FF5D6|n=11;t=-;m=0;h=BFADE9C7|n=11;t=-;m=0;h=C0FAB36D|n=11;t=-;m=0;h=C4BD3CFC	6	0.0081	0.0080	0.0082	19834	
row-windows	2026-09-27	mac	rw:dense:w100-110:kernel	b35ce8ea5	System.Text.Json	n=11;t=-;m=0;h=2114EA15|n=11;t=-;m=0;h=443A7B88|n=11;t=-;m=0;h=74493F61|n=11;t=-;m=0;h=7A6CCBB3|n=11;t=-;m=0;h=82C5037C|n=11;t=-;m=0;h=90D8F9D8	6	0.0078	0.0077	0.0079	22034	
row-windows	2026-09-27	mac	rw:dense:w100-110:kernel	b35ce8ea5	NuGet.Packaging	n=11;t=-;m=0;h=3187E2F8|n=11;t=-;m=0;h=4E48078A|n=11;t=-;m=0;h=943DD98E|n=11;t=-;m=0;h=A57DB17F|n=11;t=-;m=0;h=D5566765|n=11;t=-;m=0;h=D8018FF1	6	0.0073	0.0072	0.0074	18570	
row-windows	2026-09-27	mac	rw:dense:w100-110:kernel	b35ce8ea5	Microsoft.CodeAnalysis.CSharp	n=11;t=-;m=0;h=00D44D3F|n=11;t=-;m=0;h=864550DF|n=11;t=-;m=0;h=8BA4EFE6|n=11;t=-;m=0;h=9F644CD5|n=11;t=-;m=0;h=B1812761|n=11;t=-;m=0;h=B4C76300	6	0.0128	0.0126	0.0129	19242	
row-windows	2026-09-27	mac	rw:dense:w100-110:kernel	b35ce8ea5	System.Private.CoreLib	n=11;t=-;m=0;h=22A8189F|n=11;t=-;m=0;h=393F6882|n=11;t=-;m=0;h=68679293|n=11;t=-;m=0;h=7B377A6A|n=11;t=-;m=0;h=90127024|n=11;t=-;m=0;h=9EA688EC	6	0.0073	0.0072	0.0074	13458	
row-windows	2026-09-27	mac	rw:dense:w100-110:hand	b35ce8ea5	CommandLine	n=11;t=-;m=0;h=5046D0A5|n=11;t=-;m=0;h=57966385|n=11;t=-;m=0;h=5E5B6F02|n=11;t=-;m=0;h=B624861A|n=11;t=-;m=0;h=DDE084B1|n=11;t=-;m=0;h=E2A1FBBE	6	0.0080	0.0079	0.0081	22018	
row-windows	2026-09-27	mac	rw:dense:w100-110:hand	b35ce8ea5	Humanizer	n=11;t=-;m=0;h=123061B0|n=11;t=-;m=0;h=1709AF97|n=11;t=-;m=0;h=204E6997|n=11;t=-;m=0;h=2CB19772|n=11;t=-;m=0;h=4745DF18|n=11;t=-;m=0;h=6B769039	6	0.0062	0.0062	0.0062	15674	
row-windows	2026-09-27	mac	rw:dense:w100-110:hand	b35ce8ea5	Mono.Cecil	n=11;t=-;m=0;h=74F67906|n=11;t=-;m=0;h=75A30FE7|n=11;t=-;m=0;h=A7C9A550|n=11;t=-;m=0;h=BAE1EE0C|n=11;t=-;m=0;h=C97AE8F2|n=11;t=-;m=0;h=D56A09C8	6	0.0073	0.0072	0.0073	18962	
row-windows	2026-09-27	mac	rw:dense:w100-110:hand	b35ce8ea5	Newtonsoft.Json	n=11;t=-;m=0;h=098AF755|n=11;t=-;m=0;h=1094A8B4|n=11;t=-;m=0;h=2611C9D9|n=11;t=-;m=0;h=AA6D5D79|n=11;t=-;m=0;h=DC1174A7|n=11;t=-;m=0;h=F26FFC09	6	0.0080	0.0080	0.0082	19826	
row-windows	2026-09-27	mac	rw:dense:w100-110:hand	b35ce8ea5	System.Text.Json	n=11;t=-;m=0;h=0AEE7FCF|n=11;t=-;m=0;h=310BF9C1|n=11;t=-;m=0;h=6E7F232A|n=11;t=-;m=0;h=79FF480A|n=11;t=-;m=0;h=AA4683B8|n=11;t=-;m=0;h=C7C005D8	6	0.0075	0.0075	0.0076	22026	
row-windows	2026-09-27	mac	rw:dense:w100-110:hand	b35ce8ea5	NuGet.Packaging	n=11;t=-;m=0;h=1842B8B3|n=11;t=-;m=0;h=1BB159EB|n=11;t=-;m=0;h=2AE5BA27|n=11;t=-;m=0;h=3A5B5E64|n=11;t=-;m=0;h=927E3AA5|n=11;t=-;m=0;h=F111C899	6	0.0072	0.0072	0.0073	18562	
row-windows	2026-09-27	mac	rw:dense:w100-110:hand	b35ce8ea5	Microsoft.CodeAnalysis.CSharp	n=11;t=-;m=0;h=1CAC98CD|n=11;t=-;m=0;h=2DF1A868|n=11;t=-;m=0;h=95085D82|n=11;t=-;m=0;h=999758DA|n=11;t=-;m=0;h=D057D581|n=11;t=-;m=0;h=E9910355	6	0.0112	0.0110	0.0113	19234	
row-windows	2026-09-27	mac	rw:dense:w100-110:hand	b35ce8ea5	System.Private.CoreLib	n=11;t=-;m=0;h=0EFDE370|n=11;t=-;m=0;h=47B9B3BA|n=11;t=-;m=0;h=5C0F9DF0|n=11;t=-;m=0;h=7AA35658|n=11;t=-;m=0;h=E66A84D3|n=11;t=-;m=0;h=F476DE18	6	0.0071	0.0070	0.0072	13450	
row-windows	2026-09-27	mac	rw:dense:w1000-1010:kernel	b35ce8ea5	CommandLine	n=0;t=-;m=1;h=00000011	6	0.0128	0.0126	0.0130	4858	
row-windows	2026-09-27	mac	rw:dense:w1000-1010:kernel	b35ce8ea5	Humanizer	n=0;t=-;m=1;h=00000011	6	0.0205	0.0203	0.0212	4858	
row-windows	2026-09-27	mac	rw:dense:w1000-1010:kernel	b35ce8ea5	Mono.Cecil	n=0;t=-;m=1;h=00000011	6	0.0387	0.0385	0.0402	4858	
row-windows	2026-09-27	mac	rw:dense:w1000-1010:kernel	b35ce8ea5	Newtonsoft.Json	n=11;t=-;m=0;h=31AE6A0F|n=11;t=-;m=0;h=84005A00|n=11;t=-;m=0;h=ADB9B817|n=11;t=-;m=0;h=B1C69F3A|n=11;t=-;m=0;h=D9088E57|n=11;t=-;m=0;h=FB2561D8	6	0.0345	0.0342	0.0352	16282	
row-windows	2026-09-27	mac	rw:dense:w1000-1010:kernel	b35ce8ea5	System.Text.Json	n=11;t=-;m=0;h=28CA5069|n=11;t=-;m=0;h=41D85B42|n=11;t=-;m=0;h=86146735|n=11;t=-;m=0;h=872C087E|n=11;t=-;m=0;h=9B584EF4|n=11;t=-;m=0;h=D1ACD17C	6	0.0321	0.0317	0.0327	20690	
row-windows	2026-09-27	mac	rw:dense:w1000-1010:kernel	b35ce8ea5	NuGet.Packaging	n=0;t=-;m=1;h=00000011	6	0.0370	0.0362	0.0375	4858	
row-windows	2026-09-27	mac	rw:dense:w1000-1010:kernel	b35ce8ea5	Microsoft.CodeAnalysis.CSharp	n=11;t=-;m=0;h=1D1DD7CF|n=11;t=-;m=0;h=28264749|n=11;t=-;m=0;h=4A95A412|n=11;t=-;m=0;h=683715D8|n=11;t=-;m=0;h=F65E55D2|n=11;t=-;m=0;h=F67F33BD	6	0.0423	0.0420	0.0429	19018	
row-windows	2026-09-27	mac	rw:dense:w1000-1010:kernel	b35ce8ea5	System.Private.CoreLib	n=11;t=-;m=0;h=1166B0DA|n=11;t=-;m=0;h=1B7F0B63|n=11;t=-;m=0;h=28318757|n=11;t=-;m=0;h=29B50356|n=11;t=-;m=0;h=9CB21386|n=11;t=-;m=0;h=F0E811C4	6	0.0302	0.0301	0.0306	14802	
row-windows	2026-09-27	mac	rw:dense:w1000-1010:hand	b35ce8ea5	CommandLine	n=0;t=-;m=1;h=00000011	6	0.0124	0.0123	0.0126	4850	
row-windows	2026-09-27	mac	rw:dense:w1000-1010:hand	b35ce8ea5	Humanizer	n=0;t=-;m=1;h=00000011	6	0.0200	0.0198	0.0203	4850	
row-windows	2026-09-27	mac	rw:dense:w1000-1010:hand	b35ce8ea5	Mono.Cecil	n=0;t=-;m=1;h=00000011	6	0.0374	0.0370	0.0381	4850	
row-windows	2026-09-27	mac	rw:dense:w1000-1010:hand	b35ce8ea5	Newtonsoft.Json	n=11;t=-;m=0;h=04A0A791|n=11;t=-;m=0;h=3A2EF3EB|n=11;t=-;m=0;h=51B58DA0|n=11;t=-;m=0;h=A2E5E981|n=11;t=-;m=0;h=CF7DAACE|n=11;t=-;m=0;h=E68C3C9E	6	0.0335	0.0331	0.0339	16274	
row-windows	2026-09-27	mac	rw:dense:w1000-1010:hand	b35ce8ea5	System.Text.Json	n=11;t=-;m=0;h=03F6D44B|n=11;t=-;m=0;h=3A2EA4BB|n=11;t=-;m=0;h=6A62F38F|n=11;t=-;m=0;h=F79ACD50|n=11;t=-;m=0;h=FB2662E9|n=11;t=-;m=0;h=FE2FF107	6	0.0307	0.0304	0.0310	20682	
row-windows	2026-09-27	mac	rw:dense:w1000-1010:hand	b35ce8ea5	NuGet.Packaging	n=0;t=-;m=1;h=00000011	6	0.0348	0.0345	0.0354	4850	
row-windows	2026-09-27	mac	rw:dense:w1000-1010:hand	b35ce8ea5	Microsoft.CodeAnalysis.CSharp	n=11;t=-;m=0;h=365931D9|n=11;t=-;m=0;h=4074E263|n=11;t=-;m=0;h=477308D0|n=11;t=-;m=0;h=4C3E7640|n=11;t=-;m=0;h=C84E889C|n=11;t=-;m=0;h=D601D9C4	6	0.0387	0.0386	0.0394	19010	
row-windows	2026-09-27	mac	rw:dense:w1000-1010:hand	b35ce8ea5	System.Private.CoreLib	n=11;t=-;m=0;h=3663836A|n=11;t=-;m=0;h=3FFFF74E|n=11;t=-;m=0;h=950810F0|n=11;t=-;m=0;h=BE9DF29F|n=11;t=-;m=0;h=DA99E5F9|n=11;t=-;m=0;h=DFC68730	6	0.0289	0.0286	0.0293	14794	
row-windows	2026-09-27	mac	rw:dense:w4-6c:kernel	b35ce8ea5	CommandLine	n=3;t=403;m=0;h=51B3B773|n=3;t=403;m=0;h=5376A04D|n=3;t=403;m=0;h=AABA2B2F|n=3;t=403;m=0;h=D618A586|n=3;t=403;m=0;h=DAED1A2C|n=3;t=403;m=0;h=F9F420F9	6	0.0137	0.0135	0.0140	8754	
row-windows	2026-09-27	mac	rw:dense:w4-6c:kernel	b35ce8ea5	Humanizer	n=3;t=735;m=0;h=0DEC7620|n=3;t=735;m=0;h=11787507|n=3;t=735;m=0;h=6EDAA055|n=3;t=735;m=0;h=D92E4E1D|n=3;t=735;m=0;h=F129FBF2|n=3;t=735;m=0;h=FDBBEEFA	6	0.0213	0.0212	0.0217	7338	
row-windows	2026-09-27	mac	rw:dense:w4-6c:kernel	b35ce8ea5	Mono.Cecil	n=3;t=992;m=0;h=3AAC930F|n=3;t=992;m=0;h=47515874|n=3;t=992;m=0;h=623FB816|n=3;t=992;m=0;h=95E9787E|n=3;t=992;m=0;h=ECC8F16C|n=3;t=992;m=0;h=F501C251	6	0.0397	0.0395	0.0405	6930	
row-windows	2026-09-27	mac	rw:dense:w4-6c:kernel	b35ce8ea5	Newtonsoft.Json	n=3;t=1509;m=0;h=0EA05772|n=3;t=1509;m=0;h=1B18F7E9|n=3;t=1509;m=0;h=21D9EAC3|n=3;t=1509;m=0;h=91B9DEE6|n=3;t=1509;m=0;h=BB2A8AD3|n=3;t=1509;m=0;h=EE1747C4	6	0.0474	0.0472	0.0481	7250	
row-windows	2026-09-27	mac	rw:dense:w4-6c:kernel	b35ce8ea5	System.Text.Json	n=3;t=1337;m=0;h=0CA007CF|n=3;t=1337;m=0;h=1952FF3A|n=3;t=1337;m=0;h=33C90CEE|n=3;t=1337;m=0;h=373E1CDA|n=3;t=1337;m=0;h=E0788E59|n=3;t=1337;m=0;h=F58584C1	6	0.0410	0.0406	0.0417	7026	
row-windows	2026-09-27	mac	rw:dense:w4-6c:kernel	b35ce8ea5	NuGet.Packaging	n=3;t=999;m=0;h=2BDF3082|n=3;t=999;m=0;h=4ED3C70A|n=3;t=999;m=0;h=55FB2733|n=3;t=999;m=0;h=6DCB6BF6|n=3;t=999;m=0;h=AA8C1D94|n=3;t=999;m=0;h=F6232E0B	6	0.0375	0.0371	0.0382	6746	
row-windows	2026-09-27	mac	rw:dense:w4-6c:kernel	b35ce8ea5	Microsoft.CodeAnalysis.CSharp	n=3;t=13161;m=0;h=9B470D54|n=3;t=13161;m=0;h=A0CF055E|n=3;t=13161;m=0;h=A9301577|n=3;t=13161;m=0;h=D4DC8FE6|n=3;t=13161;m=0;h=E213D7D8|n=3;t=13161;m=0;h=F452347F	6	0.4078	0.4037	0.4177	7050	
row-windows	2026-09-27	mac	rw:dense:w4-6c:kernel	b35ce8ea5	System.Private.CoreLib	n=3;t=22475;m=0;h=2151E020|n=3;t=22475;m=0;h=657D2A40|n=3;t=22475;m=0;h=6FBA566C|n=3;t=22475;m=0;h=A9C2DD53|n=3;t=22475;m=0;h=C6DDA54D|n=3;t=22475;m=0;h=D3C87408	6	0.5131	0.5087	0.5157	6505	
row-windows	2026-09-27	mac	rw:dense:w4-6c:hand	b35ce8ea5	CommandLine	n=3;t=403;m=0;h=61E48C0B|n=3;t=403;m=0;h=AFEDAD2B|n=3;t=403;m=0;h=E3A4E965|n=3;t=403;m=0;h=EBC08D3B|n=3;t=403;m=0;h=F10232BA|n=3;t=403;m=0;h=FDDDF02A	6	0.0135	0.0134	0.0137	8746	
row-windows	2026-09-27	mac	rw:dense:w4-6c:hand	b35ce8ea5	Humanizer	n=3;t=735;m=0;h=022A346D|n=3;t=735;m=0;h=2BA69D56|n=3;t=735;m=0;h=3006BFFE|n=3;t=735;m=0;h=494B5DC8|n=3;t=735;m=0;h=738FEDCD|n=3;t=735;m=0;h=8131B1B9	6	0.0207	0.0205	0.0212	7330	
row-windows	2026-09-27	mac	rw:dense:w4-6c:hand	b35ce8ea5	Mono.Cecil	n=3;t=992;m=0;h=1C781659|n=3;t=992;m=0;h=6120EC54|n=3;t=992;m=0;h=64F28B2A|n=3;t=992;m=0;h=7F96D9A7|n=3;t=992;m=0;h=C58B90B7|n=3;t=992;m=0;h=DA3CCE15	6	0.0382	0.0377	0.0390	6922	
row-windows	2026-09-27	mac	rw:dense:w4-6c:hand	b35ce8ea5	Newtonsoft.Json	n=3;t=1509;m=0;h=02ECECBE|n=3;t=1509;m=0;h=04020B4F|n=3;t=1509;m=0;h=17958961|n=3;t=1509;m=0;h=182269CE|n=3;t=1509;m=0;h=74934E6A|n=3;t=1509;m=0;h=CE7E7984	6	0.0459	0.0453	0.0467	7242	
row-windows	2026-09-27	mac	rw:dense:w4-6c:hand	b35ce8ea5	System.Text.Json	n=3;t=1337;m=0;h=3B3B1F00|n=3;t=1337;m=0;h=47C3AE39|n=3;t=1337;m=0;h=7F105188|n=3;t=1337;m=0;h=C5D8FF42|n=3;t=1337;m=0;h=DCE6165A|n=3;t=1337;m=0;h=E01438F1	6	0.0393	0.0390	0.0401	7018	
row-windows	2026-09-27	mac	rw:dense:w4-6c:hand	b35ce8ea5	NuGet.Packaging	n=3;t=999;m=0;h=5EC3CBD5|n=3;t=999;m=0;h=7A52D88C|n=3;t=999;m=0;h=8288043B|n=3;t=999;m=0;h=CDC6419A|n=3;t=999;m=0;h=D6F74094|n=3;t=999;m=0;h=F490A867	6	0.0359	0.0355	0.0367	6738	
row-windows	2026-09-27	mac	rw:dense:w4-6c:hand	b35ce8ea5	Microsoft.CodeAnalysis.CSharp	n=3;t=13161;m=0;h=1C1EDE4D|n=3;t=13161;m=0;h=2FFEFE3B|n=3;t=13161;m=0;h=6AFB63A6|n=3;t=13161;m=0;h=8A1BAD05|n=3;t=13161;m=0;h=904F9C1C|n=3;t=13161;m=0;h=D39E3611	6	0.3871	0.3817	0.3935	7042	
row-windows	2026-09-27	mac	rw:dense:w4-6c:hand	b35ce8ea5	System.Private.CoreLib	n=3;t=22475;m=0;h=35A2DE30|n=3;t=22475;m=0;h=4932E1D3|n=3;t=22475;m=0;h=59AA4E40|n=3;t=22475;m=0;h=6C518ECC|n=3;t=22475;m=0;h=750C907F|n=3;t=22475;m=0;h=7F41AE52	6	0.4933	0.4881	0.4999	6496	
row-windows	2026-09-27	mac	rw:dense:all:kernel	b35ce8ea5	CommandLine	n=403;t=-;m=0;h=1B995C77|n=403;t=-;m=0;h=1BBDFF50|n=403;t=-;m=0;h=7AC22396|n=403;t=-;m=0;h=7F5D79F2|n=403;t=-;m=0;h=97E98ADB|n=403;t=-;m=0;h=A4988537	6	0.1929	0.1890	0.1940	739186	
row-windows	2026-09-27	mac	rw:dense:all:kernel	b35ce8ea5	Humanizer	n=735;t=-;m=0;h=4A9886C6|n=735;t=-;m=0;h=711473EF|n=735;t=-;m=0;h=7353F177|n=735;t=-;m=0;h=7FD445A7|n=735;t=-;m=0;h=B3982A81|n=735;t=-;m=0;h=C85B4EE3	6	0.1948	0.1936	0.1975	767243	
row-windows	2026-09-27	mac	rw:dense:all:kernel	b35ce8ea5	Mono.Cecil	n=992;t=-;m=0;h=85544A80|n=992;t=-;m=0;h=9D8C35BF|n=992;t=-;m=0;h=B81CCF48|n=992;t=-;m=0;h=E753F32C|n=992;t=-;m=0;h=E82269BC|n=992;t=-;m=0;h=FF1190DA	6	0.3032	0.3020	0.3121	1070453	
row-windows	2026-09-27	mac	rw:dense:all:kernel	b35ce8ea5	Newtonsoft.Json	n=1509;t=-;m=0;h=017DF24E|n=1509;t=-;m=0;h=0A44DBDD|n=1509;t=-;m=0;h=13EADD14|n=1509;t=-;m=0;h=AA2F3865|n=1509;t=-;m=0;h=DB46D2C2|n=1509;t=-;m=0;h=E4AEFE80	6	0.4772	0.4728	0.5156	1740337	
row-windows	2026-09-27	mac	rw:dense:all:kernel	b35ce8ea5	System.Text.Json	n=1337;t=-;m=0;h=1B014DD7|n=1337;t=-;m=0;h=31F8F98E|n=1337;t=-;m=0;h=3F490330|n=1337;t=-;m=0;h=8948DD29|n=1337;t=-;m=0;h=D649D937|n=1337;t=-;m=0;h=F58AC275	6	0.4618	0.4602	0.4959	1787968	
row-windows	2026-09-27	mac	rw:dense:all:kernel	b35ce8ea5	NuGet.Packaging	n=999;t=-;m=0;h=1A536B6A|n=999;t=-;m=0;h=30C97EB1|n=999;t=-;m=0;h=61B3F539|n=999;t=-;m=0;h=B254962B|n=999;t=-;m=0;h=B41FCAA6|n=999;t=-;m=0;h=E867B0AF	6	0.3542	0.3512	0.3829	1275904	
row-windows	2026-09-27	mac	rw:dense:all:kernel	b35ce8ea5	Microsoft.CodeAnalysis.CSharp	n=13161;t=-;m=0;h=07FD2A26|n=13161;t=-;m=0;h=2793AA92|n=13161;t=-;m=0;h=3CEBCBF8|n=13161;t=-;m=0;h=70EBD5C5|n=13161;t=-;m=0;h=79F69DC5|n=13161;t=-;m=0;h=9F79C3CF	6	11.5321	11.2177	11.7963	21201888	
row-windows	2026-09-27	mac	rw:dense:all:kernel	b35ce8ea5	System.Private.CoreLib	n=22475;t=-;m=0;h=0254750F|n=22475;t=-;m=0;h=2901BBBA|n=22475;t=-;m=0;h=3154E3C3|n=22475;t=-;m=0;h=549E4EFB|n=22475;t=-;m=0;h=78F0BC03|n=22475;t=-;m=0;h=C291CBAA	6	19.1281	19.0309	19.6631	32249840	
row-windows	2026-09-27	mac	rw:dense:all:hand	b35ce8ea5	CommandLine	n=403;t=-;m=0;h=27B4FA54|n=403;t=-;m=0;h=57F5667C|n=403;t=-;m=0;h=ADECDC55|n=403;t=-;m=0;h=B20830B8|n=403;t=-;m=0;h=B957D9D5|n=403;t=-;m=0;h=E4304B28	6	0.1916	0.1888	0.1949	739178	
row-windows	2026-09-27	mac	rw:dense:all:hand	b35ce8ea5	Humanizer	n=735;t=-;m=0;h=4FFE0743|n=735;t=-;m=0;h=8129AC88|n=735;t=-;m=0;h=985ACC49|n=735;t=-;m=0;h=A0AB90A1|n=735;t=-;m=0;h=C50EE0F7|n=735;t=-;m=0;h=EF5C4D97	6	0.1952	0.1940	0.1989	767235	
row-windows	2026-09-27	mac	rw:dense:all:hand	b35ce8ea5	Mono.Cecil	n=992;t=-;m=0;h=0FD1324E|n=992;t=-;m=0;h=1069E6B8|n=992;t=-;m=0;h=4902B65D|n=992;t=-;m=0;h=76DA04A0|n=992;t=-;m=0;h=8D639C3C|n=992;t=-;m=0;h=FDA501D0	6	0.3069	0.3027	0.3134	1070445	
row-windows	2026-09-27	mac	rw:dense:all:hand	b35ce8ea5	Newtonsoft.Json	n=1509;t=-;m=0;h=0F596310|n=1509;t=-;m=0;h=1EC7A809|n=1509;t=-;m=0;h=2E2E920E|n=1509;t=-;m=0;h=71C7DF4A|n=1509;t=-;m=0;h=7B28F507|n=1509;t=-;m=0;h=8A80DDEA	6	0.4859	0.4692	0.5027	1740329	
row-windows	2026-09-27	mac	rw:dense:all:hand	b35ce8ea5	System.Text.Json	n=1337;t=-;m=0;h=2A9F5761|n=1337;t=-;m=0;h=33A5A31C|n=1337;t=-;m=0;h=421667DE|n=1337;t=-;m=0;h=935180C8|n=1337;t=-;m=0;h=95E94B5A|n=1337;t=-;m=0;h=D5EE83B9	6	0.4738	0.4568	0.4850	1787960	
row-windows	2026-09-27	mac	rw:dense:all:hand	b35ce8ea5	NuGet.Packaging	n=999;t=-;m=0;h=1265AD51|n=999;t=-;m=0;h=5319D077|n=999;t=-;m=0;h=C69C32EB|n=999;t=-;m=0;h=DEF3A2C9|n=999;t=-;m=0;h=F8B1AC35|n=999;t=-;m=0;h=FB897380	6	0.3581	0.3518	0.3730	1275897	
row-windows	2026-09-27	mac	rw:dense:all:hand	b35ce8ea5	Microsoft.CodeAnalysis.CSharp	n=13161;t=-;m=0;h=17F7A2A9|n=13161;t=-;m=0;h=40C41D2F|n=13161;t=-;m=0;h=79F78354|n=13161;t=-;m=0;h=C764E76F|n=13161;t=-;m=0;h=C82509FD|n=13161;t=-;m=0;h=CAFF744A	6	11.5084	11.2988	12.5685	21201884	
row-windows	2026-09-27	mac	rw:dense:all:hand	b35ce8ea5	System.Private.CoreLib	n=22475;t=-;m=0;h=9B2C8475|n=22475;t=-;m=0;h=A31E595C|n=22475;t=-;m=0;h=C12177D3|n=22475;t=-;m=0;h=C1CB801A|n=22475;t=-;m=0;h=CAFB5AFE|n=22475;t=-;m=0;h=D67DD624	6	19.3453	18.7604	23.5184	32249763	
row-windows	2026-09-27	mac	rw:dense:all:mat	b35ce8ea5	CommandLine	n=403;t=-;m=0;h=0B85BE67|n=403;t=-;m=0;h=59AC5692|n=403;t=-;m=0;h=888B7528|n=403;t=-;m=0;h=94E8EC3C|n=403;t=-;m=0;h=AEA64B42|n=403;t=-;m=0;h=F60AE3AA	6	0.1905	0.1884	0.1955	739218	
row-windows	2026-09-27	mac	rw:dense:all:mat	b35ce8ea5	Humanizer	n=735;t=-;m=0;h=051C4EDC|n=735;t=-;m=0;h=181F1A60|n=735;t=-;m=0;h=99D599EF|n=735;t=-;m=0;h=AA1DB214|n=735;t=-;m=0;h=E317ED33|n=735;t=-;m=0;h=E740250D	6	0.1936	0.1923	0.2012	767274	
row-windows	2026-09-27	mac	rw:dense:all:mat	b35ce8ea5	Mono.Cecil	n=992;t=-;m=0;h=278B6E9D|n=992;t=-;m=0;h=4944E3BB|n=992;t=-;m=0;h=72018D80|n=992;t=-;m=0;h=C774A3FD|n=992;t=-;m=0;h=D8EA5322|n=992;t=-;m=0;h=E1BEB6AA	6	0.3030	0.2990	0.3256	1070485	
row-windows	2026-09-27	mac	rw:dense:all:mat	b35ce8ea5	Newtonsoft.Json	n=1509;t=-;m=0;h=23C28B40|n=1509;t=-;m=0;h=6F103D6D|n=1509;t=-;m=0;h=870F826B|n=1509;t=-;m=0;h=AD05190D|n=1509;t=-;m=0;h=C780E789|n=1509;t=-;m=0;h=CAC1CC2F	6	0.4757	0.4716	0.5319	1740368	
row-windows	2026-09-27	mac	rw:dense:all:mat	b35ce8ea5	System.Text.Json	n=1337;t=-;m=0;h=0FEF465C|n=1337;t=-;m=0;h=1DABCD31|n=1337;t=-;m=0;h=246DAEB9|n=1337;t=-;m=0;h=81E1D93D|n=1337;t=-;m=0;h=82F520A2|n=1337;t=-;m=0;h=C026D2E2	6	0.4616	0.4557	0.4936	1788000	
row-windows	2026-09-27	mac	rw:dense:all:mat	b35ce8ea5	NuGet.Packaging	n=999;t=-;m=0;h=1B91EAA4|n=999;t=-;m=0;h=2E185A15|n=999;t=-;m=0;h=6EE868E3|n=999;t=-;m=0;h=A0495BB2|n=999;t=-;m=0;h=CD13BFA7|n=999;t=-;m=0;h=F9510355	6	0.3546	0.3484	0.3630	1275936	
row-windows	2026-09-27	mac	rw:dense:all:mat	b35ce8ea5	Microsoft.CodeAnalysis.CSharp	n=13161;t=-;m=0;h=278CA58E|n=13161;t=-;m=0;h=50905F18|n=13161;t=-;m=0;h=95CB7F72|n=13161;t=-;m=0;h=A76646DC|n=13161;t=-;m=0;h=C9A3F232|n=13161;t=-;m=0;h=F73BE86E	6	11.5076	11.2692	20.3722	21201925	
row-windows	2026-09-27	mac	rw:dense:all:mat	b35ce8ea5	System.Private.CoreLib	n=22475;t=-;m=0;h=06EB9473|n=22475;t=-;m=0;h=4A07994C|n=22475;t=-;m=0;h=7F2833CB|n=22475;t=-;m=0;h=8454A338|n=22475;t=-;m=0;h=8A0D715B|n=22475;t=-;m=0;h=DCAD8082	6	19.0255	18.9167	19.9515	32249907	
row-windows	2026-09-27	mac	rw:sparse:head6:kernel	b35ce8ea5	CommandLine	n=3;t=-;m=0;h=05566A0D|n=3;t=-;m=0;h=B0E470A5|n=3;t=-;m=0;h=BA0E8AB6|n=3;t=-;m=0;h=CB884A1C|n=3;t=-;m=0;h=F9C7F03E|n=3;t=-;m=0;h=FC8E00C9	6	0.0668	0.0665	0.0686	267338	
row-windows	2026-09-27	mac	rw:sparse:head6:kernel	b35ce8ea5	Humanizer	n=0;t=-;m=0;h=00000011	6	0.0857	0.0850	0.0877	301562	
row-windows	2026-09-27	mac	rw:sparse:head6:kernel	b35ce8ea5	Mono.Cecil	n=0;t=-;m=0;h=00000011	6	0.0744	0.0727	0.0754	105050	
row-windows	2026-09-27	mac	rw:sparse:head6:kernel	b35ce8ea5	Newtonsoft.Json	n=6;t=-;m=0;h=0A376222|n=6;t=-;m=0;h=18EC7F7D|n=6;t=-;m=0;h=4C71A245|n=6;t=-;m=0;h=75F2BF8A|n=6;t=-;m=0;h=94502D12|n=6;t=-;m=0;h=D5863735	6	0.1637	0.1618	0.1657	578594	
row-windows	2026-09-27	mac	rw:sparse:head6:kernel	b35ce8ea5	System.Text.Json	n=6;t=-;m=0;h=1EA9CE07|n=6;t=-;m=0;h=315D1C5D|n=6;t=-;m=0;h=93C8A2FA|n=6;t=-;m=0;h=9E69AE0F|n=6;t=-;m=0;h=A23B65AF|n=6;t=-;m=0;h=AF71FBAC	6	0.1484	0.1466	0.1508	603794	
row-windows	2026-09-27	mac	rw:sparse:head6:kernel	b35ce8ea5	NuGet.Packaging	n=6;t=-;m=0;h=0A96B40B|n=6;t=-;m=0;h=21035D13|n=6;t=-;m=0;h=414BBB49|n=6;t=-;m=0;h=8B20797B|n=6;t=-;m=0;h=C3D9FF6E|n=6;t=-;m=0;h=DFD6BC3E	6	0.0400	0.0397	0.0407	124698	
row-windows	2026-09-27	mac	rw:sparse:head6:kernel	b35ce8ea5	Microsoft.CodeAnalysis.CSharp	n=0;t=-;m=0;h=00000011	6	1.4158	1.3797	1.4541	2331479	
row-windows	2026-09-27	mac	rw:sparse:head6:kernel	b35ce8ea5	System.Private.CoreLib	n=6;t=-;m=0;h=2CBA61D8|n=6;t=-;m=0;h=5DCAEFEE|n=6;t=-;m=0;h=6A929F92|n=6;t=-;m=0;h=8C434B1B|n=6;t=-;m=0;h=8CFBD67A|n=6;t=-;m=0;h=8E7A1415	6	1.2970	1.2815	1.3662	3903917	
row-windows	2026-09-27	mac	rw:sparse:head6:hand	b35ce8ea5	CommandLine	n=3;t=-;m=0;h=0B4F0B27|n=3;t=-;m=0;h=3D704D07|n=3;t=-;m=0;h=678A86E5|n=3;t=-;m=0;h=A796320A|n=3;t=-;m=0;h=E8BB5DD6|n=3;t=-;m=0;h=FEAC07C2	6	0.0665	0.0656	0.0673	267330	
row-windows	2026-09-27	mac	rw:sparse:head6:hand	b35ce8ea5	Humanizer	n=0;t=-;m=0;h=00000011	6	0.0851	0.0837	0.0868	301554	
row-windows	2026-09-27	mac	rw:sparse:head6:hand	b35ce8ea5	Mono.Cecil	n=0;t=-;m=0;h=00000011	6	0.0718	0.0703	0.0723	105042	
row-windows	2026-09-27	mac	rw:sparse:head6:hand	b35ce8ea5	Newtonsoft.Json	n=6;t=-;m=0;h=09F40A4B|n=6;t=-;m=0;h=1B1C8261|n=6;t=-;m=0;h=782AA0CA|n=6;t=-;m=0;h=7C52DB20|n=6;t=-;m=0;h=C105B3C0|n=6;t=-;m=0;h=F93B40C3	6	0.1614	0.1598	0.1643	578586	
row-windows	2026-09-27	mac	rw:sparse:head6:hand	b35ce8ea5	System.Text.Json	n=6;t=-;m=0;h=2FDC22E7|n=6;t=-;m=0;h=6B78E279|n=6;t=-;m=0;h=96777E62|n=6;t=-;m=0;h=9830E754|n=6;t=-;m=0;h=9BA5B9CA|n=6;t=-;m=0;h=D02F25A7	6	0.1461	0.1457	0.1471	603786	
row-windows	2026-09-27	mac	rw:sparse:head6:hand	b35ce8ea5	NuGet.Packaging	n=6;t=-;m=0;h=1EA17B7A|n=6;t=-;m=0;h=381F3D42|n=6;t=-;m=0;h=79EA8351|n=6;t=-;m=0;h=7E2999B3|n=6;t=-;m=0;h=B5E14FE7|n=6;t=-;m=0;h=CA9A87E0	6	0.0392	0.0390	0.0397	124690	
row-windows	2026-09-27	mac	rw:sparse:head6:hand	b35ce8ea5	Microsoft.CodeAnalysis.CSharp	n=0;t=-;m=0;h=00000011	6	1.3650	1.3488	1.4122	2331470	
row-windows	2026-09-27	mac	rw:sparse:head6:hand	b35ce8ea5	System.Private.CoreLib	n=6;t=-;m=0;h=1204CC5A|n=6;t=-;m=0;h=53A1A3EE|n=6;t=-;m=0;h=8D40E39B|n=6;t=-;m=0;h=E29773FB|n=6;t=-;m=0;h=EE2AF05D|n=6;t=-;m=0;h=F3236373	6	1.2719	1.2650	1.3162	3903909	
row-windows	2026-09-27	mac	rw:sparse:w4-6c:kernel	b35ce8ea5	CommandLine	n=0;t=3;m=1;h=00000011	6	0.0653	0.0640	0.0657	259138	
row-windows	2026-09-27	mac	rw:sparse:w4-6c:kernel	b35ce8ea5	Humanizer	n=0;t=0;m=1;h=00000011	6	0.0862	0.0855	0.0867	301490	
row-windows	2026-09-27	mac	rw:sparse:w4-6c:kernel	b35ce8ea5	Mono.Cecil	n=0;t=0;m=1;h=00000011	6	0.0736	0.0731	0.0749	104978	
row-windows	2026-09-27	mac	rw:sparse:w4-6c:kernel	b35ce8ea5	Newtonsoft.Json	n=3;t=11;m=0;h=55625EF8|n=3;t=11;m=0;h=58A9BBA8|n=3;t=11;m=0;h=7A5559DA|n=3;t=11;m=0;h=7DA50232|n=3;t=11;m=0;h=B7BACBED|n=3;t=11;m=0;h=DC9CA3FF	6	0.2376	0.2346	0.2402	798673	
row-windows	2026-09-27	mac	rw:sparse:w4-6c:kernel	b35ce8ea5	System.Text.Json	n=3;t=8;m=0;h=38395D96|n=3;t=8;m=0;h=5163B474|n=3;t=8;m=0;h=57613BC1|n=3;t=8;m=0;h=7081EE70|n=3;t=8;m=0;h=7DC5AE45|n=3;t=8;m=0;h=A93A1F9C	6	0.2099	0.2076	0.2137	788940	
row-windows	2026-09-27	mac	rw:sparse:w4-6c:kernel	b35ce8ea5	NuGet.Packaging	n=3;t=22;m=0;h=1D395073|n=3;t=22;m=0;h=2950964F|n=3;t=22;m=0;h=3CA30579|n=3;t=22;m=0;h=7AD2F548|n=3;t=22;m=0;h=AC59C431|n=3;t=22;m=0;h=FCE46A52	6	0.1086	0.1071	0.1100	276858	
row-windows	2026-09-27	mac	rw:sparse:w4-6c:kernel	b35ce8ea5	Microsoft.CodeAnalysis.CSharp	n=0;t=0;m=1;h=00000011	6	1.4029	1.3838	1.4753	2331407	
row-windows	2026-09-27	mac	rw:sparse:w4-6c:kernel	b35ce8ea5	System.Private.CoreLib	n=3;t=31;m=0;h=41DFA7A9|n=3;t=31;m=0;h=81038213|n=3;t=31;m=0;h=89DCEAA1|n=3;t=31;m=0;h=92847BF7|n=3;t=31;m=0;h=DC6B649D|n=3;t=31;m=0;h=E7F7691F	6	3.3761	3.3339	3.5689	8878444	
row-windows	2026-09-27	mac	rw:sparse:w4-6c:hand	b35ce8ea5	CommandLine	n=0;t=3;m=1;h=00000011	6	0.0645	0.0639	0.0652	259130	
row-windows	2026-09-27	mac	rw:sparse:w4-6c:hand	b35ce8ea5	Humanizer	n=0;t=0;m=1;h=00000011	6	0.0852	0.0836	0.0862	301482	
row-windows	2026-09-27	mac	rw:sparse:w4-6c:hand	b35ce8ea5	Mono.Cecil	n=0;t=0;m=1;h=00000011	6	0.0723	0.0711	0.0729	104970	
row-windows	2026-09-27	mac	rw:sparse:w4-6c:hand	b35ce8ea5	Newtonsoft.Json	n=3;t=11;m=0;h=22ADF16E|n=3;t=11;m=0;h=4A61F399|n=3;t=11;m=0;h=6527735E|n=3;t=11;m=0;h=B4DF6152|n=3;t=11;m=0;h=DE7EF5F9|n=3;t=11;m=0;h=EC09A4D6	6	0.2355	0.2318	0.2400	798672	
row-windows	2026-09-27	mac	rw:sparse:w4-6c:hand	b35ce8ea5	System.Text.Json	n=3;t=8;m=0;h=290B7C22|n=3;t=8;m=0;h=540F4CE3|n=3;t=8;m=0;h=84B73775|n=3;t=8;m=0;h=CF5275C0|n=3;t=8;m=0;h=D64EA686|n=3;t=8;m=0;h=EFFCDA9C	6	0.2104	0.2075	0.2126	788932	
row-windows	2026-09-27	mac	rw:sparse:w4-6c:hand	b35ce8ea5	NuGet.Packaging	n=3;t=22;m=0;h=0E7C6259|n=3;t=22;m=0;h=4BBFDA67|n=3;t=22;m=0;h=5A392CC7|n=3;t=22;m=0;h=60F40FAB|n=3;t=22;m=0;h=B3AD8500|n=3;t=22;m=0;h=E2F66B9B	6	0.1079	0.1057	0.1092	276850	
row-windows	2026-09-27	mac	rw:sparse:w4-6c:hand	b35ce8ea5	Microsoft.CodeAnalysis.CSharp	n=0;t=0;m=1;h=00000011	6	1.3670	1.3507	1.4353	2331398	
row-windows	2026-09-27	mac	rw:sparse:w4-6c:hand	b35ce8ea5	System.Private.CoreLib	n=3;t=31;m=0;h=36F9D219|n=3;t=31;m=0;h=5E3537A6|n=3;t=31;m=0;h=8140F6F3|n=3;t=31;m=0;h=9663EFDF|n=3;t=31;m=0;h=B265D214|n=3;t=31;m=0;h=E8B0C26B	6	3.3735	3.2891	3.4523	8878436	
row-windows	2026-09-27	mac	rw:sparse:all:kernel	b35ce8ea5	CommandLine	n=3;t=-;m=0;h=03437CB7|n=3;t=-;m=0;h=475A7D01|n=3;t=-;m=0;h=63DDED38|n=3;t=-;m=0;h=73F80DC1|n=3;t=-;m=0;h=92D8615A|n=3;t=-;m=0;h=C9C3FB3E	6	0.0670	0.0665	0.0685	267578	
row-windows	2026-09-27	mac	rw:sparse:all:kernel	b35ce8ea5	Humanizer	n=0;t=-;m=0;h=00000011	6	0.0855	0.0849	0.0874	301802	
row-windows	2026-09-27	mac	rw:sparse:all:kernel	b35ce8ea5	Mono.Cecil	n=0;t=-;m=0;h=00000011	6	0.0741	0.0735	0.0756	105290	
row-windows	2026-09-27	mac	rw:sparse:all:kernel	b35ce8ea5	Newtonsoft.Json	n=11;t=-;m=0;h=5C9C65A2|n=11;t=-;m=0;h=77B7B244|n=11;t=-;m=0;h=9D952F0C|n=11;t=-;m=0;h=AEF90E76|n=11;t=-;m=0;h=DA795ABE|n=11;t=-;m=0;h=E5675DB3	6	0.2402	0.2363	0.2517	811433	
row-windows	2026-09-27	mac	rw:sparse:all:kernel	b35ce8ea5	System.Text.Json	n=8;t=-;m=0;h=0264C43C|n=8;t=-;m=0;h=4095A38D|n=8;t=-;m=0;h=4D697F60|n=8;t=-;m=0;h=A0D72F14|n=8;t=-;m=0;h=BF008D7B|n=8;t=-;m=0;h=E51C0B25	6	0.2155	0.2099	0.2184	796508	
row-windows	2026-09-27	mac	rw:sparse:all:kernel	b35ce8ea5	NuGet.Packaging	n=22;t=-;m=0;h=64EEDC4F|n=22;t=-;m=0;h=CA776F33|n=22;t=-;m=0;h=D5FAB6B1|n=22;t=-;m=0;h=E928A2B0|n=22;t=-;m=0;h=EBF5F524|n=22;t=-;m=0;h=F1CB84B8	6	0.1183	0.1165	0.1201	319954	
row-windows	2026-09-27	mac	rw:sparse:all:kernel	b35ce8ea5	Microsoft.CodeAnalysis.CSharp	n=0;t=-;m=0;h=00000011	6	1.4299	1.3834	1.4647	2331719	
row-windows	2026-09-27	mac	rw:sparse:all:kernel	b35ce8ea5	System.Private.CoreLib	n=31;t=-;m=0;h=23A23CD7|n=31;t=-;m=0;h=31F74904|n=31;t=-;m=0;h=3DBF1224|n=31;t=-;m=0;h=68F951AB|n=31;t=-;m=0;h=862A7192|n=31;t=-;m=0;h=9F0F24C3	6	3.4537	3.3726	3.5536	8907652	
row-windows	2026-09-27	mac	rw:sparse:all:hand	b35ce8ea5	CommandLine	n=3;t=-;m=0;h=092AFC71|n=3;t=-;m=0;h=104255C4|n=3;t=-;m=0;h=2832EE8D|n=3;t=-;m=0;h=5C618465|n=3;t=-;m=0;h=AE06143C|n=3;t=-;m=0;h=F0652082	6	0.0665	0.0657	0.0673	267570	
row-windows	2026-09-27	mac	rw:sparse:all:hand	b35ce8ea5	Humanizer	n=0;t=-;m=0;h=00000011	6	0.0854	0.0841	0.0861	301794	
row-windows	2026-09-27	mac	rw:sparse:all:hand	b35ce8ea5	Mono.Cecil	n=0;t=-;m=0;h=00000011	6	0.0721	0.0715	0.0740	105282	
row-windows	2026-09-27	mac	rw:sparse:all:hand	b35ce8ea5	Newtonsoft.Json	n=11;t=-;m=0;h=0F206B3E|n=11;t=-;m=0;h=1527F80F|n=11;t=-;m=0;h=59D63357|n=11;t=-;m=0;h=89835AEA|n=11;t=-;m=0;h=8DF9E8FC|n=11;t=-;m=0;h=9512ADE6	6	0.2414	0.2372	0.2476	811424	
row-windows	2026-09-27	mac	rw:sparse:all:hand	b35ce8ea5	System.Text.Json	n=8;t=-;m=0;h=4866A70C|n=8;t=-;m=0;h=789455B9|n=8;t=-;m=0;h=8B4C3011|n=8;t=-;m=0;h=9DE6E778|n=8;t=-;m=0;h=CD7C0F0E|n=8;t=-;m=0;h=D0321A05	6	0.2116	0.2083	0.2127	796500	
row-windows	2026-09-27	mac	rw:sparse:all:hand	b35ce8ea5	NuGet.Packaging	n=22;t=-;m=0;h=230FFF52|n=22;t=-;m=0;h=581C2392|n=22;t=-;m=0;h=5FD8E5EA|n=22;t=-;m=0;h=88EBE453|n=22;t=-;m=0;h=985E3AC9|n=22;t=-;m=0;h=EC6A0737	6	0.1193	0.1142	0.1230	319946	
row-windows	2026-09-27	mac	rw:sparse:all:hand	b35ce8ea5	Microsoft.CodeAnalysis.CSharp	n=0;t=-;m=0;h=00000011	6	1.3990	1.3451	1.4099	2331711	
row-windows	2026-09-27	mac	rw:sparse:all:hand	b35ce8ea5	System.Private.CoreLib	n=31;t=-;m=0;h=390FD2A8|n=31;t=-;m=0;h=7FF29DE3|n=31;t=-;m=0;h=8E1A1052|n=31;t=-;m=0;h=99559687|n=31;t=-;m=0;h=C59440D5|n=31;t=-;m=0;h=EC27B644	6	3.4116	3.3168	3.5242	8907644	
row-windows	2026-09-27	mac	rw:sparse:all:mat	b35ce8ea5	CommandLine	n=3;t=-;m=0;h=4E5E8E12|n=3;t=-;m=0;h=6028D898|n=3;t=-;m=0;h=7A6EA7DF|n=3;t=-;m=0;h=86C8DDCC|n=3;t=-;m=0;h=B97D1A4C|n=3;t=-;m=0;h=BE5B0019	6	0.0670	0.0652	0.0677	267610	
row-windows	2026-09-27	mac	rw:sparse:all:mat	b35ce8ea5	Humanizer	n=0;t=-;m=0;h=00000011	6	0.0856	0.0837	0.0863	301834	
row-windows	2026-09-27	mac	rw:sparse:all:mat	b35ce8ea5	Mono.Cecil	n=0;t=-;m=0;h=00000011	6	0.0721	0.0710	0.0743	105322	
row-windows	2026-09-27	mac	rw:sparse:all:mat	b35ce8ea5	Newtonsoft.Json	n=11;t=-;m=0;h=2C8D81F8|n=11;t=-;m=0;h=604A2C9D|n=11;t=-;m=0;h=69FF35E7|n=11;t=-;m=0;h=92076989|n=11;t=-;m=0;h=DA2A0E42|n=11;t=-;m=0;h=DBA9953C	6	0.2367	0.2342	0.2418	811468	
row-windows	2026-09-27	mac	rw:sparse:all:mat	b35ce8ea5	System.Text.Json	n=8;t=-;m=0;h=136744ED|n=8;t=-;m=0;h=1BC1D87D|n=8;t=-;m=0;h=3A5529C2|n=8;t=-;m=0;h=5F01740F|n=8;t=-;m=0;h=7DB5914B|n=8;t=-;m=0;h=7DC3E9ED	6	0.2108	0.2073	0.2142	796540	
row-windows	2026-09-27	mac	rw:sparse:all:mat	b35ce8ea5	NuGet.Packaging	n=22;t=-;m=0;h=1A9EF970|n=22;t=-;m=0;h=39CD4B2D|n=22;t=-;m=0;h=5B5E6BCF|n=22;t=-;m=0;h=C9261BAB|n=22;t=-;m=0;h=E2AF030E|n=22;t=-;m=0;h=E979FF75	6	0.1160	0.1133	0.1193	319986	
row-windows	2026-09-27	mac	rw:sparse:all:mat	b35ce8ea5	Microsoft.CodeAnalysis.CSharp	n=0;t=-;m=0;h=00000011	6	1.3680	1.3410	1.4085	2331750	
row-windows	2026-09-27	mac	rw:sparse:all:mat	b35ce8ea5	System.Private.CoreLib	n=31;t=-;m=0;h=431DC1EE|n=31;t=-;m=0;h=4DF4A7B5|n=31;t=-;m=0;h=6AA5FAAB|n=31;t=-;m=0;h=6ADD6FCB|n=31;t=-;m=0;h=E0AFD6C1|n=31;t=-;m=0;h=E81E38C1	6	3.3631	3.3272	3.4738	8907684	
row-windows	2026-09-27	mac	rw:sparse:all:legacy	b35ce8ea5	CommandLine	n=3;t=-;m=0;h=35685F2C|n=3;t=-;m=0;h=820E2D0D|n=3;t=-;m=0;h=9F7DE50C|n=3;t=-;m=0;h=AE2B8994|n=3;t=-;m=0;h=BD7726C7|n=3;t=-;m=0;h=C130514C	6	0.1978	0.1952	0.2032	615353	
row-windows	2026-09-27	mac	rw:sparse:all:legacy	b35ce8ea5	Humanizer	n=0;t=-;m=0;h=00000011	6	0.2166	0.2144	0.2200	761789	
row-windows	2026-09-27	mac	rw:sparse:all:legacy	b35ce8ea5	Mono.Cecil	n=0;t=-;m=0;h=00000011	6	0.2770	0.2711	0.2812	760234	
row-windows	2026-09-27	mac	rw:sparse:all:legacy	b35ce8ea5	Newtonsoft.Json	n=11;t=-;m=0;h=1A4F2316|n=11;t=-;m=0;h=2B97BF5E|n=11;t=-;m=0;h=2FE252C3|n=11;t=-;m=0;h=A9820D5C|n=11;t=-;m=0;h=AFF62987|n=11;t=-;m=0;h=EB7748EF	6	0.5800	0.5660	0.6017	1756356	
row-windows	2026-09-27	mac	rw:sparse:all:legacy	b35ce8ea5	System.Text.Json	n=8;t=-;m=0;h=03D3ACA4|n=8;t=-;m=0;h=44F49959|n=8;t=-;m=0;h=5919C638|n=8;t=-;m=0;h=70D5A6AB|n=8;t=-;m=0;h=7CEA6AB8|n=8;t=-;m=0;h=BE77807B	6	0.5238	0.5080	0.5565	1665876	
row-windows	2026-09-27	mac	rw:sparse:all:legacy	b35ce8ea5	NuGet.Packaging	n=22;t=-;m=0;h=30286CEF|n=22;t=-;m=0;h=33FA9E08|n=22;t=-;m=0;h=49F9F845|n=22;t=-;m=0;h=5AADF197|n=22;t=-;m=0;h=7E367C6F|n=22;t=-;m=0;h=A11B3334	6	0.5222	0.5045	0.5473	1493280	
row-windows	2026-09-27	mac	rw:sparse:all:legacy	b35ce8ea5	Microsoft.CodeAnalysis.CSharp	n=0;t=-;m=0;h=00000011	6	4.3524	4.1262	4.5490	9857570	
row-windows	2026-09-27	mac	rw:sparse:all:legacy	b35ce8ea5	System.Private.CoreLib	n=31;t=-;m=0;h=1F1FDEB3|n=31;t=-;m=0;h=43C93611|n=31;t=-;m=0;h=9B61152D|n=31;t=-;m=0;h=BBC950F1|n=31;t=-;m=0;h=E5F2F879|n=31;t=-;m=0;h=F194345A	6	16.3023	15.0497	24.8186	36612741	
row-windows	2026-09-27	mac	rw:dense:head6:kernel	b35ce8ea5	CommandLine	n=6;t=-;m=0;h=02E162B7|n=6;t=-;m=0;h=1A42C6D3|n=6;t=-;m=0;h=79A42991|n=6;t=-;m=0;h=A0D5B8F1|n=6;t=-;m=0;h=F009320D|n=6;t=-;m=0;h=F1D685E8	6	0.0037	0.0036	0.0037	11850	
row-windows	2026-09-27	mac	rw:dense:head6:kernel	b35ce8ea5	Humanizer	n=6;t=-;m=0;h=1A4C172A|n=6;t=-;m=0;h=829C71F6|n=6;t=-;m=0;h=A24B78E8|n=6;t=-;m=0;h=A7C2EF04|n=6;t=-;m=0;h=B6817F2C|n=6;t=-;m=0;h=C7B126B5	6	0.0030	0.0030	0.0031	9778	
row-windows	2026-09-27	mac	rw:dense:head6:kernel	b35ce8ea5	Mono.Cecil	n=6;t=-;m=0;h=45CC91D3|n=6;t=-;m=0;h=463BD28C|n=6;t=-;m=0;h=84C1F128|n=6;t=-;m=0;h=DBD8B100|n=6;t=-;m=0;h=F1BBEBAB|n=6;t=-;m=0;h=F8BE03CF	6	0.0029	0.0029	0.0030	9386	
row-windows	2026-09-27	mac	rw:dense:head6:kernel	b35ce8ea5	Newtonsoft.Json	n=6;t=-;m=0;h=17DA30EF|n=6;t=-;m=0;h=4B644E63|n=6;t=-;m=0;h=A595D1B8|n=6;t=-;m=0;h=BA7E02FA|n=6;t=-;m=0;h=D00D4953|n=6;t=-;m=0;h=DC07D3C2	6	0.0030	0.0029	0.0030	9578	
row-windows	2026-09-27	mac	rw:dense:head6:kernel	b35ce8ea5	System.Text.Json	n=6;t=-;m=0;h=35A48E86|n=6;t=-;m=0;h=865C70F9|n=6;t=-;m=0;h=8D8A1DCA|n=6;t=-;m=0;h=A3ED37D0|n=6;t=-;m=0;h=A5838817|n=6;t=-;m=0;h=B6390479	6	0.0037	0.0037	0.0039	9906	
row-windows	2026-09-27	mac	rw:dense:head6:kernel	b35ce8ea5	NuGet.Packaging	n=6;t=-;m=0;h=05A3B4C5|n=6;t=-;m=0;h=3CDE2FCB|n=6;t=-;m=0;h=4865AC5B|n=6;t=-;m=0;h=AF0D513F|n=6;t=-;m=0;h=B04A30F9|n=6;t=-;m=0;h=F039A75F	6	0.0037	0.0037	0.0038	12786	
row-windows	2026-09-27	mac	rw:dense:head6:kernel	b35ce8ea5	Microsoft.CodeAnalysis.CSharp	n=6;t=-;m=0;h=08009EB0|n=6;t=-;m=0;h=09B1625D|n=6;t=-;m=0;h=5FDD95A5|n=6;t=-;m=0;h=62B2504C|n=6;t=-;m=0;h=C526E948|n=6;t=-;m=0;h=F8B8FF38	6	0.0028	0.0028	0.0029	9122	
row-windows	2026-09-27	mac	rw:dense:head6:kernel	b35ce8ea5	System.Private.CoreLib	n=6;t=-;m=0;h=2A10C85A|n=6;t=-;m=0;h=454C633B|n=6;t=-;m=0;h=58F32F59|n=6;t=-;m=0;h=76A9EB59|n=6;t=-;m=0;h=A333D688|n=6;t=-;m=0;h=EB5DB992	6	0.0040	0.0039	0.0041	8746	
row-windows	2026-09-27	annies-mac-mini	rw:dense:head6:hand	b35ce8ea5	CommandLine	n=6;t=-;m=0;h=02316BD4|n=6;t=-;m=0;h=30809A06|n=6;t=-;m=0;h=439A2864|n=6;t=-;m=0;h=A60A9A00|n=6;t=-;m=0;h=C0262A75|n=6;t=-;m=0;h=FC4D7ABC	6	0.0037	0.0036	0.0056	11842	
row-windows	2026-09-27	annies-mac-mini	rw:dense:head6:hand	b35ce8ea5	Humanizer	n=6;t=-;m=0;h=10921450|n=6;t=-;m=0;h=5B5235BF|n=6;t=-;m=0;h=7B37CA57|n=6;t=-;m=0;h=939EAE61|n=6;t=-;m=0;h=95156E38|n=6;t=-;m=0;h=AEAE1275	6	0.0030	0.0029	0.0033	9770	
row-windows	2026-09-27	annies-mac-mini	rw:dense:head6:hand	b35ce8ea5	Mono.Cecil	n=6;t=-;m=0;h=00C6F63E|n=6;t=-;m=0;h=5E697B29|n=6;t=-;m=0;h=8CB495D4|n=6;t=-;m=0;h=983F26C9|n=6;t=-;m=0;h=D383CBAD|n=6;t=-;m=0;h=DDD6C22C	6	0.0029	0.0027	0.0030	9378	
row-windows	2026-09-27	annies-mac-mini	rw:dense:head6:hand	b35ce8ea5	Newtonsoft.Json	n=6;t=-;m=0;h=33CA9CBF|n=6;t=-;m=0;h=B1F5D4F9|n=6;t=-;m=0;h=C6F33C24|n=6;t=-;m=0;h=DFF6EBA1|n=6;t=-;m=0;h=F4D3B1CA|n=6;t=-;m=0;h=FFDFFA2C	6	0.0029	0.0027	0.0030	9570	
row-windows	2026-09-27	annies-mac-mini	rw:dense:head6:hand	b35ce8ea5	System.Text.Json	n=6;t=-;m=0;h=30D18B7D|n=6;t=-;m=0;h=3A21A114|n=6;t=-;m=0;h=94C95E58|n=6;t=-;m=0;h=9FB8EEE0|n=6;t=-;m=0;h=C257144D|n=6;t=-;m=0;h=FFB0916D	6	0.0035	0.0032	0.0035	9898	
row-windows	2026-09-27	annies-mac-mini	rw:dense:head6:hand	b35ce8ea5	NuGet.Packaging	n=6;t=-;m=0;h=0CB25DCA|n=6;t=-;m=0;h=1BD795DE|n=6;t=-;m=0;h=85150B91|n=6;t=-;m=0;h=9AF0E357|n=6;t=-;m=0;h=B97B2BBF|n=6;t=-;m=0;h=DA24A06E	6	0.0037	0.0034	0.0037	12778	
row-windows	2026-09-27	annies-mac-mini	rw:dense:head6:hand	b35ce8ea5	Microsoft.CodeAnalysis.CSharp	n=6;t=-;m=0;h=12A40F30|n=6;t=-;m=0;h=AB5E608A|n=6;t=-;m=0;h=BB932D59|n=6;t=-;m=0;h=C4C40993|n=6;t=-;m=0;h=C808D5A1|n=6;t=-;m=0;h=F9A38D95	6	0.0028	0.0026	0.0029	9114	
row-windows	2026-09-27	annies-mac-mini	rw:dense:head6:hand	b35ce8ea5	System.Private.CoreLib	n=6;t=-;m=0;h=6158FF8D|n=6;t=-;m=0;h=6F679520|n=6;t=-;m=0;h=962D740A|n=6;t=-;m=0;h=AEE6B009|n=6;t=-;m=0;h=BD6BE08D|n=6;t=-;m=0;h=BF9FC020	6	0.0037	0.0034	0.0037	8738	
row-windows	2026-09-27	annies-mac-mini	rw:dense:w4-6:kernel	b35ce8ea5	CommandLine	n=3;t=-;m=0;h=18CADFF4|n=3;t=-;m=0;h=706DF124|n=3;t=-;m=0;h=8465A36A|n=3;t=-;m=0;h=C9558198|n=3;t=-;m=0;h=EE981A78|n=3;t=-;m=0;h=F9C727BA	6	0.0029	0.0026	0.0029	8722	
row-windows	2026-09-27	annies-mac-mini	rw:dense:w4-6:kernel	b35ce8ea5	Humanizer	n=3;t=-;m=0;h=0DF17E18|n=3;t=-;m=0;h=2138392E|n=3;t=-;m=0;h=305AD854|n=3;t=-;m=0;h=41AC960F|n=3;t=-;m=0;h=65C17D27|n=3;t=-;m=0;h=876DA9A6	6	0.0024	0.0022	0.0025	7306	
row-windows	2026-09-27	annies-mac-mini	rw:dense:w4-6:kernel	b35ce8ea5	Mono.Cecil	n=3;t=-;m=0;h=3518CBFA|n=3;t=-;m=0;h=3F27A317|n=3;t=-;m=0;h=6ADFCF8A|n=3;t=-;m=0;h=A1D91443|n=3;t=-;m=0;h=B6AF98BA|n=3;t=-;m=0;h=E8F72655	6	0.0024	0.0021	0.0024	6898	
row-windows	2026-09-27	annies-mac-mini	rw:dense:w4-6:kernel	b35ce8ea5	Newtonsoft.Json	n=3;t=-;m=0;h=3193F1B7|n=3;t=-;m=0;h=4EC16C4A|n=3;t=-;m=0;h=6A14A204|n=3;t=-;m=0;h=EC8B56B9|n=3;t=-;m=0;h=FD0466A3|n=3;t=-;m=0;h=FD87DE65	6	0.0024	0.0022	0.0025	7218	
row-windows	2026-09-27	annies-mac-mini	rw:dense:w4-6:kernel	b35ce8ea5	System.Text.Json	n=3;t=-;m=0;h=0C4E3D6A|n=3;t=-;m=0;h=13347060|n=3;t=-;m=0;h=35D20246|n=3;t=-;m=0;h=434074EE|n=3;t=-;m=0;h=A8D12DCD|n=3;t=-;m=0;h=CA0D91DA	6	0.0031	0.0028	0.0031	6994	
row-windows	2026-09-27	annies-mac-mini	rw:dense:w4-6:kernel	b35ce8ea5	NuGet.Packaging	n=3;t=-;m=0;h=202EC5E4|n=3;t=-;m=0;h=3798D371|n=3;t=-;m=0;h=38EA1A9E|n=3;t=-;m=0;h=905E9C46|n=3;t=-;m=0;h=AFD6408E|n=3;t=-;m=0;h=DAE90104	6	0.0024	0.0022	0.0024	6714	
row-windows	2026-09-27	annies-mac-mini	rw:dense:w4-6:kernel	b35ce8ea5	Microsoft.CodeAnalysis.CSharp	n=3;t=-;m=0;h=08D6C74C|n=3;t=-;m=0;h=364CEFF9|n=3;t=-;m=0;h=5D4481D9|n=3;t=-;m=0;h=613A49DA|n=3;t=-;m=0;h=61E29EEB|n=3;t=-;m=0;h=E16DB1BD	6	0.0024	0.0022	0.0024	7010	
row-windows	2026-09-27	annies-mac-mini	rw:dense:w4-6:kernel	b35ce8ea5	System.Private.CoreLib	n=3;t=-;m=0;h=1C059530|n=3;t=-;m=0;h=1EDF6802|n=3;t=-;m=0;h=384426C3|n=3;t=-;m=0;h=651B201A|n=3;t=-;m=0;h=9596666C|n=3;t=-;m=0;h=C2445E11	6	0.0034	0.0031	0.0034	6474	
row-windows	2026-09-27	annies-mac-mini	rw:dense:w4-6:hand	b35ce8ea5	CommandLine	n=3;t=-;m=0;h=02E0A7F0|n=3;t=-;m=0;h=36872DDE|n=3;t=-;m=0;h=6F4FE3F7|n=3;t=-;m=0;h=A3D33190|n=3;t=-;m=0;h=AE3686AD|n=3;t=-;m=0;h=FA0FCFE9	6	0.0029	0.0027	0.0029	8714	
row-windows	2026-09-27	annies-mac-mini	rw:dense:w4-6:hand	b35ce8ea5	Humanizer	n=3;t=-;m=0;h=19657A20|n=3;t=-;m=0;h=711CD13E|n=3;t=-;m=0;h=B409969E|n=3;t=-;m=0;h=B658CADE|n=3;t=-;m=0;h=D4EF407D|n=3;t=-;m=0;h=F0DFC11C	6	0.0024	0.0022	0.0025	7298	
row-windows	2026-09-27	annies-mac-mini	rw:dense:w4-6:hand	b35ce8ea5	Mono.Cecil	n=3;t=-;m=0;h=018DA57E|n=3;t=-;m=0;h=0CA6EEDD|n=3;t=-;m=0;h=13D3EC9D|n=3;t=-;m=0;h=470C5F5F|n=3;t=-;m=0;h=D1C70B4E|n=3;t=-;m=0;h=D91CD0C5	6	0.0024	0.0022	0.0024	6890	
row-windows	2026-09-27	annies-mac-mini	rw:dense:w4-6:hand	b35ce8ea5	Newtonsoft.Json	n=3;t=-;m=0;h=01F686B0|n=3;t=-;m=0;h=2AC802E5|n=3;t=-;m=0;h=837EB42C|n=3;t=-;m=0;h=883136C6|n=3;t=-;m=0;h=D9DAA7F2|n=3;t=-;m=0;h=EDA327B6	6	0.0024	0.0022	0.0025	7210	
row-windows	2026-09-27	annies-mac-mini	rw:dense:w4-6:hand	b35ce8ea5	System.Text.Json	n=3;t=-;m=0;h=2BF96E24|n=3;t=-;m=0;h=44C0A5F3|n=3;t=-;m=0;h=4B06DCE3|n=3;t=-;m=0;h=7CAD475E|n=3;t=-;m=0;h=BCDD90D1|n=3;t=-;m=0;h=FB7A3965	6	0.0029	0.0027	0.0029	6986	
row-windows	2026-09-27	annies-mac-mini	rw:dense:w4-6:hand	b35ce8ea5	NuGet.Packaging	n=3;t=-;m=0;h=2A42127A|n=3;t=-;m=0;h=3C3AD0E5|n=3;t=-;m=0;h=6BA526F6|n=3;t=-;m=0;h=84D1B299|n=3;t=-;m=0;h=90802457|n=3;t=-;m=0;h=D5908FD0	6	0.0024	0.0022	0.0024	6706	
row-windows	2026-09-27	annies-mac-mini	rw:dense:w4-6:hand	b35ce8ea5	Microsoft.CodeAnalysis.CSharp	n=3;t=-;m=0;h=01E9D63E|n=3;t=-;m=0;h=0BC79B10|n=3;t=-;m=0;h=A2D03E32|n=3;t=-;m=0;h=BBCA791D|n=3;t=-;m=0;h=E7637BFD|n=3;t=-;m=0;h=E9773487	6	0.0024	0.0022	0.0024	7002	
row-windows	2026-09-27	annies-mac-mini	rw:dense:w4-6:hand	b35ce8ea5	System.Private.CoreLib	n=3;t=-;m=0;h=2119F1A4|n=3;t=-;m=0;h=37882B06|n=3;t=-;m=0;h=400BF540|n=3;t=-;m=0;h=98CFD7F8|n=3;t=-;m=0;h=D157793C|n=3;t=-;m=0;h=FEB2D146	6	0.0032	0.0029	0.0032	6466	
row-windows	2026-09-27	annies-mac-mini	rw:dense:w100-110:kernel	b35ce8ea5	CommandLine	n=11;t=-;m=0;h=14B0B33B|n=11;t=-;m=0;h=1FD05328|n=11;t=-;m=0;h=8C88A170|n=11;t=-;m=0;h=C00297BF|n=11;t=-;m=0;h=D3DEAF28|n=11;t=-;m=0;h=FED0D5C2	6	0.0080	0.0075	0.0080	22026	
row-windows	2026-09-27	annies-mac-mini	rw:dense:w100-110:kernel	b35ce8ea5	Humanizer	n=11;t=-;m=0;h=0425D396|n=11;t=-;m=0;h=1F6271F6|n=11;t=-;m=0;h=6EBF6E63|n=11;t=-;m=0;h=88458457|n=11;t=-;m=0;h=B5061EE2|n=11;t=-;m=0;h=CA66BE82	6	0.0062	0.0060	0.0062	15682	
row-windows	2026-09-27	annies-mac-mini	rw:dense:w100-110:kernel	b35ce8ea5	Mono.Cecil	n=11;t=-;m=0;h=0444C274|n=11;t=-;m=0;h=2FB6E04B|n=11;t=-;m=0;h=770C0338|n=11;t=-;m=0;h=A7F525C5|n=11;t=-;m=0;h=DE84B298|n=11;t=-;m=0;h=E5606868	6	0.0072	0.0071	0.0073	18970	
row-windows	2026-09-27	annies-mac-mini	rw:dense:w100-110:kernel	b35ce8ea5	Newtonsoft.Json	n=11;t=-;m=0;h=3A777B66|n=11;t=-;m=0;h=5C8DE827|n=11;t=-;m=0;h=72F5B1A2|n=11;t=-;m=0;h=8AD1CE71|n=11;t=-;m=0;h=D8E019EF|n=11;t=-;m=0;h=F2A0D59A	6	0.0081	0.0080	0.0081	19834	
row-windows	2026-09-27	annies-mac-mini	rw:dense:w100-110:kernel	b35ce8ea5	System.Text.Json	n=11;t=-;m=0;h=05C362B4|n=11;t=-;m=0;h=2ADF6AAE|n=11;t=-;m=0;h=791F52BC|n=11;t=-;m=0;h=9B11A777|n=11;t=-;m=0;h=A528A6C1|n=11;t=-;m=0;h=AA6DA719	6	0.0077	0.0071	0.0078	22034	
row-windows	2026-09-27	annies-mac-mini	rw:dense:w100-110:kernel	b35ce8ea5	NuGet.Packaging	n=11;t=-;m=0;h=1306C0A0|n=11;t=-;m=0;h=16451E1D|n=11;t=-;m=0;h=5B419340|n=11;t=-;m=0;h=6087DA20|n=11;t=-;m=0;h=77FA8DAA|n=11;t=-;m=0;h=8806AB49	6	0.0072	0.0071	0.0073	18570	
row-windows	2026-09-27	annies-mac-mini	rw:dense:w100-110:kernel	b35ce8ea5	Microsoft.CodeAnalysis.CSharp	n=11;t=-;m=0;h=61C1E5A6|n=11;t=-;m=0;h=8935A551|n=11;t=-;m=0;h=A39E71AF|n=11;t=-;m=0;h=DFC5D63E|n=11;t=-;m=0;h=E88248DA|n=11;t=-;m=0;h=FF7EE90E	6	0.0126	0.0126	0.0127	19242	
row-windows	2026-09-27	annies-mac-mini	rw:dense:w100-110:kernel	b35ce8ea5	System.Private.CoreLib	n=11;t=-;m=0;h=4DDC7C17|n=11;t=-;m=0;h=51BFBCCF|n=11;t=-;m=0;h=52DA6A7E|n=11;t=-;m=0;h=A4E3E0E8|n=11;t=-;m=0;h=BA08BD9E|n=11;t=-;m=0;h=BBD69F75	6	0.0072	0.0072	0.0073	13458	
row-windows	2026-09-27	annies-mac-mini	rw:dense:w100-110:hand	b35ce8ea5	CommandLine	n=11;t=-;m=0;h=06A89ABE|n=11;t=-;m=0;h=32BB0189|n=11;t=-;m=0;h=731B136A|n=11;t=-;m=0;h=BE9A3DF2|n=11;t=-;m=0;h=BF7EAE0B|n=11;t=-;m=0;h=C98A2813	6	0.0080	0.0073	0.0080	22018	
row-windows	2026-09-27	annies-mac-mini	rw:dense:w100-110:hand	b35ce8ea5	Humanizer	n=11;t=-;m=0;h=12E32E71|n=11;t=-;m=0;h=3BBEF1C1|n=11;t=-;m=0;h=A3B3C5FF|n=11;t=-;m=0;h=C2D967E0|n=11;t=-;m=0;h=DEBA801E|n=11;t=-;m=0;h=E28FB0A4	6	0.0062	0.0057	0.0062	15674	
row-windows	2026-09-27	annies-mac-mini	rw:dense:w100-110:hand	b35ce8ea5	Mono.Cecil	n=11;t=-;m=0;h=20E7FA23|n=11;t=-;m=0;h=85687F6C|n=11;t=-;m=0;h=91958E5C|n=11;t=-;m=0;h=99A03A85|n=11;t=-;m=0;h=D81A00AC|n=11;t=-;m=0;h=F239DFA5	6	0.0072	0.0067	0.0072	18962	
row-windows	2026-09-27	annies-mac-mini	rw:dense:w100-110:hand	b35ce8ea5	Newtonsoft.Json	n=11;t=-;m=0;h=0B5616E9|n=11;t=-;m=0;h=85A1BECE|n=11;t=-;m=0;h=8D54015E|n=11;t=-;m=0;h=D6813BC1|n=11;t=-;m=0;h=EFA89460|n=11;t=-;m=0;h=FEA72521	6	0.0080	0.0075	0.0081	19826	
row-windows	2026-09-27	annies-mac-mini	rw:dense:w100-110:hand	b35ce8ea5	System.Text.Json	n=11;t=-;m=0;h=2D5D8539|n=11;t=-;m=0;h=725A1583|n=11;t=-;m=0;h=BF6855AF|n=11;t=-;m=0;h=CEF19233|n=11;t=-;m=0;h=E0E50547|n=11;t=-;m=0;h=E6A80057	6	0.0075	0.0068	0.0075	22026	
row-windows	2026-09-27	annies-mac-mini	rw:dense:w100-110:hand	b35ce8ea5	NuGet.Packaging	n=11;t=-;m=0;h=3C3D6CDC|n=11;t=-;m=0;h=592FB090|n=11;t=-;m=0;h=649E89D9|n=11;t=-;m=0;h=BF077DCA|n=11;t=-;m=0;h=EF81CDE9|n=11;t=-;m=0;h=F5CD96B8	6	0.0072	0.0066	0.0072	18562	
row-windows	2026-09-27	annies-mac-mini	rw:dense:w100-110:hand	b35ce8ea5	Microsoft.CodeAnalysis.CSharp	n=11;t=-;m=0;h=78475F54|n=11;t=-;m=0;h=871549ED|n=11;t=-;m=0;h=899246F9|n=11;t=-;m=0;h=9B210C6E|n=11;t=-;m=0;h=C2D8960A|n=11;t=-;m=0;h=D295CBBD	6	0.0110	0.0104	0.0111	19234	
row-windows	2026-09-27	annies-mac-mini	rw:dense:w100-110:hand	b35ce8ea5	System.Private.CoreLib	n=11;t=-;m=0;h=05631400|n=11;t=-;m=0;h=14A899D1|n=11;t=-;m=0;h=298AAE57|n=11;t=-;m=0;h=3D291FE0|n=11;t=-;m=0;h=434CD0D8|n=11;t=-;m=0;h=F36D32FD	6	0.0070	0.0069	0.0070	13450	
row-windows	2026-09-27	annies-mac-mini	rw:dense:w1000-1010:kernel	b35ce8ea5	CommandLine	n=0;t=-;m=1;h=00000011	6	0.0127	0.0126	0.0127	4858	
row-windows	2026-09-27	annies-mac-mini	rw:dense:w1000-1010:kernel	b35ce8ea5	Humanizer	n=0;t=-;m=1;h=00000011	6	0.0206	0.0205	0.0207	4858	
row-windows	2026-09-27	annies-mac-mini	rw:dense:w1000-1010:kernel	b35ce8ea5	Mono.Cecil	n=0;t=-;m=1;h=00000011	6	0.0388	0.0387	0.0391	4858	
row-windows	2026-09-27	annies-mac-mini	rw:dense:w1000-1010:kernel	b35ce8ea5	Newtonsoft.Json	n=11;t=-;m=0;h=069A4EAD|n=11;t=-;m=0;h=25A6B22C|n=11;t=-;m=0;h=626C4D7E|n=11;t=-;m=0;h=A29FA7A5|n=11;t=-;m=0;h=A328A6C4|n=11;t=-;m=0;h=D563D9D2	6	0.0343	0.0341	0.0344	16282	
row-windows	2026-09-27	annies-mac-mini	rw:dense:w1000-1010:kernel	b35ce8ea5	System.Text.Json	n=11;t=-;m=0;h=46320142|n=11;t=-;m=0;h=4BBACCD7|n=11;t=-;m=0;h=6BCAB82A|n=11;t=-;m=0;h=89194EC5|n=11;t=-;m=0;h=965A6EDE|n=11;t=-;m=0;h=CAC5B730	6	0.0316	0.0314	0.0317	20690	
row-windows	2026-09-27	annies-mac-mini	rw:dense:w1000-1010:kernel	b35ce8ea5	NuGet.Packaging	n=0;t=-;m=1;h=00000011	6	0.0364	0.0363	0.0367	4858	
row-windows	2026-09-27	annies-mac-mini	rw:dense:w1000-1010:kernel	b35ce8ea5	Microsoft.CodeAnalysis.CSharp	n=11;t=-;m=0;h=227AE717|n=11;t=-;m=0;h=29E3218D|n=11;t=-;m=0;h=4746A8BF|n=11;t=-;m=0;h=BF77087E|n=11;t=-;m=0;h=D79CE11D|n=11;t=-;m=0;h=EA02F57D	6	0.0418	0.0414	0.0420	19018	
row-windows	2026-09-27	annies-mac-mini	rw:dense:w1000-1010:kernel	b35ce8ea5	System.Private.CoreLib	n=11;t=-;m=0;h=4448AA20|n=11;t=-;m=0;h=6A261C7B|n=11;t=-;m=0;h=72A21395|n=11;t=-;m=0;h=799FB9B2|n=11;t=-;m=0;h=CBCBA581|n=11;t=-;m=0;h=FD70925E	6	0.0297	0.0295	0.0300	14802	
row-windows	2026-09-27	annies-mac-mini	rw:dense:w1000-1010:hand	b35ce8ea5	CommandLine	n=0;t=-;m=1;h=00000011	6	0.0122	0.0120	0.0123	4850	
row-windows	2026-09-27	annies-mac-mini	rw:dense:w1000-1010:hand	b35ce8ea5	Humanizer	n=0;t=-;m=1;h=00000011	6	0.0198	0.0197	0.0199	4850	
row-windows	2026-09-27	annies-mac-mini	rw:dense:w1000-1010:hand	b35ce8ea5	Mono.Cecil	n=0;t=-;m=1;h=00000011	6	0.0369	0.0366	0.0370	4850	
row-windows	2026-09-27	annies-mac-mini	rw:dense:w1000-1010:hand	b35ce8ea5	Newtonsoft.Json	n=11;t=-;m=0;h=37554212|n=11;t=-;m=0;h=3DE2D231|n=11;t=-;m=0;h=6D685219|n=11;t=-;m=0;h=ADBF18E6|n=11;t=-;m=0;h=DF6F0E03|n=11;t=-;m=0;h=E5BFA0CE	6	0.0333	0.0330	0.0333	16274	
row-windows	2026-09-27	annies-mac-mini	rw:dense:w1000-1010:hand	b35ce8ea5	System.Text.Json	n=11;t=-;m=0;h=20319BEA|n=11;t=-;m=0;h=4C7993C6|n=11;t=-;m=0;h=99CE6631|n=11;t=-;m=0;h=9D085193|n=11;t=-;m=0;h=C209A668|n=11;t=-;m=0;h=F5008362	6	0.0301	0.0300	0.0305	20682	
row-windows	2026-09-27	annies-mac-mini	rw:dense:w1000-1010:hand	b35ce8ea5	NuGet.Packaging	n=0;t=-;m=1;h=00000011	6	0.0344	0.0342	0.0347	4850	
row-windows	2026-09-27	annies-mac-mini	rw:dense:w1000-1010:hand	b35ce8ea5	Microsoft.CodeAnalysis.CSharp	n=11;t=-;m=0;h=02796B6C|n=11;t=-;m=0;h=059A32DB|n=11;t=-;m=0;h=1FCFE884|n=11;t=-;m=0;h=BAC9C9F5|n=11;t=-;m=0;h=BDFF1908|n=11;t=-;m=0;h=FFC5BA51	6	0.0382	0.0380	0.0384	19010	
row-windows	2026-09-27	annies-mac-mini	rw:dense:w1000-1010:hand	b35ce8ea5	System.Private.CoreLib	n=11;t=-;m=0;h=299645A3|n=11;t=-;m=0;h=37D2710D|n=11;t=-;m=0;h=41A90B53|n=11;t=-;m=0;h=68881F64|n=11;t=-;m=0;h=78888132|n=11;t=-;m=0;h=8D9F17C5	6	0.0283	0.0281	0.0287	14794	
row-windows	2026-09-27	annies-mac-mini	rw:dense:w4-6c:kernel	b35ce8ea5	CommandLine	n=3;t=403;m=0;h=586396D6|n=3;t=403;m=0;h=89DA231C|n=3;t=403;m=0;h=D934AA6E|n=3;t=403;m=0;h=DA65C76A|n=3;t=403;m=0;h=DED98CA4|n=3;t=403;m=0;h=FC061941	6	0.0135	0.0135	0.0136	8754	
row-windows	2026-09-27	annies-mac-mini	rw:dense:w4-6c:kernel	b35ce8ea5	Humanizer	n=3;t=735;m=0;h=458A9A02|n=3;t=735;m=0;h=4FA83929|n=3;t=735;m=0;h=9B02BDF6|n=3;t=735;m=0;h=C8CC8D25|n=3;t=735;m=0;h=E75BC0AF|n=3;t=735;m=0;h=F077A4E9	6	0.0212	0.0211	0.0213	7338	
row-windows	2026-09-27	annies-mac-mini	rw:dense:w4-6c:kernel	b35ce8ea5	Mono.Cecil	n=3;t=992;m=0;h=2D7D2475|n=3;t=992;m=0;h=75E44F9F|n=3;t=992;m=0;h=A679C3A3|n=3;t=992;m=0;h=B03595D5|n=3;t=992;m=0;h=B105BCCD|n=3;t=992;m=0;h=D67B977C	6	0.0394	0.0393	0.0395	6930	
row-windows	2026-09-27	annies-mac-mini	rw:dense:w4-6c:kernel	b35ce8ea5	Newtonsoft.Json	n=3;t=1509;m=0;h=1AD86837|n=3;t=1509;m=0;h=29E0C37B|n=3;t=1509;m=0;h=48563AD0|n=3;t=1509;m=0;h=9087AE8B|n=3;t=1509;m=0;h=A4BAEE77|n=3;t=1509;m=0;h=E0781B2B	6	0.0471	0.0468	0.0472	7250	
row-windows	2026-09-27	annies-mac-mini	rw:dense:w4-6c:kernel	b35ce8ea5	System.Text.Json	n=3;t=1337;m=0;h=3C8EB20F|n=3;t=1337;m=0;h=8719B2C7|n=3;t=1337;m=0;h=9E6FCA61|n=3;t=1337;m=0;h=AC97B500|n=3;t=1337;m=0;h=D01A7197|n=3;t=1337;m=0;h=ED81CCDD	6	0.0405	0.0404	0.0406	7026	
row-windows	2026-09-27	annies-mac-mini	rw:dense:w4-6c:kernel	b35ce8ea5	NuGet.Packaging	n=3;t=999;m=0;h=0BF9368D|n=3;t=999;m=0;h=1B56CD08|n=3;t=999;m=0;h=1C1B37F9|n=3;t=999;m=0;h=53E27162|n=3;t=999;m=0;h=92B4DBE3|n=3;t=999;m=0;h=BE7B2CC5	6	0.0372	0.0370	0.0373	6746	
row-windows	2026-09-27	annies-mac-mini	rw:dense:w4-6c:kernel	b35ce8ea5	Microsoft.CodeAnalysis.CSharp	n=3;t=13161;m=0;h=33417983|n=3;t=13161;m=0;h=4545EEA5|n=3;t=13161;m=0;h=6DDC5586|n=3;t=13161;m=0;h=77274601|n=3;t=13161;m=0;h=C1000D1E|n=3;t=13161;m=0;h=ECA253D2	6	0.4053	0.3991	0.4059	7050	
row-windows	2026-09-27	annies-mac-mini	rw:dense:w4-6c:kernel	b35ce8ea5	System.Private.CoreLib	n=3;t=22475;m=0;h=0C128ABA|n=3;t=22475;m=0;h=8F0E3E96|n=3;t=22475;m=0;h=B203AA12|n=3;t=22475;m=0;h=B71D7DA0|n=3;t=22475;m=0;h=BB0F7EBE|n=3;t=22475;m=0;h=D16F5509	6	0.4999	0.4917	0.5007	6504	
row-windows	2026-09-27	annies-mac-mini	rw:dense:w4-6c:hand	b35ce8ea5	CommandLine	n=3;t=403;m=0;h=1C53F2AC|n=3;t=403;m=0;h=3D4B8B91|n=3;t=403;m=0;h=7C3A83E2|n=3;t=403;m=0;h=886F7286|n=3;t=403;m=0;h=92E2F2C8|n=3;t=403;m=0;h=FCC520D7	6	0.0133	0.0133	0.0134	8746	
row-windows	2026-09-27	annies-mac-mini	rw:dense:w4-6c:hand	b35ce8ea5	Humanizer	n=3;t=735;m=0;h=1CCA6022|n=3;t=735;m=0;h=443B73B1|n=3;t=735;m=0;h=70A12810|n=3;t=735;m=0;h=82C1A8E5|n=3;t=735;m=0;h=877AAA10|n=3;t=735;m=0;h=8790EDC2	6	0.0207	0.0206	0.0207	7330	
row-windows	2026-09-27	annies-mac-mini	rw:dense:w4-6c:hand	b35ce8ea5	Mono.Cecil	n=3;t=992;m=0;h=0CB4A775|n=3;t=992;m=0;h=4F045042|n=3;t=992;m=0;h=7E43FF04|n=3;t=992;m=0;h=8413A687|n=3;t=992;m=0;h=91E7FFAD|n=3;t=992;m=0;h=D2BDAB39	6	0.0379	0.0377	0.0381	6922	
row-windows	2026-09-27	annies-mac-mini	rw:dense:w4-6c:hand	b35ce8ea5	Newtonsoft.Json	n=3;t=1509;m=0;h=5DB148CA|n=3;t=1509;m=0;h=6CFB5C48|n=3;t=1509;m=0;h=A0AE3E92|n=3;t=1509;m=0;h=AC1ED22E|n=3;t=1509;m=0;h=F1403007|n=3;t=1509;m=0;h=FD780AE9	6	0.0451	0.0450	0.0455	7242	
row-windows	2026-09-27	annies-mac-mini	rw:dense:w4-6c:hand	b35ce8ea5	System.Text.Json	n=3;t=1337;m=0;h=13B37CDA|n=3;t=1337;m=0;h=5A6A3046|n=3;t=1337;m=0;h=79529B5E|n=3;t=1337;m=0;h=7ED59826|n=3;t=1337;m=0;h=A119DF45|n=3;t=1337;m=0;h=B5317934	6	0.0387	0.0383	0.0389	7018	
row-windows	2026-09-27	annies-mac-mini	rw:dense:w4-6c:hand	b35ce8ea5	NuGet.Packaging	n=3;t=999;m=0;h=08E0FEB4|n=3;t=999;m=0;h=43D2BA1B|n=3;t=999;m=0;h=675C2456|n=3;t=999;m=0;h=9B254434|n=3;t=999;m=0;h=9D0BEF2E|n=3;t=999;m=0;h=DE0E474E	6	0.0355	0.0352	0.0359	6738	
row-windows	2026-09-27	annies-mac-mini	rw:dense:w4-6c:hand	b35ce8ea5	Microsoft.CodeAnalysis.CSharp	n=3;t=13161;m=0;h=1E989707|n=3;t=13161;m=0;h=4C6496F9|n=3;t=13161;m=0;h=53D39D1E|n=3;t=13161;m=0;h=92390D8D|n=3;t=13161;m=0;h=D2C2FEC8|n=3;t=13161;m=0;h=FD4C0DAB	6	0.3826	0.3759	0.3841	7041	
row-windows	2026-09-27	annies-mac-mini	rw:dense:w4-6c:hand	b35ce8ea5	System.Private.CoreLib	n=3;t=22475;m=0;h=0ADE49E7|n=3;t=22475;m=0;h=0E3735B7|n=3;t=22475;m=0;h=2DDA0324|n=3;t=22475;m=0;h=B3C3AD7F|n=3;t=22475;m=0;h=E12F067D|n=3;t=22475;m=0;h=E71BF8E6	6	0.4817	0.4712	0.4830	6511	
row-windows	2026-09-27	annies-mac-mini	rw:dense:all:kernel	b35ce8ea5	CommandLine	n=403;t=-;m=0;h=179ED6A2|n=403;t=-;m=0;h=1B6DEC22|n=403;t=-;m=0;h=7BEF9D3F|n=403;t=-;m=0;h=8470CD5D|n=403;t=-;m=0;h=BF0F3196|n=403;t=-;m=0;h=F05390F7	6	0.1857	0.1836	0.1875	739186	
row-windows	2026-09-27	annies-mac-mini	rw:dense:all:kernel	b35ce8ea5	Humanizer	n=735;t=-;m=0;h=3C7780F4|n=735;t=-;m=0;h=877CDCB7|n=735;t=-;m=0;h=9F8B5BB7|n=735;t=-;m=0;h=A5FC1232|n=735;t=-;m=0;h=BB06B005|n=735;t=-;m=0;h=F989F474	6	0.1904	0.1868	0.1913	767242	
row-windows	2026-09-27	annies-mac-mini	rw:dense:all:kernel	b35ce8ea5	Mono.Cecil	n=992;t=-;m=0;h=2B1E0066|n=992;t=-;m=0;h=308FFB60|n=992;t=-;m=0;h=5BFC00BE|n=992;t=-;m=0;h=7D8AAA89|n=992;t=-;m=0;h=B9F3DA61|n=992;t=-;m=0;h=D1035135	6	0.2963	0.2878	0.2979	1070452	
row-windows	2026-09-27	annies-mac-mini	rw:dense:all:kernel	b35ce8ea5	Newtonsoft.Json	n=1509;t=-;m=0;h=352315C2|n=1509;t=-;m=0;h=44EBD453|n=1509;t=-;m=0;h=68C7EEC3|n=1509;t=-;m=0;h=70C6787C|n=1509;t=-;m=0;h=F807564A|n=1509;t=-;m=0;h=FF916B67	6	0.4681	0.4588	0.4704	1740336	
row-windows	2026-09-27	annies-mac-mini	rw:dense:all:kernel	b35ce8ea5	System.Text.Json	n=1337;t=-;m=0;h=2938E2EA|n=1337;t=-;m=0;h=2DACF510|n=1337;t=-;m=0;h=D020B47A|n=1337;t=-;m=0;h=D7EDFF4E|n=1337;t=-;m=0;h=DA1E8D22|n=1337;t=-;m=0;h=F3F328ED	6	0.4510	0.4374	0.4524	1787983	
row-windows	2026-09-27	annies-mac-mini	rw:dense:all:kernel	b35ce8ea5	NuGet.Packaging	n=999;t=-;m=0;h=2FE11291|n=999;t=-;m=0;h=6A176CED|n=999;t=-;m=0;h=AE97468D|n=999;t=-;m=0;h=C8208224|n=999;t=-;m=0;h=DA5005F4|n=999;t=-;m=0;h=F26C20A9	6	0.3467	0.3383	0.3488	1275903	
row-windows	2026-09-27	annies-mac-mini	rw:dense:all:kernel	b35ce8ea5	Microsoft.CodeAnalysis.CSharp	n=13161;t=-;m=0;h=1018F0CB|n=13161;t=-;m=0;h=201F3A22|n=13161;t=-;m=0;h=3E1A9921|n=13161;t=-;m=0;h=41045CF7|n=13161;t=-;m=0;h=67081EB7|n=13161;t=-;m=0;h=C73A299F	6	11.2215	10.9328	11.3738	21201887	
row-windows	2026-09-27	annies-mac-mini	rw:dense:all:kernel	b35ce8ea5	System.Private.CoreLib	n=22475;t=-;m=0;h=162D8545|n=22475;t=-;m=0;h=5631D0BD|n=22475;t=-;m=0;h=6AF46628|n=22475;t=-;m=0;h=BA3D90A2|n=22475;t=-;m=0;h=D9C6C7D0|n=22475;t=-;m=0;h=ED50A003	6	18.1287	17.5040	18.5096	32249851	
row-windows	2026-09-27	annies-mac-mini	rw:dense:all:hand	b35ce8ea5	CommandLine	n=403;t=-;m=0;h=571AC021|n=403;t=-;m=0;h=936725DC|n=403;t=-;m=0;h=9866878F|n=403;t=-;m=0;h=B46345B7|n=403;t=-;m=0;h=D4402016|n=403;t=-;m=0;h=E6C57D8D	6	0.1861	0.1842	0.1874	739178	
row-windows	2026-09-27	annies-mac-mini	rw:dense:all:hand	b35ce8ea5	Humanizer	n=735;t=-;m=0;h=267DB1BF|n=735;t=-;m=0;h=4B35E899|n=735;t=-;m=0;h=4EEF7585|n=735;t=-;m=0;h=5E014B76|n=735;t=-;m=0;h=5F0BA75B|n=735;t=-;m=0;h=DB21AEC8	6	0.1905	0.1889	0.1913	767234	
row-windows	2026-09-27	annies-mac-mini	rw:dense:all:hand	b35ce8ea5	Mono.Cecil	n=992;t=-;m=0;h=279D8CC9|n=992;t=-;m=0;h=3AB38A8B|n=992;t=-;m=0;h=70795E4F|n=992;t=-;m=0;h=C2C0A358|n=992;t=-;m=0;h=DEC6E4DA|n=992;t=-;m=0;h=FD73F3CB	6	0.2960	0.2908	0.2972	1070444	
row-windows	2026-09-27	annies-mac-mini	rw:dense:all:hand	b35ce8ea5	Newtonsoft.Json	n=1509;t=-;m=0;h=158EB28C|n=1509;t=-;m=0;h=71B4370A|n=1509;t=-;m=0;h=A0D14E51|n=1509;t=-;m=0;h=C2367742|n=1509;t=-;m=0;h=D94829BE|n=1509;t=-;m=0;h=F801F099	6	0.4631	0.4591	0.4663	1740328	
row-windows	2026-09-27	annies-mac-mini	rw:dense:all:hand	b35ce8ea5	System.Text.Json	n=1337;t=-;m=0;h=0892F667|n=1337;t=-;m=0;h=5034F8ED|n=1337;t=-;m=0;h=734976E5|n=1337;t=-;m=0;h=7EFA0E5E|n=1337;t=-;m=0;h=8EC44D10|n=1337;t=-;m=0;h=D71856B0	6	0.4485	0.4380	0.4497	1787975	
row-windows	2026-09-27	annies-mac-mini	rw:dense:all:hand	b35ce8ea5	NuGet.Packaging	n=999;t=-;m=0;h=1DB38DCC|n=999;t=-;m=0;h=3FCFF598|n=999;t=-;m=0;h=58B562EC|n=999;t=-;m=0;h=C369205B|n=999;t=-;m=0;h=D9E81728|n=999;t=-;m=0;h=EB0BB7E5	6	0.3443	0.3391	0.3466	1275895	
row-windows	2026-09-27	annies-mac-mini	rw:dense:all:hand	b35ce8ea5	Microsoft.CodeAnalysis.CSharp	n=13161;t=-;m=0;h=29B45DFE|n=13161;t=-;m=0;h=33A3CCB2|n=13161;t=-;m=0;h=481ACDC5|n=13161;t=-;m=0;h=77592E13|n=13161;t=-;m=0;h=BD2A6A1D|n=13161;t=-;m=0;h=E25107F5	6	11.2105	10.8392	11.3302	21201885	
row-windows	2026-09-27	annies-mac-mini	rw:dense:all:hand	b35ce8ea5	System.Private.CoreLib	n=22475;t=-;m=0;h=18BC4943|n=22475;t=-;m=0;h=229CDB83|n=22475;t=-;m=0;h=68FB6210|n=22475;t=-;m=0;h=975BA73F|n=22475;t=-;m=0;h=AF0C19FC|n=22475;t=-;m=0;h=EDC2AA18	6	18.0061	17.6876	18.2326	32249966	
row-windows	2026-09-27	annies-mac-mini	rw:dense:all:mat	b35ce8ea5	CommandLine	n=403;t=-;m=0;h=03A0EE0C|n=403;t=-;m=0;h=10DF3F53|n=403;t=-;m=0;h=1F51AD33|n=403;t=-;m=0;h=3A61C3ED|n=403;t=-;m=0;h=9B28B50A|n=403;t=-;m=0;h=FFFA1F10	6	0.1856	0.1850	0.1870	739218	
row-windows	2026-09-27	annies-mac-mini	rw:dense:all:mat	b35ce8ea5	Humanizer	n=735;t=-;m=0;h=33A69803|n=735;t=-;m=0;h=6A060736|n=735;t=-;m=0;h=924DB32A|n=735;t=-;m=0;h=9AD90ABB|n=735;t=-;m=0;h=E5E0A471|n=735;t=-;m=0;h=FF988361	6	0.1901	0.1890	0.1908	767274	
row-windows	2026-09-27	annies-mac-mini	rw:dense:all:mat	b35ce8ea5	Mono.Cecil	n=992;t=-;m=0;h=30598F94|n=992;t=-;m=0;h=3F4AA4E4|n=992;t=-;m=0;h=4884A8FE|n=992;t=-;m=0;h=50F8DF4D|n=992;t=-;m=0;h=8535AA74|n=992;t=-;m=0;h=9D2C70A6	6	0.2946	0.2907	0.2966	1070484	
row-windows	2026-09-27	annies-mac-mini	rw:dense:all:mat	b35ce8ea5	Newtonsoft.Json	n=1509;t=-;m=0;h=1837F5D5|n=1509;t=-;m=0;h=36B66057|n=1509;t=-;m=0;h=51906944|n=1509;t=-;m=0;h=657A2980|n=1509;t=-;m=0;h=6A3BB77E|n=1509;t=-;m=0;h=B61E6E9D	6	0.4637	0.4564	0.4655	1740368	
row-windows	2026-09-27	annies-mac-mini	rw:dense:all:mat	b35ce8ea5	System.Text.Json	n=1337;t=-;m=0;h=1DB56676|n=1337;t=-;m=0;h=45FAC32A|n=1337;t=-;m=0;h=6F9810EF|n=1337;t=-;m=0;h=C11A08AE|n=1337;t=-;m=0;h=E567A418|n=1337;t=-;m=0;h=F1F7803B	6	0.4468	0.4387	0.4501	1788015	
row-windows	2026-09-27	annies-mac-mini	rw:dense:all:mat	b35ce8ea5	NuGet.Packaging	n=999;t=-;m=0;h=43B2FFBA|n=999;t=-;m=0;h=61982300|n=999;t=-;m=0;h=62759C9F|n=999;t=-;m=0;h=6699310D|n=999;t=-;m=0;h=A431E3BA|n=999;t=-;m=0;h=D56F7CCD	6	0.3433	0.3397	0.3456	1275935	
row-windows	2026-09-27	annies-mac-mini	rw:dense:all:mat	b35ce8ea5	Microsoft.CodeAnalysis.CSharp	n=13161;t=-;m=0;h=5902440B|n=13161;t=-;m=0;h=7E2DA415|n=13161;t=-;m=0;h=8548C7F5|n=13161;t=-;m=0;h=910A4B3F|n=13161;t=-;m=0;h=9E53EB14|n=13161;t=-;m=0;h=E2D52E07	6	11.1183	10.9314	11.2443	21201919	
row-windows	2026-09-27	annies-mac-mini	rw:dense:all:mat	b35ce8ea5	System.Private.CoreLib	n=22475;t=-;m=0;h=004EFCE7|n=22475;t=-;m=0;h=0A233D94|n=22475;t=-;m=0;h=88E40AD1|n=22475;t=-;m=0;h=AC254FF9|n=22475;t=-;m=0;h=D433E234|n=22475;t=-;m=0;h=D45E015B	6	17.9409	17.4764	18.6752	32249813	
row-windows	2026-09-27	annies-mac-mini	rw:sparse:head6:kernel	b35ce8ea5	CommandLine	n=3;t=-;m=0;h=0BF3F67D|n=3;t=-;m=0;h=6EA91C40|n=3;t=-;m=0;h=8954ADD8|n=3;t=-;m=0;h=A5E1EA0B|n=3;t=-;m=0;h=D5DCC84C|n=3;t=-;m=0;h=F8DD5DF9	6	0.0656	0.0652	0.0658	267338	
row-windows	2026-09-27	annies-mac-mini	rw:sparse:head6:kernel	b35ce8ea5	Humanizer	n=0;t=-;m=0;h=00000011	6	0.0839	0.0834	0.0843	301562	
row-windows	2026-09-27	annies-mac-mini	rw:sparse:head6:kernel	b35ce8ea5	Mono.Cecil	n=0;t=-;m=0;h=00000011	6	0.0723	0.0717	0.0726	105050	
row-windows	2026-09-27	annies-mac-mini	rw:sparse:head6:kernel	b35ce8ea5	Newtonsoft.Json	n=6;t=-;m=0;h=29F1A0BD|n=6;t=-;m=0;h=3B5FCFBB|n=6;t=-;m=0;h=3FA49B32|n=6;t=-;m=0;h=541E99AA|n=6;t=-;m=0;h=7894F8EF|n=6;t=-;m=0;h=7BB2B202	6	0.1599	0.1591	0.1606	578594	
row-windows	2026-09-27	annies-mac-mini	rw:sparse:head6:kernel	b35ce8ea5	System.Text.Json	n=6;t=-;m=0;h=1B6AEDC9|n=6;t=-;m=0;h=32D452F8|n=6;t=-;m=0;h=5549E2BB|n=6;t=-;m=0;h=64977172|n=6;t=-;m=0;h=85985B8E|n=6;t=-;m=0;h=DC9DBF51	6	0.1449	0.1446	0.1457	603794	
row-windows	2026-09-27	annies-mac-mini	rw:sparse:head6:kernel	b35ce8ea5	NuGet.Packaging	n=6;t=-;m=0;h=45B7744F|n=6;t=-;m=0;h=50772B7F|n=6;t=-;m=0;h=6913443E|n=6;t=-;m=0;h=8901BEF0|n=6;t=-;m=0;h=AD85B5AC|n=6;t=-;m=0;h=D46EAAE2	6	0.0392	0.0390	0.0393	124698	
row-windows	2026-09-27	annies-mac-mini	rw:sparse:head6:kernel	b35ce8ea5	Microsoft.CodeAnalysis.CSharp	n=0;t=-;m=0;h=00000011	6	1.3578	1.3432	1.3640	2331478	
row-windows	2026-09-27	annies-mac-mini	rw:sparse:head6:kernel	b35ce8ea5	System.Private.CoreLib	n=6;t=-;m=0;h=2FB92642|n=6;t=-;m=0;h=45D5F5C2|n=6;t=-;m=0;h=5D9EC0F0|n=6;t=-;m=0;h=96488707|n=6;t=-;m=0;h=CD7DA34A|n=6;t=-;m=0;h=E2C70D16	6	1.2387	1.2310	1.2502	3903916	
row-windows	2026-09-27	annies-mac-mini	rw:sparse:head6:hand	b35ce8ea5	CommandLine	n=3;t=-;m=0;h=2AABA91D|n=3;t=-;m=0;h=30015560|n=3;t=-;m=0;h=3F856389|n=3;t=-;m=0;h=42A4694B|n=3;t=-;m=0;h=44695FAC|n=3;t=-;m=0;h=A1CDBE02	6	0.0647	0.0644	0.0650	267330	
row-windows	2026-09-27	annies-mac-mini	rw:sparse:head6:hand	b35ce8ea5	Humanizer	n=0;t=-;m=0;h=00000011	6	0.0824	0.0817	0.0841	301554	
row-windows	2026-09-27	annies-mac-mini	rw:sparse:head6:hand	b35ce8ea5	Mono.Cecil	n=0;t=-;m=0;h=00000011	6	0.0703	0.0698	0.0708	105042	
row-windows	2026-09-27	annies-mac-mini	rw:sparse:head6:hand	b35ce8ea5	Newtonsoft.Json	n=6;t=-;m=0;h=A7874984|n=6;t=-;m=0;h=ABCF01E5|n=6;t=-;m=0;h=AF8D157A|n=6;t=-;m=0;h=B4440D2B|n=6;t=-;m=0;h=DB8D36F3|n=6;t=-;m=0;h=EA68BB29	6	0.1577	0.1567	0.1591	578586	
row-windows	2026-09-27	annies-mac-mini	rw:sparse:head6:hand	b35ce8ea5	System.Text.Json	n=6;t=-;m=0;h=4CF17BDE|n=6;t=-;m=0;h=595B7F0C|n=6;t=-;m=0;h=634B896B|n=6;t=-;m=0;h=AF11B693|n=6;t=-;m=0;h=B6C35DBD|n=6;t=-;m=0;h=BDB85E61	6	0.1434	0.1427	0.1447	603786	
row-windows	2026-09-27	annies-mac-mini	rw:sparse:head6:hand	b35ce8ea5	NuGet.Packaging	n=6;t=-;m=0;h=0D2BF8BB|n=6;t=-;m=0;h=4FB6F154|n=6;t=-;m=0;h=5B484A02|n=6;t=-;m=0;h=82C402A7|n=6;t=-;m=0;h=C9E44C66|n=6;t=-;m=0;h=E7494037	6	0.0391	0.0386	0.0395	124690	
row-windows	2026-09-27	annies-mac-mini	rw:sparse:head6:hand	b35ce8ea5	Microsoft.CodeAnalysis.CSharp	n=0;t=-;m=0;h=00000011	6	1.3165	1.2911	1.3215	2331469	
row-windows	2026-09-27	annies-mac-mini	rw:sparse:head6:hand	b35ce8ea5	System.Private.CoreLib	n=6;t=-;m=0;h=2243B943|n=6;t=-;m=0;h=3B6CD320|n=6;t=-;m=0;h=5D14C896|n=6;t=-;m=0;h=603A7B1D|n=6;t=-;m=0;h=97F7DE8E|n=6;t=-;m=0;h=F16408A6	6	1.2224	1.2151	1.2284	3903908	
row-windows	2026-09-27	annies-mac-mini	rw:sparse:w4-6c:kernel	b35ce8ea5	CommandLine	n=0;t=3;m=1;h=00000011	6	0.0635	0.0632	0.0635	259138	
row-windows	2026-09-27	annies-mac-mini	rw:sparse:w4-6c:kernel	b35ce8ea5	Humanizer	n=0;t=0;m=1;h=00000011	6	0.0837	0.0835	0.0840	301490	
row-windows	2026-09-27	annies-mac-mini	rw:sparse:w4-6c:kernel	b35ce8ea5	Mono.Cecil	n=0;t=0;m=1;h=00000011	6	0.0725	0.0720	0.0727	104978	
row-windows	2026-09-27	annies-mac-mini	rw:sparse:w4-6c:kernel	b35ce8ea5	Newtonsoft.Json	n=3;t=11;m=0;h=2AAC2E2B|n=3;t=11;m=0;h=5EC8D46F|n=3;t=11;m=0;h=6E1BD9B7|n=3;t=11;m=0;h=7B1A851B|n=3;t=11;m=0;h=9CC30F1B|n=3;t=11;m=0;h=D5A48C95	6	0.2321	0.2298	0.2341	798686	
row-windows	2026-09-27	annies-mac-mini	rw:sparse:w4-6c:kernel	b35ce8ea5	System.Text.Json	n=3;t=8;m=0;h=0D40AA8D|n=3;t=8;m=0;h=5112D59B|n=3;t=8;m=0;h=62AF8866|n=3;t=8;m=0;h=8C5D2559|n=3;t=8;m=0;h=F7B1C88B|n=3;t=8;m=0;h=F8DD9062	6	0.2079	0.2070	0.2144	788939	
row-windows	2026-09-27	annies-mac-mini	rw:sparse:w4-6c:kernel	b35ce8ea5	NuGet.Packaging	n=3;t=22;m=0;h=1B2BE5DB|n=3;t=22;m=0;h=2584A3B1|n=3;t=22;m=0;h=2E20CE31|n=3;t=22;m=0;h=34C30292|n=3;t=22;m=0;h=6DB1EDA1|n=3;t=22;m=0;h=88B2A885	6	0.1089	0.1080	0.1115	276858	
row-windows	2026-09-27	annies-mac-mini	rw:sparse:w4-6c:kernel	b35ce8ea5	Microsoft.CodeAnalysis.CSharp	n=0;t=0;m=1;h=00000011	6	1.3580	1.3457	1.3722	2331406	
row-windows	2026-09-27	annies-mac-mini	rw:sparse:w4-6c:kernel	b35ce8ea5	System.Private.CoreLib	n=3;t=31;m=0;h=3CA00911|n=3;t=31;m=0;h=4462E3E8|n=3;t=31;m=0;h=6973A1C3|n=3;t=31;m=0;h=6F75F1CC|n=3;t=31;m=0;h=C350B762|n=3;t=31;m=0;h=DC796FCA	6	3.2713	3.2206	3.2884	8878443	
row-windows	2026-09-27	annies-mac-mini	rw:sparse:w4-6c:hand	b35ce8ea5	CommandLine	n=0;t=3;m=1;h=00000011	6	0.0626	0.0622	0.0633	259130	
row-windows	2026-09-27	annies-mac-mini	rw:sparse:w4-6c:hand	b35ce8ea5	Humanizer	n=0;t=0;m=1;h=00000011	6	0.0826	0.0813	0.0827	301482	
row-windows	2026-09-27	annies-mac-mini	rw:sparse:w4-6c:hand	b35ce8ea5	Mono.Cecil	n=0;t=0;m=1;h=00000011	6	0.0698	0.0694	0.0701	104970	
row-windows	2026-09-27	annies-mac-mini	rw:sparse:w4-6c:hand	b35ce8ea5	Newtonsoft.Json	n=3;t=11;m=0;h=1D0BACB6|n=3;t=11;m=0;h=5423974B|n=3;t=11;m=0;h=78F3C118|n=3;t=11;m=0;h=81EB2CF4|n=3;t=11;m=0;h=AF19EB7E|n=3;t=11;m=0;h=C5D5AE54	6	0.2282	0.2266	0.2292	798678	
row-windows	2026-09-27	annies-mac-mini	rw:sparse:w4-6c:hand	b35ce8ea5	System.Text.Json	n=3;t=8;m=0;h=2CFFE53A|n=3;t=8;m=0;h=5B81D7F5|n=3;t=8;m=0;h=8726ADCF|n=3;t=8;m=0;h=9764C483|n=3;t=8;m=0;h=A3CC4BF7|n=3;t=8;m=0;h=DD3DC018	6	0.2043	0.2036	0.2056	788931	
row-windows	2026-09-27	annies-mac-mini	rw:sparse:w4-6c:hand	b35ce8ea5	NuGet.Packaging	n=3;t=22;m=0;h=4B570619|n=3;t=22;m=0;h=75905503|n=3;t=22;m=0;h=78C45743|n=3;t=22;m=0;h=8C0CF2F0|n=3;t=22;m=0;h=AC1EADF1|n=3;t=22;m=0;h=F85CA595	6	0.1069	0.1056	0.1071	276850	
row-windows	2026-09-27	annies-mac-mini	rw:sparse:w4-6c:hand	b35ce8ea5	Microsoft.CodeAnalysis.CSharp	n=0;t=0;m=1;h=00000011	6	1.3176	1.3020	1.3212	2331397	
row-windows	2026-09-27	annies-mac-mini	rw:sparse:w4-6c:hand	b35ce8ea5	System.Private.CoreLib	n=3;t=31;m=0;h=0BD2469E|n=3;t=31;m=0;h=0CCC466B|n=3;t=31;m=0;h=118D9B5C|n=3;t=31;m=0;h=365CB781|n=3;t=31;m=0;h=492D4CBD|n=3;t=31;m=0;h=B670B999	6	3.2210	3.1630	3.2387	8878434	
row-windows	2026-09-27	annies-mac-mini	rw:sparse:all:kernel	b35ce8ea5	CommandLine	n=3;t=-;m=0;h=237D00F0|n=3;t=-;m=0;h=928AD525|n=3;t=-;m=0;h=B7473982|n=3;t=-;m=0;h=D170987C|n=3;t=-;m=0;h=DD8E5510|n=3;t=-;m=0;h=F8D60A41	6	0.0655	0.0651	0.0658	267578	
row-windows	2026-09-27	annies-mac-mini	rw:sparse:all:kernel	b35ce8ea5	Humanizer	n=0;t=-;m=0;h=00000011	6	0.0835	0.0832	0.0838	301802	
row-windows	2026-09-27	annies-mac-mini	rw:sparse:all:kernel	b35ce8ea5	Mono.Cecil	n=0;t=-;m=0;h=00000011	6	0.0724	0.0715	0.0734	105290	
row-windows	2026-09-27	annies-mac-mini	rw:sparse:all:kernel	b35ce8ea5	Newtonsoft.Json	n=11;t=-;m=0;h=2B9FEBAC|n=11;t=-;m=0;h=73AC9735|n=11;t=-;m=0;h=7EC9E3B0|n=11;t=-;m=0;h=94EE4679|n=11;t=-;m=0;h=B639C72C|n=11;t=-;m=0;h=CB42EFBA	6	0.2333	0.2320	0.2340	811447	
row-windows	2026-09-27	annies-mac-mini	rw:sparse:all:kernel	b35ce8ea5	System.Text.Json	n=8;t=-;m=0;h=17D93EE5|n=8;t=-;m=0;h=7AFEB55F|n=8;t=-;m=0;h=DEEF9AAB|n=8;t=-;m=0;h=E8ADCDDE|n=8;t=-;m=0;h=EA0E4091|n=8;t=-;m=0;h=F176792E	6	0.2096	0.2087	0.2100	796508	
row-windows	2026-09-27	annies-mac-mini	rw:sparse:all:kernel	b35ce8ea5	NuGet.Packaging	n=22;t=-;m=0;h=02FFCC71|n=22;t=-;m=0;h=66997B17|n=22;t=-;m=0;h=968641F4|n=22;t=-;m=0;h=BB7D5AA2|n=22;t=-;m=0;h=C380628E|n=22;t=-;m=0;h=E2C542CC	6	0.1181	0.1177	0.1204	319954	
row-windows	2026-09-27	annies-mac-mini	rw:sparse:all:kernel	b35ce8ea5	Microsoft.CodeAnalysis.CSharp	n=0;t=-;m=0;h=00000011	6	1.3596	1.3460	1.3663	2331718	
row-windows	2026-09-27	annies-mac-mini	rw:sparse:all:kernel	b35ce8ea5	System.Private.CoreLib	n=31;t=-;m=0;h=22928C51|n=31;t=-;m=0;h=34CBBFF8|n=31;t=-;m=0;h=41E134C5|n=31;t=-;m=0;h=525222D3|n=31;t=-;m=0;h=B16B96E0|n=31;t=-;m=0;h=BBED493B	6	3.2884	3.2366	3.2923	8907651	
row-windows	2026-09-27	annies-mac-mini	rw:sparse:all:hand	b35ce8ea5	CommandLine	n=3;t=-;m=0;h=53A7C8CE|n=3;t=-;m=0;h=863EAA31|n=3;t=-;m=0;h=967CA873|n=3;t=-;m=0;h=9EEF0157|n=3;t=-;m=0;h=E3A65156|n=3;t=-;m=0;h=F956EF03	6	0.0649	0.0644	0.0655	267570	
row-windows	2026-09-27	annies-mac-mini	rw:sparse:all:hand	b35ce8ea5	Humanizer	n=0;t=-;m=0;h=00000011	6	0.0825	0.0819	0.0830	301794	
row-windows	2026-09-27	annies-mac-mini	rw:sparse:all:hand	b35ce8ea5	Mono.Cecil	n=0;t=-;m=0;h=00000011	6	0.0700	0.0689	0.0708	105282	
row-windows	2026-09-27	annies-mac-mini	rw:sparse:all:hand	b35ce8ea5	Newtonsoft.Json	n=11;t=-;m=0;h=05473646|n=11;t=-;m=0;h=0B63348C|n=11;t=-;m=0;h=12667657|n=11;t=-;m=0;h=1840D423|n=11;t=-;m=0;h=55C987AD|n=11;t=-;m=0;h=ACB5A137	6	0.2315	0.2304	0.2342	811438	
row-windows	2026-09-27	annies-mac-mini	rw:sparse:all:hand	b35ce8ea5	System.Text.Json	n=8;t=-;m=0;h=35C3FED7|n=8;t=-;m=0;h=3B20507A|n=8;t=-;m=0;h=424E5ECB|n=8;t=-;m=0;h=6769A3D1|n=8;t=-;m=0;h=A28FFD18|n=8;t=-;m=0;h=DEE50F43	6	0.2061	0.2056	0.2066	796499	
row-windows	2026-09-27	annies-mac-mini	rw:sparse:all:hand	b35ce8ea5	NuGet.Packaging	n=22;t=-;m=0;h=120978A7|n=22;t=-;m=0;h=2F39426F|n=22;t=-;m=0;h=9E496BAC|n=22;t=-;m=0;h=A0558439|n=22;t=-;m=0;h=BE145747|n=22;t=-;m=0;h=C21815B9	6	0.1169	0.1165	0.1174	319946	
row-windows	2026-09-27	annies-mac-mini	rw:sparse:all:hand	b35ce8ea5	Microsoft.CodeAnalysis.CSharp	n=0;t=-;m=0;h=00000011	6	1.3190	1.3041	1.3210	2331709	
row-windows	2026-09-27	annies-mac-mini	rw:sparse:all:hand	b35ce8ea5	System.Private.CoreLib	n=31;t=-;m=0;h=013D8BEA|n=31;t=-;m=0;h=3D2FC8A4|n=31;t=-;m=0;h=49C43B22|n=31;t=-;m=0;h=67520BC3|n=31;t=-;m=0;h=6AE2631C|n=31;t=-;m=0;h=A44C7461	6	3.2384	3.1990	3.2520	8907643	
row-windows	2026-09-27	annies-mac-mini	rw:sparse:all:mat	b35ce8ea5	CommandLine	n=3;t=-;m=0;h=740A64F7|n=3;t=-;m=0;h=84DC80ED|n=3;t=-;m=0;h=869D2D55|n=3;t=-;m=0;h=92D4134A|n=3;t=-;m=0;h=98ED0D01|n=3;t=-;m=0;h=A24E7E42	6	0.0649	0.0645	0.0651	267610	
row-windows	2026-09-27	annies-mac-mini	rw:sparse:all:mat	b35ce8ea5	Humanizer	n=0;t=-;m=0;h=00000011	6	0.0827	0.0818	0.0832	301834	
row-windows	2026-09-27	annies-mac-mini	rw:sparse:all:mat	b35ce8ea5	Mono.Cecil	n=0;t=-;m=0;h=00000011	6	0.0699	0.0693	0.0710	105322	
row-windows	2026-09-27	annies-mac-mini	rw:sparse:all:mat	b35ce8ea5	Newtonsoft.Json	n=11;t=-;m=0;h=0662346B|n=11;t=-;m=0;h=9F490495|n=11;t=-;m=0;h=AD5ABA03|n=11;t=-;m=0;h=C7F2AD43|n=11;t=-;m=0;h=CB3450AA|n=11;t=-;m=0;h=F83392A4	6	0.2318	0.2296	0.2327	811478	
row-windows	2026-09-27	annies-mac-mini	rw:sparse:all:mat	b35ce8ea5	System.Text.Json	n=8;t=-;m=0;h=13E7504D|n=8;t=-;m=0;h=36962957|n=8;t=-;m=0;h=4087C1EE|n=8;t=-;m=0;h=4E4C6F11|n=8;t=-;m=0;h=673B32EA|n=8;t=-;m=0;h=947272CB	6	0.2069	0.2050	0.2072	796539	
row-windows	2026-09-27	annies-mac-mini	rw:sparse:all:mat	b35ce8ea5	NuGet.Packaging	n=22;t=-;m=0;h=2E4CF4E6|n=22;t=-;m=0;h=816E40DD|n=22;t=-;m=0;h=8BDA781C|n=22;t=-;m=0;h=98D88958|n=22;t=-;m=0;h=BB6D3256|n=22;t=-;m=0;h=E1B333DB	6	0.1159	0.1145	0.1174	319986	
row-windows	2026-09-27	annies-mac-mini	rw:sparse:all:mat	b35ce8ea5	Microsoft.CodeAnalysis.CSharp	n=0;t=-;m=0;h=00000011	6	1.3175	1.3092	1.3235	2331749	
row-windows	2026-09-27	annies-mac-mini	rw:sparse:all:mat	b35ce8ea5	System.Private.CoreLib	n=31;t=-;m=0;h=1BEAF881|n=31;t=-;m=0;h=597C200B|n=31;t=-;m=0;h=8A49611D|n=31;t=-;m=0;h=A8503D48|n=31;t=-;m=0;h=C163FC5C|n=31;t=-;m=0;h=E0B41F24	6	3.2433	3.2043	3.2476	8907683	
row-windows	2026-09-27	annies-mac-mini	rw:sparse:all:legacy	b35ce8ea5	CommandLine	n=3;t=-;m=0;h=0F6ABD4E|n=3;t=-;m=0;h=35B6DA12|n=3;t=-;m=0;h=3BD343D0|n=3;t=-;m=0;h=94BCDFD1|n=3;t=-;m=0;h=C636706D|n=3;t=-;m=0;h=E18F7C1A	6	0.1930	0.1923	0.1944	615354	
row-windows	2026-09-27	annies-mac-mini	rw:sparse:all:legacy	b35ce8ea5	Humanizer	n=0;t=-;m=0;h=00000011	6	0.2120	0.2108	0.2131	761788	
row-windows	2026-09-27	annies-mac-mini	rw:sparse:all:legacy	b35ce8ea5	Mono.Cecil	n=0;t=-;m=0;h=00000011	6	0.2688	0.2672	0.2710	760233	
row-windows	2026-09-27	annies-mac-mini	rw:sparse:all:legacy	b35ce8ea5	Newtonsoft.Json	n=11;t=-;m=0;h=136E1378|n=11;t=-;m=0;h=46284038|n=11;t=-;m=0;h=85974F53|n=11;t=-;m=0;h=B70885D8|n=11;t=-;m=0;h=CE2ED32F|n=11;t=-;m=0;h=EA6C0F71	6	0.5544	0.5509	0.5570	1756338	
row-windows	2026-09-27	annies-mac-mini	rw:sparse:all:legacy	b35ce8ea5	System.Text.Json	n=8;t=-;m=0;h=0B88697E|n=8;t=-;m=0;h=175A4AED|n=8;t=-;m=0;h=2B665493|n=8;t=-;m=0;h=5726CFE6|n=8;t=-;m=0;h=7BE8E117|n=8;t=-;m=0;h=DE7D88EE	6	0.4989	0.4979	0.5040	1665848	
row-windows	2026-09-27	annies-mac-mini	rw:sparse:all:legacy	b35ce8ea5	NuGet.Packaging	n=22;t=-;m=0;h=0B08A690|n=22;t=-;m=0;h=2C2A43D5|n=22;t=-;m=0;h=2EE52463|n=22;t=-;m=0;h=6E9A2971|n=22;t=-;m=0;h=A3917E5A|n=22;t=-;m=0;h=EECF517D	6	0.4918	0.4888	0.4997	1493306	
row-windows	2026-09-27	annies-mac-mini	rw:sparse:all:legacy	b35ce8ea5	Microsoft.CodeAnalysis.CSharp	n=0;t=-;m=0;h=00000011	6	4.1481	4.1240	4.1581	9857569	
row-windows	2026-09-27	annies-mac-mini	rw:sparse:all:legacy	b35ce8ea5	System.Private.CoreLib	n=31;t=-;m=0;h=60CBB31D|n=31;t=-;m=0;h=983E469E|n=31;t=-;m=0;h=9BFE291D|n=31;t=-;m=0;h=D1E6447F|n=31;t=-;m=0;h=E0C49879|n=31;t=-;m=0;h=E700C059	6	14.7378	14.5362	14.8247	36612727	
row-windows	2026-09-27	annies-mac-mini	rw:dense:head6:kernel	b35ce8ea5	CommandLine	n=6;t=-;m=0;h=2D936D0E|n=6;t=-;m=0;h=4E4F1560|n=6;t=-;m=0;h=807DFCB7|n=6;t=-;m=0;h=A16010E6|n=6;t=-;m=0;h=E13222A4|n=6;t=-;m=0;h=E8D956AD	6	0.0036	0.0036	0.0036	11850	
row-windows	2026-09-27	annies-mac-mini	rw:dense:head6:kernel	b35ce8ea5	Humanizer	n=6;t=-;m=0;h=2EC281C2|n=6;t=-;m=0;h=9747AF00|n=6;t=-;m=0;h=AB86EA95|n=6;t=-;m=0;h=C21EE0D6|n=6;t=-;m=0;h=D0B5493D|n=6;t=-;m=0;h=E7857804	6	0.0030	0.0029	0.0030	9778	
row-windows	2026-09-27	annies-mac-mini	rw:dense:head6:kernel	b35ce8ea5	Mono.Cecil	n=6;t=-;m=0;h=4599B942|n=6;t=-;m=0;h=6DD4D294|n=6;t=-;m=0;h=8D52AD13|n=6;t=-;m=0;h=8DACA0D4|n=6;t=-;m=0;h=C0DE9437|n=6;t=-;m=0;h=E5390E15	6	0.0029	0.0029	0.0029	9386	
row-windows	2026-09-27	annies-mac-mini	rw:dense:head6:kernel	b35ce8ea5	Newtonsoft.Json	n=6;t=-;m=0;h=0FE90D49|n=6;t=-;m=0;h=28410D11|n=6;t=-;m=0;h=368C4D57|n=6;t=-;m=0;h=4C865FEE|n=6;t=-;m=0;h=6A7619C7|n=6;t=-;m=0;h=C27FD727	6	0.0030	0.0029	0.0030	9578	
row-windows	2026-09-27	annies-mac-mini	rw:dense:head6:kernel	b35ce8ea5	System.Text.Json	n=6;t=-;m=0;h=4331C6AE|n=6;t=-;m=0;h=4BFF9142|n=6;t=-;m=0;h=5197D206|n=6;t=-;m=0;h=C6CA4ECF|n=6;t=-;m=0;h=DDD31E8B|n=6;t=-;m=0;h=E55166CA	6	0.0037	0.0037	0.0037	9906	
row-windows	2026-09-27	annies-mac-mini	rw:dense:head6:kernel	b35ce8ea5	NuGet.Packaging	n=6;t=-;m=0;h=100F588B|n=6;t=-;m=0;h=48631B9C|n=6;t=-;m=0;h=8026AFAD|n=6;t=-;m=0;h=96D2690F|n=6;t=-;m=0;h=9DECB1F9|n=6;t=-;m=0;h=E36EC370	6	0.0037	0.0037	0.0037	12786	
row-windows	2026-09-27	annies-mac-mini	rw:dense:head6:kernel	b35ce8ea5	Microsoft.CodeAnalysis.CSharp	n=6;t=-;m=0;h=20C641B0|n=6;t=-;m=0;h=5E53156C|n=6;t=-;m=0;h=8EC7BDE2|n=6;t=-;m=0;h=94C2A31D|n=6;t=-;m=0;h=B9F246AA|n=6;t=-;m=0;h=D5D42C5E	6	0.0028	0.0026	0.0028	9122	
row-windows	2026-09-27	annies-mac-mini	rw:dense:head6:kernel	b35ce8ea5	System.Private.CoreLib	n=6;t=-;m=0;h=542763EC|n=6;t=-;m=0;h=6629E24D|n=6;t=-;m=0;h=82934AA5|n=6;t=-;m=0;h=A44F3E59|n=6;t=-;m=0;h=A55EEA52|n=6;t=-;m=0;h=B3790CF2	6	0.0039	0.0039	0.0040	8746	
row-windows	2026-09-27	merritt	rw:dense:head6:hand	b35ce8ea5	CommandLine	n=6;t=-;m=0;h=35ABAB2E|n=6;t=-;m=0;h=85F6D87A|n=6;t=-;m=0;h=9CBD9EFD|n=6;t=-;m=0;h=B26419DB|n=6;t=-;m=0;h=C1C73417|n=6;t=-;m=0;h=DCC9BC7B	6	0.0038	0.0036	0.0038	11842	
row-windows	2026-09-27	merritt	rw:dense:head6:hand	b35ce8ea5	Humanizer	n=6;t=-;m=0;h=1EF9A564|n=6;t=-;m=0;h=51DF7D67|n=6;t=-;m=0;h=6E26BE8B|n=6;t=-;m=0;h=8F1E3585|n=6;t=-;m=0;h=B6263F02|n=6;t=-;m=0;h=F019AF4A	6	0.0029	0.0028	0.0029	9770	
row-windows	2026-09-27	merritt	rw:dense:head6:hand	b35ce8ea5	Mono.Cecil	n=6;t=-;m=0;h=378B11F0|n=6;t=-;m=0;h=4286C8EE|n=6;t=-;m=0;h=4D193545|n=6;t=-;m=0;h=789BEE5F|n=6;t=-;m=0;h=BB789BC2|n=6;t=-;m=0;h=F688A156	6	0.0029	0.0028	0.0030	9378	
row-windows	2026-09-27	merritt	rw:dense:head6:hand	b35ce8ea5	Newtonsoft.Json	n=6;t=-;m=0;h=3A3AB638|n=6;t=-;m=0;h=3CC913AB|n=6;t=-;m=0;h=66E8C5AB|n=6;t=-;m=0;h=814D2F8E|n=6;t=-;m=0;h=BBF9EBF1|n=6;t=-;m=0;h=DAB75A49	6	0.0028	0.0028	0.0030	9570	
row-windows	2026-09-27	merritt	rw:dense:head6:hand	b35ce8ea5	System.Text.Json	n=6;t=-;m=0;h=3F870595|n=6;t=-;m=0;h=86A3E988|n=6;t=-;m=0;h=90C842EA|n=6;t=-;m=0;h=A40EE84A|n=6;t=-;m=0;h=B0780B8C|n=6;t=-;m=0;h=E063E798	6	0.0033	0.0033	0.0035	9898	
row-windows	2026-09-27	merritt	rw:dense:head6:hand	b35ce8ea5	NuGet.Packaging	n=6;t=-;m=0;h=11806D9B|n=6;t=-;m=0;h=1CEC7991|n=6;t=-;m=0;h=32CE39C0|n=6;t=-;m=0;h=4AEDD414|n=6;t=-;m=0;h=9685EA67|n=6;t=-;m=0;h=C537E96B	6	0.0036	0.0035	0.0038	12778	
row-windows	2026-09-27	merritt	rw:dense:head6:hand	b35ce8ea5	Microsoft.CodeAnalysis.CSharp	n=6;t=-;m=0;h=0FD4B10F|n=6;t=-;m=0;h=35ADA738|n=6;t=-;m=0;h=99DC01DA|n=6;t=-;m=0;h=ABAFCCD3|n=6;t=-;m=0;h=B956FA86|n=6;t=-;m=0;h=CC5FF451	6	0.0027	0.0026	0.0030	9114	
row-windows	2026-09-27	merritt	rw:dense:head6:hand	b35ce8ea5	System.Private.CoreLib	n=6;t=-;m=0;h=201D1AE3|n=6;t=-;m=0;h=43BC3B9A|n=6;t=-;m=0;h=A3CED74F|n=6;t=-;m=0;h=B167C0A1|n=6;t=-;m=0;h=C92DF0EF|n=6;t=-;m=0;h=DB6ED192	6	0.0035	0.0034	0.0035	8738	
row-windows	2026-09-27	merritt	rw:dense:w4-6:kernel	b35ce8ea5	CommandLine	n=3;t=-;m=0;h=801CFE26|n=3;t=-;m=0;h=997C24DF|n=3;t=-;m=0;h=B535E78D|n=3;t=-;m=0;h=BCBBA6F3|n=3;t=-;m=0;h=BF77DA25|n=3;t=-;m=0;h=E0386A44	6	0.0032	0.0029	0.0032	8722	
row-windows	2026-09-27	merritt	rw:dense:w4-6:kernel	b35ce8ea5	Humanizer	n=3;t=-;m=0;h=0CACCFD9|n=3;t=-;m=0;h=61FAD391|n=3;t=-;m=0;h=D57D2646|n=3;t=-;m=0;h=DA01D4A4|n=3;t=-;m=0;h=EC479FF4|n=3;t=-;m=0;h=F958CE70	6	0.0023	0.0023	0.0026	7306	
row-windows	2026-09-27	merritt	rw:dense:w4-6:kernel	b35ce8ea5	Mono.Cecil	n=3;t=-;m=0;h=12244729|n=3;t=-;m=0;h=8B5A6CD2|n=3;t=-;m=0;h=A9D50EB8|n=3;t=-;m=0;h=D737CC10|n=3;t=-;m=0;h=E3F9B225|n=3;t=-;m=0;h=ECC747C9	6	0.0024	0.0023	0.0025	6898	
row-windows	2026-09-27	merritt	rw:dense:w4-6:kernel	b35ce8ea5	Newtonsoft.Json	n=3;t=-;m=0;h=0C7876AE|n=3;t=-;m=0;h=6CF2318F|n=3;t=-;m=0;h=7E62284C|n=3;t=-;m=0;h=81BBBFB6|n=3;t=-;m=0;h=9EBB5E5C|n=3;t=-;m=0;h=AFA46186	6	0.0023	0.0023	0.0025	7218	
row-windows	2026-09-27	merritt	rw:dense:w4-6:kernel	b35ce8ea5	System.Text.Json	n=3;t=-;m=0;h=018FD293|n=3;t=-;m=0;h=483029EC|n=3;t=-;m=0;h=4C4E0E93|n=3;t=-;m=0;h=B9D4B7CF|n=3;t=-;m=0;h=D7EF781A|n=3;t=-;m=0;h=DE7A4A06	6	0.0037	0.0035	0.0037	6994	
row-windows	2026-09-27	merritt	rw:dense:w4-6:kernel	b35ce8ea5	NuGet.Packaging	n=3;t=-;m=0;h=128AB139|n=3;t=-;m=0;h=67F35B23|n=3;t=-;m=0;h=BBF4515A|n=3;t=-;m=0;h=BDD4E999|n=3;t=-;m=0;h=CCFC88F2|n=3;t=-;m=0;h=ED219529	6	0.0023	0.0023	0.0024	6714	
row-windows	2026-09-27	merritt	rw:dense:w4-6:kernel	b35ce8ea5	Microsoft.CodeAnalysis.CSharp	n=3;t=-;m=0;h=39A2604A|n=3;t=-;m=0;h=66C38A9A|n=3;t=-;m=0;h=A801DD6A|n=3;t=-;m=0;h=AA32C6FF|n=3;t=-;m=0;h=D8EFDC11|n=3;t=-;m=0;h=F0459BEC	6	0.0023	0.0023	0.0025	7010	
row-windows	2026-09-27	merritt	rw:dense:w4-6:kernel	b35ce8ea5	System.Private.CoreLib	n=3;t=-;m=0;h=2923EFD8|n=3;t=-;m=0;h=69EFE9A1|n=3;t=-;m=0;h=6B486EB1|n=3;t=-;m=0;h=8C563A40|n=3;t=-;m=0;h=BB36707A|n=3;t=-;m=0;h=C4BC6E39	6	0.0043	0.0041	0.0043	6474	
row-windows	2026-09-27	merritt	rw:dense:w4-6:hand	b35ce8ea5	CommandLine	n=3;t=-;m=0;h=15B0D8E3|n=3;t=-;m=0;h=3828A614|n=3;t=-;m=0;h=4A0E0363|n=3;t=-;m=0;h=51FAE80C|n=3;t=-;m=0;h=72B31EC3|n=3;t=-;m=0;h=8405CADB	6	0.0031	0.0030	0.0032	8714	
row-windows	2026-09-27	merritt	rw:dense:w4-6:hand	b35ce8ea5	Humanizer	n=3;t=-;m=0;h=767B520F|n=3;t=-;m=0;h=8FDD81A2|n=3;t=-;m=0;h=9E8EC441|n=3;t=-;m=0;h=BAE4C2A6|n=3;t=-;m=0;h=BBB220B6|n=3;t=-;m=0;h=E7D9D262	6	0.0024	0.0024	0.0026	7298	
row-windows	2026-09-27	merritt	rw:dense:w4-6:hand	b35ce8ea5	Mono.Cecil	n=3;t=-;m=0;h=15B44689|n=3;t=-;m=0;h=16F6939D|n=3;t=-;m=0;h=2A506D4F|n=3;t=-;m=0;h=8C5C99AE|n=3;t=-;m=0;h=AA93A285|n=3;t=-;m=0;h=E40CA060	6	0.0024	0.0023	0.0025	6890	
row-windows	2026-09-27	merritt	rw:dense:w4-6:hand	b35ce8ea5	Newtonsoft.Json	n=3;t=-;m=0;h=2AAC478C|n=3;t=-;m=0;h=5A289133|n=3;t=-;m=0;h=5E5BB8D2|n=3;t=-;m=0;h=668056E9|n=3;t=-;m=0;h=8F78BCC3|n=3;t=-;m=0;h=9DBCC21A	6	0.0024	0.0024	0.0024	7210	
row-windows	2026-09-27	merritt	rw:dense:w4-6:hand	b35ce8ea5	System.Text.Json	n=3;t=-;m=0;h=0C903445|n=3;t=-;m=0;h=1F8A5EB3|n=3;t=-;m=0;h=285CEB55|n=3;t=-;m=0;h=670EA02F|n=3;t=-;m=0;h=71999107|n=3;t=-;m=0;h=7508CA0F	6	0.0028	0.0027	0.0029	6986	
row-windows	2026-09-27	merritt	rw:dense:w4-6:hand	b35ce8ea5	NuGet.Packaging	n=3;t=-;m=0;h=02AD0CA5|n=3;t=-;m=0;h=1DB7717F|n=3;t=-;m=0;h=2A66801E|n=3;t=-;m=0;h=51E998E3|n=3;t=-;m=0;h=55496A87|n=3;t=-;m=0;h=C384CB2A	6	0.0024	0.0023	0.0024	6706	
row-windows	2026-09-27	merritt	rw:dense:w4-6:hand	b35ce8ea5	Microsoft.CodeAnalysis.CSharp	n=3;t=-;m=0;h=2B5EF9A5|n=3;t=-;m=0;h=33B2A080|n=3;t=-;m=0;h=7A72C62C|n=3;t=-;m=0;h=9C3B0802|n=3;t=-;m=0;h=A071B635|n=3;t=-;m=0;h=F363E0C6	6	0.0023	0.0023	0.0024	7002	
row-windows	2026-09-27	merritt	rw:dense:w4-6:hand	b35ce8ea5	System.Private.CoreLib	n=3;t=-;m=0;h=27FFC438|n=3;t=-;m=0;h=50A9295E|n=3;t=-;m=0;h=5132C4DB|n=3;t=-;m=0;h=7AE4A178|n=3;t=-;m=0;h=AB36A3A4|n=3;t=-;m=0;h=C992DB70	6	0.0030	0.0029	0.0031	6466	
row-windows	2026-09-27	merritt	rw:dense:w100-110:kernel	b35ce8ea5	CommandLine	n=11;t=-;m=0;h=273E1EB5|n=11;t=-;m=0;h=45F110F4|n=11;t=-;m=0;h=89734B22|n=11;t=-;m=0;h=A8D6E293|n=11;t=-;m=0;h=F335F240|n=11;t=-;m=0;h=FF20B025	6	0.0082	0.0078	0.0084	22026	
row-windows	2026-09-27	merritt	rw:dense:w100-110:kernel	b35ce8ea5	Humanizer	n=11;t=-;m=0;h=0301C028|n=11;t=-;m=0;h=23277679|n=11;t=-;m=0;h=53B894C3|n=11;t=-;m=0;h=544D9B1A|n=11;t=-;m=0;h=79330D07|n=11;t=-;m=0;h=90886031	6	0.0062	0.0060	0.0065	15682	
row-windows	2026-09-27	merritt	rw:dense:w100-110:kernel	b35ce8ea5	Mono.Cecil	n=11;t=-;m=0;h=18625725|n=11;t=-;m=0;h=3451D2AC|n=11;t=-;m=0;h=6A913618|n=11;t=-;m=0;h=908CB086|n=11;t=-;m=0;h=BE5F7B55|n=11;t=-;m=0;h=ED0B54CC	6	0.0071	0.0070	0.0073	18970	
row-windows	2026-09-27	merritt	rw:dense:w100-110:kernel	b35ce8ea5	Newtonsoft.Json	n=11;t=-;m=0;h=2C47DFBE|n=11;t=-;m=0;h=3A4AA569|n=11;t=-;m=0;h=52C559DD|n=11;t=-;m=0;h=86112566|n=11;t=-;m=0;h=9C69171A|n=11;t=-;m=0;h=BEB862F1	6	0.0080	0.0079	0.0083	19834	
row-windows	2026-09-27	merritt	rw:dense:w100-110:kernel	b35ce8ea5	System.Text.Json	n=11;t=-;m=0;h=183025D6|n=11;t=-;m=0;h=4446F9A5|n=11;t=-;m=0;h=94744DB1|n=11;t=-;m=0;h=B24D1A22|n=11;t=-;m=0;h=BFC98582|n=11;t=-;m=0;h=F7C558C6	6	0.0080	0.0079	0.0081	22034	
row-windows	2026-09-27	merritt	rw:dense:w100-110:kernel	b35ce8ea5	NuGet.Packaging	n=11;t=-;m=0;h=46771526|n=11;t=-;m=0;h=8F8922A5|n=11;t=-;m=0;h=BD85282D|n=11;t=-;m=0;h=DCF39BDC|n=11;t=-;m=0;h=FD253ECC|n=11;t=-;m=0;h=FD4DB634	6	0.0072	0.0070	0.0072	18570	
row-windows	2026-09-27	merritt	rw:dense:w100-110:kernel	b35ce8ea5	Microsoft.CodeAnalysis.CSharp	n=11;t=-;m=0;h=0A116E65|n=11;t=-;m=0;h=B4120F7F|n=11;t=-;m=0;h=C2E28479|n=11;t=-;m=0;h=D1959BFE|n=11;t=-;m=0;h=E690DC75|n=11;t=-;m=0;h=E9ED46AF	6	0.0173	0.0172	0.0174	19242	
row-windows	2026-09-27	merritt	rw:dense:w100-110:kernel	b35ce8ea5	System.Private.CoreLib	n=11;t=-;m=0;h=25789B33|n=11;t=-;m=0;h=6E7C2758|n=11;t=-;m=0;h=9D81EAEF|n=11;t=-;m=0;h=BCCC6CA3|n=11;t=-;m=0;h=CEA93F5F|n=11;t=-;m=0;h=D1C2A14D	6	0.0083	0.0081	0.0084	13458	
row-windows	2026-09-27	merritt	rw:dense:w100-110:hand	b35ce8ea5	CommandLine	n=11;t=-;m=0;h=2BECB6F5|n=11;t=-;m=0;h=4EFB8D96|n=11;t=-;m=0;h=A003EB69|n=11;t=-;m=0;h=A5D1896E|n=11;t=-;m=0;h=BB9E4D9A|n=11;t=-;m=0;h=F6A58E18	6	0.0078	0.0076	0.0081	22018	
row-windows	2026-09-27	merritt	rw:dense:w100-110:hand	b35ce8ea5	Humanizer	n=11;t=-;m=0;h=1416C82A|n=11;t=-;m=0;h=17DD5D5B|n=11;t=-;m=0;h=2D7B1F86|n=11;t=-;m=0;h=70C8C4E3|n=11;t=-;m=0;h=7A1AD157|n=11;t=-;m=0;h=8993223F	6	0.0057	0.0056	0.0062	15674	
row-windows	2026-09-27	merritt	rw:dense:w100-110:hand	b35ce8ea5	Mono.Cecil	n=11;t=-;m=0;h=1A6EB780|n=11;t=-;m=0;h=26EABB76|n=11;t=-;m=0;h=3E7F9ACE|n=11;t=-;m=0;h=5C9CAB9A|n=11;t=-;m=0;h=78BBF753|n=11;t=-;m=0;h=7BE3B107	6	0.0065	0.0064	0.0066	18962	
row-windows	2026-09-27	merritt	rw:dense:w100-110:hand	b35ce8ea5	Newtonsoft.Json	n=11;t=-;m=0;h=2CB01037|n=11;t=-;m=0;h=4C3511AF|n=11;t=-;m=0;h=52E10572|n=11;t=-;m=0;h=649CC522|n=11;t=-;m=0;h=7B43CC42|n=11;t=-;m=0;h=C7268766	6	0.0073	0.0072	0.0074	19826	
row-windows	2026-09-27	merritt	rw:dense:w100-110:hand	b35ce8ea5	System.Text.Json	n=11;t=-;m=0;h=09808095|n=11;t=-;m=0;h=2CD2A823|n=11;t=-;m=0;h=6F96F92E|n=11;t=-;m=0;h=BF98C9C8|n=11;t=-;m=0;h=C0C1AA7F|n=11;t=-;m=0;h=CDEC63AB	6	0.0066	0.0065	0.0067	22026	
row-windows	2026-09-27	merritt	rw:dense:w100-110:hand	b35ce8ea5	NuGet.Packaging	n=11;t=-;m=0;h=1065FA9E|n=11;t=-;m=0;h=968E7BFE|n=11;t=-;m=0;h=9E83C0CE|n=11;t=-;m=0;h=DFA6EE3F|n=11;t=-;m=0;h=E8D00A96|n=11;t=-;m=0;h=FC723455	6	0.0065	0.0063	0.0066	18562	
row-windows	2026-09-27	merritt	rw:dense:w100-110:hand	b35ce8ea5	Microsoft.CodeAnalysis.CSharp	n=11;t=-;m=0;h=1744BD74|n=11;t=-;m=0;h=3773B4F7|n=11;t=-;m=0;h=4A403039|n=11;t=-;m=0;h=95F3A589|n=11;t=-;m=0;h=BA4127D3|n=11;t=-;m=0;h=C14F468A	6	0.0092	0.0092	0.0095	19234	
row-windows	2026-09-27	merritt	rw:dense:w100-110:hand	b35ce8ea5	System.Private.CoreLib	n=11;t=-;m=0;h=1A0E3C41|n=11;t=-;m=0;h=2AE639C5|n=11;t=-;m=0;h=4910744B|n=11;t=-;m=0;h=4D2D09B1|n=11;t=-;m=0;h=4DD60869|n=11;t=-;m=0;h=779E142F	6	0.0063	0.0063	0.0066	13450	
row-windows	2026-09-27	merritt	rw:dense:w1000-1010:kernel	b35ce8ea5	CommandLine	n=0;t=-;m=1;h=00000011	6	0.0138	0.0134	0.0141	4858	
row-windows	2026-09-27	merritt	rw:dense:w1000-1010:kernel	b35ce8ea5	Humanizer	n=0;t=-;m=1;h=00000011	6	0.0232	0.0230	0.0233	4858	
row-windows	2026-09-27	merritt	rw:dense:w1000-1010:kernel	b35ce8ea5	Mono.Cecil	n=0;t=-;m=1;h=00000011	6	0.0416	0.0411	0.0418	4858	
row-windows	2026-09-27	merritt	rw:dense:w1000-1010:kernel	b35ce8ea5	Newtonsoft.Json	n=11;t=-;m=0;h=102F62DB|n=11;t=-;m=0;h=1A91E61B|n=11;t=-;m=0;h=4BAD76CD|n=11;t=-;m=0;h=61F6EEBD|n=11;t=-;m=0;h=69033075|n=11;t=-;m=0;h=8887C359	6	0.0378	0.0375	0.0380	16282	
row-windows	2026-09-27	merritt	rw:dense:w1000-1010:kernel	b35ce8ea5	System.Text.Json	n=11;t=-;m=0;h=0E40CC00|n=11;t=-;m=0;h=78435610|n=11;t=-;m=0;h=7C7764B8|n=11;t=-;m=0;h=859DC349|n=11;t=-;m=0;h=BAC3CE7E|n=11;t=-;m=0;h=F7FCA4B7	6	0.0353	0.0351	0.0356	20690	
row-windows	2026-09-27	merritt	rw:dense:w1000-1010:kernel	b35ce8ea5	NuGet.Packaging	n=0;t=-;m=1;h=00000011	6	0.0392	0.0390	0.0396	4858	
row-windows	2026-09-27	merritt	rw:dense:w1000-1010:kernel	b35ce8ea5	Microsoft.CodeAnalysis.CSharp	n=11;t=-;m=0;h=01476576|n=11;t=-;m=0;h=43037D0C|n=11;t=-;m=0;h=96C695DA|n=11;t=-;m=0;h=B077D9E7|n=11;t=-;m=0;h=E88AFA1D|n=11;t=-;m=0;h=F739AD39	6	0.0511	0.0506	0.0514	19018	
row-windows	2026-09-27	merritt	rw:dense:w1000-1010:kernel	b35ce8ea5	System.Private.CoreLib	n=11;t=-;m=0;h=0E92A1D2|n=11;t=-;m=0;h=37FE7F10|n=11;t=-;m=0;h=4C0931CE|n=11;t=-;m=0;h=65ED6D0B|n=11;t=-;m=0;h=883B2F43|n=11;t=-;m=0;h=E476C86D	6	0.0332	0.0329	0.0334	14802	
row-windows	2026-09-27	merritt	rw:dense:w1000-1010:hand	b35ce8ea5	CommandLine	n=0;t=-;m=1;h=00000011	6	0.0112	0.0110	0.0114	4850	
row-windows	2026-09-27	merritt	rw:dense:w1000-1010:hand	b35ce8ea5	Humanizer	n=0;t=-;m=1;h=00000011	6	0.0179	0.0177	0.0181	4850	
row-windows	2026-09-27	merritt	rw:dense:w1000-1010:hand	b35ce8ea5	Mono.Cecil	n=0;t=-;m=1;h=00000011	6	0.0310	0.0305	0.0313	4850	
row-windows	2026-09-27	merritt	rw:dense:w1000-1010:hand	b35ce8ea5	Newtonsoft.Json	n=11;t=-;m=0;h=4C7A1F8A|n=11;t=-;m=0;h=4E45B206|n=11;t=-;m=0;h=5C846A13|n=11;t=-;m=0;h=627FF60E|n=11;t=-;m=0;h=68BBF1AE|n=11;t=-;m=0;h=B7480863	6	0.0287	0.0285	0.0289	16274	
row-windows	2026-09-27	merritt	rw:dense:w1000-1010:hand	b35ce8ea5	System.Text.Json	n=11;t=-;m=0;h=0C1A274C|n=11;t=-;m=0;h=18D65C99|n=11;t=-;m=0;h=584268D3|n=11;t=-;m=0;h=6CF21854|n=11;t=-;m=0;h=993F8376|n=11;t=-;m=0;h=C2550BB0	6	0.0260	0.0256	0.0262	20682	
row-windows	2026-09-27	merritt	rw:dense:w1000-1010:hand	b35ce8ea5	NuGet.Packaging	n=0;t=-;m=1;h=00000011	6	0.0292	0.0288	0.0296	4850	
row-windows	2026-09-27	merritt	rw:dense:w1000-1010:hand	b35ce8ea5	Microsoft.CodeAnalysis.CSharp	n=11;t=-;m=0;h=3529AA9C|n=11;t=-;m=0;h=682617AB|n=11;t=-;m=0;h=73886119|n=11;t=-;m=0;h=BD5905B9|n=11;t=-;m=0;h=CCBE4CBA|n=11;t=-;m=0;h=F3786AC5	6	0.0327	0.0324	0.0332	19010	
row-windows	2026-09-27	merritt	rw:dense:w1000-1010:hand	b35ce8ea5	System.Private.CoreLib	n=11;t=-;m=0;h=183B2D6C|n=11;t=-;m=0;h=35AA1923|n=11;t=-;m=0;h=4465E176|n=11;t=-;m=0;h=535AAAC8|n=11;t=-;m=0;h=86BC89DE|n=11;t=-;m=0;h=BC5B8FE5	6	0.0239	0.0235	0.0241	14794	
row-windows	2026-09-27	merritt	rw:dense:w4-6c:kernel	b35ce8ea5	CommandLine	n=3;t=403;m=0;h=1C9E00B6|n=3;t=403;m=0;h=1DAC6630|n=3;t=403;m=0;h=5DECCE2E|n=3;t=403;m=0;h=9967AEFE|n=3;t=403;m=0;h=9F838828|n=3;t=403;m=0;h=F96D5B46	6	0.0150	0.0147	0.0156	8754	
row-windows	2026-09-27	merritt	rw:dense:w4-6c:kernel	b35ce8ea5	Humanizer	n=3;t=735;m=0;h=3864183D|n=3;t=735;m=0;h=618F5BFB|n=3;t=735;m=0;h=762D641E|n=3;t=735;m=0;h=939C70B7|n=3;t=735;m=0;h=B00B30F9|n=3;t=735;m=0;h=DE01CAAC	6	0.0239	0.0236	0.0242	7338	
row-windows	2026-09-27	merritt	rw:dense:w4-6c:kernel	b35ce8ea5	Mono.Cecil	n=3;t=992;m=0;h=2A9B68A3|n=3;t=992;m=0;h=3436F0E4|n=3;t=992;m=0;h=70AC7FB5|n=3;t=992;m=0;h=8CF252DB|n=3;t=992;m=0;h=AE44C28A|n=3;t=992;m=0;h=EAF93B0A	6	0.0422	0.0418	0.0426	6930	
row-windows	2026-09-27	merritt	rw:dense:w4-6c:kernel	b35ce8ea5	Newtonsoft.Json	n=3;t=1509;m=0;h=09C263C5|n=3;t=1509;m=0;h=9B4E435B|n=3;t=1509;m=0;h=A04A2527|n=3;t=1509;m=0;h=B3D41A7E|n=3;t=1509;m=0;h=C6CEB39E|n=3;t=1509;m=0;h=F13D4651	6	0.0517	0.0513	0.0519	7250	
row-windows	2026-09-27	merritt	rw:dense:w4-6c:kernel	b35ce8ea5	System.Text.Json	n=3;t=1337;m=0;h=00ACCCB7|n=3;t=1337;m=0;h=06FB422E|n=3;t=1337;m=0;h=2F2BF1A2|n=3;t=1337;m=0;h=D58217B4|n=3;t=1337;m=0;h=E3BEDCA3|n=3;t=1337;m=0;h=F8E352DE	6	0.0462	0.0459	0.0466	7026	
row-windows	2026-09-27	merritt	rw:dense:w4-6c:kernel	b35ce8ea5	NuGet.Packaging	n=3;t=999;m=0;h=25D35AD0|n=3;t=999;m=0;h=2AD4A33A|n=3;t=999;m=0;h=2D435EA4|n=3;t=999;m=0;h=5D2B568D|n=3;t=999;m=0;h=79A3D1C2|n=3;t=999;m=0;h=E32E0D95	6	0.0398	0.0397	0.0403	6746	
row-windows	2026-09-27	merritt	rw:dense:w4-6c:kernel	b35ce8ea5	Microsoft.CodeAnalysis.CSharp	n=3;t=13161;m=0;h=1C340D10|n=3;t=13161;m=0;h=1D82A9D5|n=3;t=13161;m=0;h=45B548CE|n=3;t=13161;m=0;h=4E8D41F3|n=3;t=13161;m=0;h=7603C3E0|n=3;t=13161;m=0;h=F04517BA	6	0.4938	0.4913	0.4978	7040	
row-windows	2026-09-27	merritt	rw:dense:w4-6c:kernel	b35ce8ea5	System.Private.CoreLib	n=3;t=22475;m=0;h=1DFFB86B|n=3;t=22475;m=0;h=36C58959|n=3;t=22475;m=0;h=380F8BB8|n=3;t=22475;m=0;h=79788A82|n=3;t=22475;m=0;h=8A0A6872|n=3;t=22475;m=0;h=F2C26FAD	6	0.5572	0.5548	0.5625	6506	
row-windows	2026-09-27	merritt	rw:dense:w4-6c:hand	b35ce8ea5	CommandLine	n=3;t=403;m=0;h=32B8808B|n=3;t=403;m=0;h=7B8B344F|n=3;t=403;m=0;h=7E324EE3|n=3;t=403;m=0;h=9DF32DC1|n=3;t=403;m=0;h=B5EEB319|n=3;t=403;m=0;h=E3C687F6	6	0.0123	0.0122	0.0127	8746	
row-windows	2026-09-27	merritt	rw:dense:w4-6c:hand	b35ce8ea5	Humanizer	n=3;t=735;m=0;h=0B0CAAF7|n=3;t=735;m=0;h=5FD77F86|n=3;t=735;m=0;h=67EC55CA|n=3;t=735;m=0;h=CDDAFE9E|n=3;t=735;m=0;h=DE0FEED6|n=3;t=735;m=0;h=E2ABA352	6	0.0186	0.0186	0.0189	7330	
row-windows	2026-09-27	merritt	rw:dense:w4-6c:hand	b35ce8ea5	Mono.Cecil	n=3;t=992;m=0;h=269B2EA2|n=3;t=992;m=0;h=41224DB0|n=3;t=992;m=0;h=44BD28F4|n=3;t=992;m=0;h=76EBF5D7|n=3;t=992;m=0;h=911B69AE|n=3;t=992;m=0;h=9283D149	6	0.0317	0.0313	0.0319	6922	
row-windows	2026-09-27	merritt	rw:dense:w4-6c:hand	b35ce8ea5	Newtonsoft.Json	n=3;t=1509;m=0;h=09C9919B|n=3;t=1509;m=0;h=57B3C778|n=3;t=1509;m=0;h=A86CC3C4|n=3;t=1509;m=0;h=B6DF749F|n=3;t=1509;m=0;h=B95C1063|n=3;t=1509;m=0;h=BCF68AD6	6	0.0393	0.0385	0.0396	7242	
row-windows	2026-09-27	merritt	rw:dense:w4-6c:hand	b35ce8ea5	System.Text.Json	n=3;t=1337;m=0;h=42BF4F1B|n=3;t=1337;m=0;h=47ADFFF9|n=3;t=1337;m=0;h=4D2CA005|n=3;t=1337;m=0;h=4FB85C99|n=3;t=1337;m=0;h=D9C3361D|n=3;t=1337;m=0;h=EAAD85D6	6	0.0328	0.0324	0.0329	7018	
row-windows	2026-09-27	merritt	rw:dense:w4-6c:hand	b35ce8ea5	NuGet.Packaging	n=3;t=999;m=0;h=19A17247|n=3;t=999;m=0;h=22C3AD54|n=3;t=999;m=0;h=429450DC|n=3;t=999;m=0;h=743DF4B0|n=3;t=999;m=0;h=99DF7261|n=3;t=999;m=0;h=EF7C7BE0	6	0.0300	0.0294	0.0302	6738	
row-windows	2026-09-27	merritt	rw:dense:w4-6c:hand	b35ce8ea5	Microsoft.CodeAnalysis.CSharp	n=3;t=13161;m=0;h=22F7DA29|n=3;t=13161;m=0;h=5E63C57B|n=3;t=13161;m=0;h=6C0A03F1|n=3;t=13161;m=0;h=92A0B4A2|n=3;t=13161;m=0;h=AF3FA168|n=3;t=13161;m=0;h=E6759107	6	0.3406	0.3372	0.3437	7038	
row-windows	2026-09-27	merritt	rw:dense:w4-6c:hand	b35ce8ea5	System.Private.CoreLib	n=3;t=22475;m=0;h=0D98A93B|n=3;t=22475;m=0;h=0FC36386|n=3;t=22475;m=0;h=178F8880|n=3;t=22475;m=0;h=435DAC88|n=3;t=22475;m=0;h=500C30E0|n=3;t=22475;m=0;h=D1ACBC3B	6	0.4274	0.4265	0.4378	6508	
row-windows	2026-09-27	merritt	rw:dense:all:kernel	b35ce8ea5	CommandLine	n=403;t=-;m=0;h=07135B1F|n=403;t=-;m=0;h=1823C268|n=403;t=-;m=0;h=2ED03715|n=403;t=-;m=0;h=6B18F3CA|n=403;t=-;m=0;h=7FAED26C|n=403;t=-;m=0;h=876BD6E7	6	0.1752	0.1735	0.1786	739186	
row-windows	2026-09-27	merritt	rw:dense:all:kernel	b35ce8ea5	Humanizer	n=735;t=-;m=0;h=97378638|n=735;t=-;m=0;h=9C34F16D|n=735;t=-;m=0;h=A5F80672|n=735;t=-;m=0;h=C19052D8|n=735;t=-;m=0;h=D7252E13|n=735;t=-;m=0;h=F2477875	6	0.1799	0.1782	0.1815	767242	
row-windows	2026-09-27	merritt	rw:dense:all:kernel	b35ce8ea5	Mono.Cecil	n=992;t=-;m=0;h=2B99F1B7|n=992;t=-;m=0;h=43FDE99D|n=992;t=-;m=0;h=4ECC2600|n=992;t=-;m=0;h=6501C65F|n=992;t=-;m=0;h=AB7081E2|n=992;t=-;m=0;h=B6D8E087	6	0.2945	0.2935	0.3006	1070451	
row-windows	2026-09-27	merritt	rw:dense:all:kernel	b35ce8ea5	Newtonsoft.Json	n=1509;t=-;m=0;h=40ACF4C5|n=1509;t=-;m=0;h=464C4CBE|n=1509;t=-;m=0;h=65BBEBF6|n=1509;t=-;m=0;h=72EAB65E|n=1509;t=-;m=0;h=AB981803|n=1509;t=-;m=0;h=F573736D	6	0.4658	0.4622	0.4736	1740351	
row-windows	2026-09-27	merritt	rw:dense:all:kernel	b35ce8ea5	System.Text.Json	n=1337;t=-;m=0;h=49BDBC60|n=1337;t=-;m=0;h=5B1DBE3E|n=1337;t=-;m=0;h=73575AA3|n=1337;t=-;m=0;h=8F1911A8|n=1337;t=-;m=0;h=90B4A408|n=1337;t=-;m=0;h=9799A720	6	0.4489	0.4466	0.4590	1787982	
row-windows	2026-09-27	merritt	rw:dense:all:kernel	b35ce8ea5	NuGet.Packaging	n=999;t=-;m=0;h=386E8EE9|n=999;t=-;m=0;h=74C1E9E6|n=999;t=-;m=0;h=848E652E|n=999;t=-;m=0;h=9B410A1F|n=999;t=-;m=0;h=E65DC5D2|n=999;t=-;m=0;h=EEC87E59	6	0.3437	0.3422	0.3525	1275903	
row-windows	2026-09-27	merritt	rw:dense:all:kernel	b35ce8ea5	Microsoft.CodeAnalysis.CSharp	n=13161;t=-;m=0;h=09CC22A7|n=13161;t=-;m=0;h=0EC99D10|n=13161;t=-;m=0;h=24BC2F47|n=13161;t=-;m=0;h=29FB9E6C|n=13161;t=-;m=0;h=43474C5D|n=13161;t=-;m=0;h=6537A4C9	6	11.0170	10.6124	11.2857	21201883	
row-windows	2026-09-27	merritt	rw:dense:all:kernel	b35ce8ea5	System.Private.CoreLib	n=22475;t=-;m=0;h=1B9D5486|n=22475;t=-;m=0;h=56E32D4F|n=22475;t=-;m=0;h=785FD467|n=22475;t=-;m=0;h=C8EE60E0|n=22475;t=-;m=0;h=E44A4EA3|n=22475;t=-;m=0;h=FDD7C754	6	18.0409	17.6043	18.2696	32245682	
row-windows	2026-09-27	merritt	rw:dense:all:hand	b35ce8ea5	CommandLine	n=403;t=-;m=0;h=208B1B44|n=403;t=-;m=0;h=2C889E90|n=403;t=-;m=0;h=301DD607|n=403;t=-;m=0;h=46E12A8B|n=403;t=-;m=0;h=6FBD158D|n=403;t=-;m=0;h=890A3B39	6	0.1734	0.1715	0.1744	739178	
row-windows	2026-09-27	merritt	rw:dense:all:hand	b35ce8ea5	Humanizer	n=735;t=-;m=0;h=264B87CF|n=735;t=-;m=0;h=57F9FB32|n=735;t=-;m=0;h=8D124754|n=735;t=-;m=0;h=97888491|n=735;t=-;m=0;h=C490DD99|n=735;t=-;m=0;h=CA542D8E	6	0.1757	0.1737	0.1771	767234	
row-windows	2026-09-27	merritt	rw:dense:all:hand	b35ce8ea5	Mono.Cecil	n=992;t=-;m=0;h=25203CF8|n=992;t=-;m=0;h=3D168A58|n=992;t=-;m=0;h=5BF5B858|n=992;t=-;m=0;h=7924CEBE|n=992;t=-;m=0;h=BF5434C6|n=992;t=-;m=0;h=E35EA6E1	6	0.2844	0.2822	0.2888	1070443	
row-windows	2026-09-27	merritt	rw:dense:all:hand	b35ce8ea5	Newtonsoft.Json	n=1509;t=-;m=0;h=0B3E64B4|n=1509;t=-;m=0;h=24297C9E|n=1509;t=-;m=0;h=711D5ACC|n=1509;t=-;m=0;h=D4A48832|n=1509;t=-;m=0;h=EBA6090F|n=1509;t=-;m=0;h=FE3745E1	6	0.4539	0.4477	0.4586	1740342	
row-windows	2026-09-27	merritt	rw:dense:all:hand	b35ce8ea5	System.Text.Json	n=1337;t=-;m=0;h=076AC05F|n=1337;t=-;m=0;h=6F963B2B|n=1337;t=-;m=0;h=7C1A843B|n=1337;t=-;m=0;h=8B3A9AF7|n=1337;t=-;m=0;h=B14157F7|n=1337;t=-;m=0;h=C1D1D86A	6	0.4384	0.4332	0.4421	1787973	
row-windows	2026-09-27	merritt	rw:dense:all:hand	b35ce8ea5	NuGet.Packaging	n=999;t=-;m=0;h=1FB8E6E4|n=999;t=-;m=0;h=791BDF8F|n=999;t=-;m=0;h=910BED1A|n=999;t=-;m=0;h=9B2E5475|n=999;t=-;m=0;h=F1EC4AAA|n=999;t=-;m=0;h=FE75E636	6	0.3365	0.3320	0.3408	1275894	
row-windows	2026-09-27	merritt	rw:dense:all:hand	b35ce8ea5	Microsoft.CodeAnalysis.CSharp	n=13161;t=-;m=0;h=68CBD4BD|n=13161;t=-;m=0;h=84D0D1D9|n=13161;t=-;m=0;h=8D971806|n=13161;t=-;m=0;h=A1FA7DAF|n=13161;t=-;m=0;h=BB1A2C6A|n=13161;t=-;m=0;h=C1D6B420	6	10.6733	10.4487	11.1801	21201884	
row-windows	2026-09-27	merritt	rw:dense:all:hand	b35ce8ea5	System.Private.CoreLib	n=22475;t=-;m=0;h=34F88BF2|n=22475;t=-;m=0;h=3F4B9EF9|n=22475;t=-;m=0;h=56BE82BB|n=22475;t=-;m=0;h=A8EEFC6D|n=22475;t=-;m=0;h=F64F2F54|n=22475;t=-;m=0;h=FE232C27	6	18.0841	17.2645	18.4112	32245668	
row-windows	2026-09-27	merritt	rw:dense:all:mat	b35ce8ea5	CommandLine	n=403;t=-;m=0;h=0289129A|n=403;t=-;m=0;h=0A5D3416|n=403;t=-;m=0;h=59A3D256|n=403;t=-;m=0;h=CD2D7CC8|n=403;t=-;m=0;h=F2003E4A|n=403;t=-;m=0;h=FBD030C5	6	0.1723	0.1701	0.1728	739218	
row-windows	2026-09-27	merritt	rw:dense:all:mat	b35ce8ea5	Humanizer	n=735;t=-;m=0;h=07601E09|n=735;t=-;m=0;h=2C5F216A|n=735;t=-;m=0;h=8F77C0A3|n=735;t=-;m=0;h=B61EC36E|n=735;t=-;m=0;h=B8BCA0DB|n=735;t=-;m=0;h=C8C2CFD2	6	0.1759	0.1736	0.1768	767274	
row-windows	2026-09-27	merritt	rw:dense:all:mat	b35ce8ea5	Mono.Cecil	n=992;t=-;m=0;h=1A02A32B|n=992;t=-;m=0;h=77E5CC61|n=992;t=-;m=0;h=7D2913FF|n=992;t=-;m=0;h=8172A4FA|n=992;t=-;m=0;h=9C322670|n=992;t=-;m=0;h=B537BBAC	6	0.2865	0.2821	0.2891	1070483	
row-windows	2026-09-27	merritt	rw:dense:all:mat	b35ce8ea5	Newtonsoft.Json	n=1509;t=-;m=0;h=1B7B81B9|n=1509;t=-;m=0;h=25CBAAC3|n=1509;t=-;m=0;h=59F4EFA6|n=1509;t=-;m=0;h=DF7855D2|n=1509;t=-;m=0;h=E945EEA4|n=1509;t=-;m=0;h=ECFA2592	6	0.4556	0.4479	0.4582	1740382	
row-windows	2026-09-27	merritt	rw:dense:all:mat	b35ce8ea5	System.Text.Json	n=1337;t=-;m=0;h=267C2360|n=1337;t=-;m=0;h=4464393D|n=1337;t=-;m=0;h=66412684|n=1337;t=-;m=0;h=85C28B6A|n=1337;t=-;m=0;h=8841F63B|n=1337;t=-;m=0;h=C0BE0DBD	6	0.4385	0.4322	0.4433	1788013	
row-windows	2026-09-27	merritt	rw:dense:all:mat	b35ce8ea5	NuGet.Packaging	n=999;t=-;m=0;h=38AD9E47|n=999;t=-;m=0;h=5F4BFACB|n=999;t=-;m=0;h=A568A548|n=999;t=-;m=0;h=C2EF5087|n=999;t=-;m=0;h=C7B30E0F|n=999;t=-;m=0;h=E0C62E3A	6	0.3371	0.3320	0.3393	1275934	
row-windows	2026-09-27	merritt	rw:dense:all:mat	b35ce8ea5	Microsoft.CodeAnalysis.CSharp	n=13161;t=-;m=0;h=30ABBD2F|n=13161;t=-;m=0;h=4E9FAC1D|n=13161;t=-;m=0;h=8D9D49C1|n=13161;t=-;m=0;h=96D96D3E|n=13161;t=-;m=0;h=B19E641D|n=13161;t=-;m=0;h=D1687590	6	10.7167	10.3886	10.9706	21201918	
row-windows	2026-09-27	merritt	rw:dense:all:mat	b35ce8ea5	System.Private.CoreLib	n=22475;t=-;m=0;h=24F8D737|n=22475;t=-;m=0;h=53352681|n=22475;t=-;m=0;h=810403AB|n=22475;t=-;m=0;h=864409AE|n=22475;t=-;m=0;h=894109B3|n=22475;t=-;m=0;h=98A3AC2B	6	17.7395	17.0283	18.0485	32245757	
row-windows	2026-09-27	merritt	rw:sparse:head6:kernel	b35ce8ea5	CommandLine	n=3;t=-;m=0;h=0EE14B71|n=3;t=-;m=0;h=22BD9BA4|n=3;t=-;m=0;h=22E0D18F|n=3;t=-;m=0;h=3EA4C8D2|n=3;t=-;m=0;h=722D7DE6|n=3;t=-;m=0;h=AFC0C658	6	0.0580	0.0572	0.0586	267338	
row-windows	2026-09-27	merritt	rw:sparse:head6:kernel	b35ce8ea5	Humanizer	n=0;t=-;m=0;h=00000011	6	0.0756	0.0750	0.0760	301562	
row-windows	2026-09-27	merritt	rw:sparse:head6:kernel	b35ce8ea5	Mono.Cecil	n=0;t=-;m=0;h=00000011	6	0.0701	0.0694	0.0707	105050	
row-windows	2026-09-27	merritt	rw:sparse:head6:kernel	b35ce8ea5	Newtonsoft.Json	n=6;t=-;m=0;h=18266186|n=6;t=-;m=0;h=499B8941|n=6;t=-;m=0;h=938B68E6|n=6;t=-;m=0;h=A5CA1C08|n=6;t=-;m=0;h=D3220282|n=6;t=-;m=0;h=FE0502BC	6	0.1430	0.1421	0.1444	578594	
row-windows	2026-09-27	merritt	rw:sparse:head6:kernel	b35ce8ea5	System.Text.Json	n=6;t=-;m=0;h=2C021835|n=6;t=-;m=0;h=5195C973|n=6;t=-;m=0;h=58E1DD75|n=6;t=-;m=0;h=5A8CD4A7|n=6;t=-;m=0;h=6D90FE96|n=6;t=-;m=0;h=EDE56550	6	0.1283	0.1272	0.1285	603794	
row-windows	2026-09-27	merritt	rw:sparse:head6:kernel	b35ce8ea5	NuGet.Packaging	n=6;t=-;m=0;h=23AC0EFE|n=6;t=-;m=0;h=2B6B2B41|n=6;t=-;m=0;h=3A24282B|n=6;t=-;m=0;h=858169EE|n=6;t=-;m=0;h=9142BA39|n=6;t=-;m=0;h=A0E0F672	6	0.0350	0.0347	0.0353	124698	
row-windows	2026-09-27	merritt	rw:sparse:head6:kernel	b35ce8ea5	Microsoft.CodeAnalysis.CSharp	n=0;t=-;m=0;h=00000011	6	1.3481	1.3324	1.3529	2331478	
row-windows	2026-09-27	merritt	rw:sparse:head6:kernel	b35ce8ea5	System.Private.CoreLib	n=6;t=-;m=0;h=2E5EB4B5|n=6;t=-;m=0;h=5109ABB1|n=6;t=-;m=0;h=5192D8AA|n=6;t=-;m=0;h=7C853719|n=6;t=-;m=0;h=A52D9342|n=6;t=-;m=0;h=B12ADF2D	6	1.0942	1.0811	1.0961	3903914	
row-windows	2026-09-27	merritt	rw:sparse:head6:hand	b35ce8ea5	CommandLine	n=3;t=-;m=0;h=037B9D11|n=3;t=-;m=0;h=20E8C2C5|n=3;t=-;m=0;h=626E2871|n=3;t=-;m=0;h=72939B02|n=3;t=-;m=0;h=9533F6D1|n=3;t=-;m=0;h=A0624A01	6	0.0557	0.0548	0.0562	267330	
row-windows	2026-09-27	merritt	rw:sparse:head6:hand	b35ce8ea5	Humanizer	n=0;t=-;m=0;h=00000011	6	0.0713	0.0707	0.0725	301554	
row-windows	2026-09-27	merritt	rw:sparse:head6:hand	b35ce8ea5	Mono.Cecil	n=0;t=-;m=0;h=00000011	6	0.0611	0.0605	0.0617	105042	
row-windows	2026-09-27	merritt	rw:sparse:head6:hand	b35ce8ea5	Newtonsoft.Json	n=6;t=-;m=0;h=026C740A|n=6;t=-;m=0;h=16BB9C8D|n=6;t=-;m=0;h=48A93F42|n=6;t=-;m=0;h=4D0CD363|n=6;t=-;m=0;h=6025E3A6|n=6;t=-;m=0;h=A21FD49A	6	0.1361	0.1339	0.1374	578586	
row-windows	2026-09-27	merritt	rw:sparse:head6:hand	b35ce8ea5	System.Text.Json	n=6;t=-;m=0;h=6B9CE5E8|n=6;t=-;m=0;h=7FC064BA|n=6;t=-;m=0;h=8E3B93C5|n=6;t=-;m=0;h=BBB8C5F4|n=6;t=-;m=0;h=BE63DAB4|n=6;t=-;m=0;h=D29EFDC8	6	0.1228	0.1208	0.1237	603786	
row-windows	2026-09-27	merritt	rw:sparse:head6:hand	b35ce8ea5	NuGet.Packaging	n=6;t=-;m=0;h=062F7E0A|n=6;t=-;m=0;h=76F60DE1|n=6;t=-;m=0;h=8E07077A|n=6;t=-;m=0;h=AB852F6B|n=6;t=-;m=0;h=B91768C4|n=6;t=-;m=0;h=C625C765	6	0.0329	0.0324	0.0330	124690	
row-windows	2026-09-27	merritt	rw:sparse:head6:hand	b35ce8ea5	Microsoft.CodeAnalysis.CSharp	n=0;t=-;m=0;h=00000011	6	1.2115	1.1880	1.2231	2331468	
row-windows	2026-09-27	merritt	rw:sparse:head6:hand	b35ce8ea5	System.Private.CoreLib	n=6;t=-;m=0;h=01707FAA|n=6;t=-;m=0;h=1CCFAEA4|n=6;t=-;m=0;h=33D044CA|n=6;t=-;m=0;h=59F8872A|n=6;t=-;m=0;h=98078721|n=6;t=-;m=0;h=BC2C6331	6	1.0492	1.0258	1.0560	3903905	
row-windows	2026-09-27	merritt	rw:sparse:w4-6c:kernel	b35ce8ea5	CommandLine	n=0;t=3;m=1;h=00000011	6	0.0561	0.0554	0.0570	259138	
row-windows	2026-09-27	merritt	rw:sparse:w4-6c:kernel	b35ce8ea5	Humanizer	n=0;t=0;m=1;h=00000011	6	0.0759	0.0751	0.0772	301490	
row-windows	2026-09-27	merritt	rw:sparse:w4-6c:kernel	b35ce8ea5	Mono.Cecil	n=0;t=0;m=1;h=00000011	6	0.0703	0.0696	0.0708	104978	
row-windows	2026-09-27	merritt	rw:sparse:w4-6c:kernel	b35ce8ea5	Newtonsoft.Json	n=3;t=11;m=0;h=173893AF|n=3;t=11;m=0;h=264D999E|n=3;t=11;m=0;h=2CB70AF1|n=3;t=11;m=0;h=36602570|n=3;t=11;m=0;h=6B82CE96|n=3;t=11;m=0;h=FD842890	6	0.2091	0.2070	0.2103	798683	
row-windows	2026-09-27	merritt	rw:sparse:w4-6c:kernel	b35ce8ea5	System.Text.Json	n=3;t=8;m=0;h=08EEE102|n=3;t=8;m=0;h=262EA725|n=3;t=8;m=0;h=3408427F|n=3;t=8;m=0;h=4036F204|n=3;t=8;m=0;h=69855134|n=3;t=8;m=0;h=A256DFDD	6	0.1860	0.1837	0.1865	788938	
row-windows	2026-09-27	merritt	rw:sparse:w4-6c:kernel	b35ce8ea5	NuGet.Packaging	n=3;t=22;m=0;h=08EDC833|n=3;t=22;m=0;h=A36EDDF2|n=3;t=22;m=0;h=B16BA448|n=3;t=22;m=0;h=B9E45B80|n=3;t=22;m=0;h=C4A1DFF5|n=3;t=22;m=0;h=D9285955	6	0.0982	0.0979	0.0998	276858	
row-windows	2026-09-27	merritt	rw:sparse:w4-6c:kernel	b35ce8ea5	Microsoft.CodeAnalysis.CSharp	n=0;t=0;m=1;h=00000011	6	1.3397	1.3343	1.3457	2331406	
row-windows	2026-09-27	merritt	rw:sparse:w4-6c:kernel	b35ce8ea5	System.Private.CoreLib	n=3;t=31;m=0;h=06EE9752|n=3;t=31;m=0;h=6876C949|n=3;t=31;m=0;h=7CA85591|n=3;t=31;m=0;h=B271FCEC|n=3;t=31;m=0;h=C664F777|n=3;t=31;m=0;h=EA6FB8D4	6	2.8228	2.8023	2.8366	8878439	
row-windows	2026-09-27	merritt	rw:sparse:w4-6c:hand	b35ce8ea5	CommandLine	n=0;t=3;m=1;h=00000011	6	0.0541	0.0532	0.0553	259130	
row-windows	2026-09-27	merritt	rw:sparse:w4-6c:hand	b35ce8ea5	Humanizer	n=0;t=0;m=1;h=00000011	6	0.0718	0.0709	0.0724	301482	
row-windows	2026-09-27	merritt	rw:sparse:w4-6c:hand	b35ce8ea5	Mono.Cecil	n=0;t=0;m=1;h=00000011	6	0.0611	0.0605	0.0614	104970	
row-windows	2026-09-27	merritt	rw:sparse:w4-6c:hand	b35ce8ea5	Newtonsoft.Json	n=3;t=11;m=0;h=45E52BB6|n=3;t=11;m=0;h=62634837|n=3;t=11;m=0;h=8F6C0379|n=3;t=11;m=0;h=C99F218C|n=3;t=11;m=0;h=CA8B69A2|n=3;t=11;m=0;h=DD4B620C	6	0.1984	0.1956	0.1994	798674	
row-windows	2026-09-27	merritt	rw:sparse:w4-6c:hand	b35ce8ea5	System.Text.Json	n=3;t=8;m=0;h=3A4D6BFC|n=3;t=8;m=0;h=49AAE993|n=3;t=8;m=0;h=6F44B553|n=3;t=8;m=0;h=9C214463|n=3;t=8;m=0;h=C3AE24F9|n=3;t=8;m=0;h=F869B9FC	6	0.1749	0.1730	0.1765	788930	
row-windows	2026-09-27	merritt	rw:sparse:w4-6c:hand	b35ce8ea5	NuGet.Packaging	n=3;t=22;m=0;h=0F50AB6D|n=3;t=22;m=0;h=33939FCA|n=3;t=22;m=0;h=60C722B1|n=3;t=22;m=0;h=6EEF57B5|n=3;t=22;m=0;h=9F63D86A|n=3;t=22;m=0;h=D7580904	6	0.0902	0.0896	0.0908	276850	
row-windows	2026-09-27	merritt	rw:sparse:w4-6c:hand	b35ce8ea5	Microsoft.CodeAnalysis.CSharp	n=0;t=0;m=1;h=00000011	6	1.2051	1.1939	1.2198	2331396	
row-windows	2026-09-27	merritt	rw:sparse:w4-6c:hand	b35ce8ea5	System.Private.CoreLib	n=3;t=31;m=0;h=1D4BBCD1|n=3;t=31;m=0;h=86F5811B|n=3;t=31;m=0;h=C54C9836|n=3;t=31;m=0;h=CEDFDE56|n=3;t=31;m=0;h=ED236A8B|n=3;t=31;m=0;h=F3659BBE	6	2.7198	2.6913	2.7358	8878430	
row-windows	2026-09-27	merritt	rw:sparse:all:kernel	b35ce8ea5	CommandLine	n=3;t=-;m=0;h=1E367C0A|n=3;t=-;m=0;h=442B138D|n=3;t=-;m=0;h=7AAFD2C9|n=3;t=-;m=0;h=8045559C|n=3;t=-;m=0;h=82ACAF37|n=3;t=-;m=0;h=B801C0DF	6	0.0583	0.0573	0.0589	267578	
row-windows	2026-09-27	merritt	rw:sparse:all:kernel	b35ce8ea5	Humanizer	n=0;t=-;m=0;h=00000011	6	0.0760	0.0747	0.0762	301802	
row-windows	2026-09-27	merritt	rw:sparse:all:kernel	b35ce8ea5	Mono.Cecil	n=0;t=-;m=0;h=00000011	6	0.0697	0.0691	0.0704	105290	
row-windows	2026-09-27	merritt	rw:sparse:all:kernel	b35ce8ea5	Newtonsoft.Json	n=11;t=-;m=0;h=248213AC|n=11;t=-;m=0;h=329C55E0|n=11;t=-;m=0;h=46D3F54F|n=11;t=-;m=0;h=911340D0|n=11;t=-;m=0;h=A8067CD8|n=11;t=-;m=0;h=C379DB34	6	0.2117	0.2103	0.2144	811444	
row-windows	2026-09-27	merritt	rw:sparse:all:kernel	b35ce8ea5	System.Text.Json	n=8;t=-;m=0;h=0C1BFE7F|n=8;t=-;m=0;h=134664E0|n=8;t=-;m=0;h=203F33AF|n=8;t=-;m=0;h=425B92E8|n=8;t=-;m=0;h=C0FF64EF|n=8;t=-;m=0;h=CCE34D82	6	0.1883	0.1862	0.1931	796506	
row-windows	2026-09-27	merritt	rw:sparse:all:kernel	b35ce8ea5	NuGet.Packaging	n=22;t=-;m=0;h=373FAAA7|n=22;t=-;m=0;h=9499615E|n=22;t=-;m=0;h=95E7BEF3|n=22;t=-;m=0;h=C5DB50ED|n=22;t=-;m=0;h=DC3FD72F|n=22;t=-;m=0;h=F4A77D5A	6	0.1078	0.1064	0.1099	319954	
row-windows	2026-09-27	merritt	rw:sparse:all:kernel	b35ce8ea5	Microsoft.CodeAnalysis.CSharp	n=0;t=-;m=0;h=00000011	6	1.3528	1.3399	1.3602	2331718	
row-windows	2026-09-27	merritt	rw:sparse:all:kernel	b35ce8ea5	System.Private.CoreLib	n=31;t=-;m=0;h=31F259E8|n=31;t=-;m=0;h=94C3D4C4|n=31;t=-;m=0;h=A36C4F4B|n=31;t=-;m=0;h=C0E520CC|n=31;t=-;m=0;h=CBB59EDA|n=31;t=-;m=0;h=F9C8699F	6	2.8450	2.8285	2.8654	8907647	
row-windows	2026-09-27	merritt	rw:sparse:all:hand	b35ce8ea5	CommandLine	n=3;t=-;m=0;h=12654819|n=3;t=-;m=0;h=2897EFD5|n=3;t=-;m=0;h=39E1E1B1|n=3;t=-;m=0;h=4EB1FFCB|n=3;t=-;m=0;h=955B5BC9|n=3;t=-;m=0;h=C0C59596	6	0.0556	0.0552	0.0560	267570	
row-windows	2026-09-27	merritt	rw:sparse:all:hand	b35ce8ea5	Humanizer	n=0;t=-;m=0;h=00000011	6	0.0714	0.0707	0.0723	301794	
row-windows	2026-09-27	merritt	rw:sparse:all:hand	b35ce8ea5	Mono.Cecil	n=0;t=-;m=0;h=00000011	6	0.0609	0.0602	0.0615	105282	
row-windows	2026-09-27	merritt	rw:sparse:all:hand	b35ce8ea5	Newtonsoft.Json	n=11;t=-;m=0;h=094DB0C7|n=11;t=-;m=0;h=569C282F|n=11;t=-;m=0;h=935930ED|n=11;t=-;m=0;h=BDE3C1EC|n=11;t=-;m=0;h=C4D141E4|n=11;t=-;m=0;h=CB4CB5F0	6	0.2019	0.1998	0.2024	811434	
row-windows	2026-09-27	merritt	rw:sparse:all:hand	b35ce8ea5	System.Text.Json	n=8;t=-;m=0;h=3417C4F8|n=8;t=-;m=0;h=7C4202B4|n=8;t=-;m=0;h=9B8EA879|n=8;t=-;m=0;h=C110317F|n=8;t=-;m=0;h=D157C95A|n=8;t=-;m=0;h=F68B54F6	6	0.1757	0.1746	0.1776	796498	
row-windows	2026-09-27	merritt	rw:sparse:all:hand	b35ce8ea5	NuGet.Packaging	n=22;t=-;m=0;h=179B9D5A|n=22;t=-;m=0;h=283FBAA3|n=22;t=-;m=0;h=57E9B9E8|n=22;t=-;m=0;h=5D9A19A5|n=22;t=-;m=0;h=7B54B3B9|n=22;t=-;m=0;h=7F997D3A	6	0.0991	0.0988	0.1001	319946	
row-windows	2026-09-27	merritt	rw:sparse:all:hand	b35ce8ea5	Microsoft.CodeAnalysis.CSharp	n=0;t=-;m=0;h=00000011	6	1.2067	1.1917	1.2176	2331708	
row-windows	2026-09-27	merritt	rw:sparse:all:hand	b35ce8ea5	System.Private.CoreLib	n=31;t=-;m=0;h=3C981035|n=31;t=-;m=0;h=6D3060E5|n=31;t=-;m=0;h=7E6C5471|n=31;t=-;m=0;h=92919191|n=31;t=-;m=0;h=A659413D|n=31;t=-;m=0;h=DE0D4464	6	2.7341	2.6993	2.7436	8907638	
row-windows	2026-09-27	merritt	rw:sparse:all:mat	b35ce8ea5	CommandLine	n=3;t=-;m=0;h=019A43D4|n=3;t=-;m=0;h=534C7CE8|n=3;t=-;m=0;h=ACE6E10C|n=3;t=-;m=0;h=BBFB65C2|n=3;t=-;m=0;h=ECFC0246|n=3;t=-;m=0;h=F1DCB0DF	6	0.0561	0.0553	0.0565	267610	
row-windows	2026-09-27	merritt	rw:sparse:all:mat	b35ce8ea5	Humanizer	n=0;t=-;m=0;h=00000011	6	0.0714	0.0706	0.0729	301834	
row-windows	2026-09-27	merritt	rw:sparse:all:mat	b35ce8ea5	Mono.Cecil	n=0;t=-;m=0;h=00000011	6	0.0609	0.0605	0.0619	105322	
row-windows	2026-09-27	merritt	rw:sparse:all:mat	b35ce8ea5	Newtonsoft.Json	n=11;t=-;m=0;h=003B7618|n=11;t=-;m=0;h=189430A2|n=11;t=-;m=0;h=217715EA|n=11;t=-;m=0;h=778927C6|n=11;t=-;m=0;h=79898AB3|n=11;t=-;m=0;h=9FAC00A9	6	0.2007	0.1999	0.2027	811474	
row-windows	2026-09-27	merritt	rw:sparse:all:mat	b35ce8ea5	System.Text.Json	n=8;t=-;m=0;h=468D5425|n=8;t=-;m=0;h=54E7E4E4|n=8;t=-;m=0;h=5C793999|n=8;t=-;m=0;h=88D0F0DD|n=8;t=-;m=0;h=B24FE35D|n=8;t=-;m=0;h=C8396CF4	6	0.1758	0.1752	0.1797	796538	
row-windows	2026-09-27	merritt	rw:sparse:all:mat	b35ce8ea5	NuGet.Packaging	n=22;t=-;m=0;h=40249A37|n=22;t=-;m=0;h=47AA3F72|n=22;t=-;m=0;h=4AF8911B|n=22;t=-;m=0;h=97E88041|n=22;t=-;m=0;h=BEC872D8|n=22;t=-;m=0;h=C9E7ED80	6	0.0988	0.0982	0.1000	319986	
row-windows	2026-09-27	merritt	rw:sparse:all:mat	b35ce8ea5	Microsoft.CodeAnalysis.CSharp	n=0;t=-;m=0;h=00000011	6	1.1984	1.1906	1.2152	2331747	
row-windows	2026-09-27	merritt	rw:sparse:all:mat	b35ce8ea5	System.Private.CoreLib	n=31;t=-;m=0;h=5ADC5CEB|n=31;t=-;m=0;h=667E0066|n=31;t=-;m=0;h=6939FFE1|n=31;t=-;m=0;h=83B68541|n=31;t=-;m=0;h=C3B51C3E|n=31;t=-;m=0;h=D20E0B89	6	2.7241	2.6885	2.7572	8907678	
row-windows	2026-09-27	merritt	rw:sparse:all:legacy	b35ce8ea5	CommandLine	n=3;t=-;m=0;h=22935803|n=3;t=-;m=0;h=2FC0C845|n=3;t=-;m=0;h=3222475D|n=3;t=-;m=0;h=3342AE26|n=3;t=-;m=0;h=86AED76D|n=3;t=-;m=0;h=8CCCAB62	6	0.1824	0.1813	0.1847	615383	
row-windows	2026-09-27	merritt	rw:sparse:all:legacy	b35ce8ea5	Humanizer	n=0;t=-;m=0;h=00000011	6	0.2011	0.2007	0.2032	761787	
row-windows	2026-09-27	merritt	rw:sparse:all:legacy	b35ce8ea5	Mono.Cecil	n=0;t=-;m=0;h=00000011	6	0.2577	0.2561	0.2591	760233	
row-windows	2026-09-27	merritt	rw:sparse:all:legacy	b35ce8ea5	Newtonsoft.Json	n=11;t=-;m=0;h=3E34E8ED|n=11;t=-;m=0;h=4CC992D1|n=11;t=-;m=0;h=5E568C81|n=11;t=-;m=0;h=89126581|n=11;t=-;m=0;h=A5334FB5|n=11;t=-;m=0;h=DDEC6BC9	6	0.5594	0.5565	0.5640	1756386	
row-windows	2026-09-27	merritt	rw:sparse:all:legacy	b35ce8ea5	System.Text.Json	n=8;t=-;m=0;h=1894A1CB|n=8;t=-;m=0;h=2806600D|n=8;t=-;m=0;h=4992BF00|n=8;t=-;m=0;h=4EC9B8C8|n=8;t=-;m=0;h=AFCD65D5|n=8;t=-;m=0;h=B63EEA69	6	0.5009	0.4964	0.5057	1665894	
row-windows	2026-09-27	merritt	rw:sparse:all:legacy	b35ce8ea5	NuGet.Packaging	n=22;t=-;m=0;h=1E9DC987|n=22;t=-;m=0;h=208BC052|n=22;t=-;m=0;h=5111A110|n=22;t=-;m=0;h=A2A86EE5|n=22;t=-;m=0;h=DF9E1B94|n=22;t=-;m=0;h=E1421B47	6	0.5113	0.5060	0.5136	1492922	
row-windows	2026-09-27	merritt	rw:sparse:all:legacy	b35ce8ea5	Microsoft.CodeAnalysis.CSharp	n=0;t=-;m=0;h=00000011	6	3.8731	3.8561	3.9222	9857584	
row-windows	2026-09-27	merritt	rw:sparse:all:legacy	b35ce8ea5	System.Private.CoreLib	n=31;t=-;m=0;h=2088DDD4|n=31;t=-;m=0;h=99A35BA1|n=31;t=-;m=0;h=AC5027CF|n=31;t=-;m=0;h=AD5562C4|n=31;t=-;m=0;h=C7AA900B|n=31;t=-;m=0;h=D7915C54	6	13.3621	13.3110	13.5260	36612420	
row-windows	2026-09-27	merritt	rw:dense:head6:kernel	b35ce8ea5	CommandLine	n=6;t=-;m=0;h=30C69FE3|n=6;t=-;m=0;h=4172511E|n=6;t=-;m=0;h=6FC2CE38|n=6;t=-;m=0;h=AB2CB855|n=6;t=-;m=0;h=EA63C4D0|n=6;t=-;m=0;h=FCA55983	6	0.0037	0.0036	0.0038	11850	
row-windows	2026-09-27	merritt	rw:dense:head6:kernel	b35ce8ea5	Humanizer	n=6;t=-;m=0;h=0B3F4173|n=6;t=-;m=0;h=158446C1|n=6;t=-;m=0;h=440ED8F5|n=6;t=-;m=0;h=661A6CF2|n=6;t=-;m=0;h=C5CC2AD6|n=6;t=-;m=0;h=C8B0D928	6	0.0029	0.0028	0.0030	9778	
row-windows	2026-09-27	merritt	rw:dense:head6:kernel	b35ce8ea5	Mono.Cecil	n=6;t=-;m=0;h=2D107ABD|n=6;t=-;m=0;h=89F621C0|n=6;t=-;m=0;h=9D3B849F|n=6;t=-;m=0;h=D027C7FD|n=6;t=-;m=0;h=DF0DCCED|n=6;t=-;m=0;h=E162E2D5	6	0.0029	0.0027	0.0029	9386	
row-windows	2026-09-27	merritt	rw:dense:head6:kernel	b35ce8ea5	Newtonsoft.Json	n=6;t=-;m=0;h=4E5755C3|n=6;t=-;m=0;h=86F90115|n=6;t=-;m=0;h=9A6656C9|n=6;t=-;m=0;h=A7402089|n=6;t=-;m=0;h=CDF353ED|n=6;t=-;m=0;h=D1BE257E	6	0.0029	0.0027	0.0029	9578	
row-windows	2026-09-27	merritt	rw:dense:head6:kernel	b35ce8ea5	System.Text.Json	n=6;t=-;m=0;h=1666B1B5|n=6;t=-;m=0;h=19136DC7|n=6;t=-;m=0;h=309C2069|n=6;t=-;m=0;h=46FB7015|n=6;t=-;m=0;h=816388A4|n=6;t=-;m=0;h=FB9C410A	6	0.0042	0.0041	0.0042	9906	
row-windows	2026-09-27	merritt	rw:dense:head6:kernel	b35ce8ea5	NuGet.Packaging	n=6;t=-;m=0;h=0821BC6B|n=6;t=-;m=0;h=209ED5CF|n=6;t=-;m=0;h=2AEDFD2E|n=6;t=-;m=0;h=34DD1A67|n=6;t=-;m=0;h=65195D34|n=6;t=-;m=0;h=DAC8117F	6	0.0036	0.0034	0.0036	12786	
row-windows	2026-09-27	merritt	rw:dense:head6:kernel	b35ce8ea5	Microsoft.CodeAnalysis.CSharp	n=6;t=-;m=0;h=1B59380F|n=6;t=-;m=0;h=39C810D6|n=6;t=-;m=0;h=A374D68F|n=6;t=-;m=0;h=B12E13F4|n=6;t=-;m=0;h=F2F51C65|n=6;t=-;m=0;h=F4472672	6	0.0027	0.0026	0.0028	9122	
row-windows	2026-09-27	merritt	rw:dense:head6:kernel	b35ce8ea5	System.Private.CoreLib	n=6;t=-;m=0;h=08DE6109|n=6;t=-;m=0;h=390E42CB|n=6;t=-;m=0;h=6BF97C71|n=6;t=-;m=0;h=9A50DF99|n=6;t=-;m=0;h=B2AEDA9B|n=6;t=-;m=0;h=E5B54E76	6	0.0047	0.0046	0.0048	8746	
row-windows	2026-09-27	fernie	rw:dense:head6:hand	b35ce8ea5	CommandLine	n=6;t=-;m=0;h=5DF8A33A|n=6;t=-;m=0;h=64B51366|n=6;t=-;m=0;h=7889692A|n=6;t=-;m=0;h=8C173404|n=6;t=-;m=0;h=ACF2A3BC|n=6;t=-;m=0;h=C920F64C	6	0.0066	0.0065	0.0078	11842	
row-windows	2026-09-27	fernie	rw:dense:head6:hand	b35ce8ea5	Humanizer	n=6;t=-;m=0;h=2DF19547|n=6;t=-;m=0;h=50DA25A9|n=6;t=-;m=0;h=5D2591A5|n=6;t=-;m=0;h=6275F70F|n=6;t=-;m=0;h=9DE2A2D7|n=6;t=-;m=0;h=DED7E729	6	0.0052	0.0052	0.0054	9770	
row-windows	2026-09-27	fernie	rw:dense:head6:hand	b35ce8ea5	Mono.Cecil	n=6;t=-;m=0;h=08DDECCD|n=6;t=-;m=0;h=6B5F66B4|n=6;t=-;m=0;h=6BF97750|n=6;t=-;m=0;h=940FC6D2|n=6;t=-;m=0;h=D0CB620A|n=6;t=-;m=0;h=EB481589	6	0.0053	0.0053	0.0054	9378	
row-windows	2026-09-27	fernie	rw:dense:head6:hand	b35ce8ea5	Newtonsoft.Json	n=6;t=-;m=0;h=2372375B|n=6;t=-;m=0;h=5E980003|n=6;t=-;m=0;h=B3AD1E84|n=6;t=-;m=0;h=B44C41E0|n=6;t=-;m=0;h=F46DDF2D|n=6;t=-;m=0;h=F79950D4	6	0.0052	0.0051	0.0053	9570	
row-windows	2026-09-27	fernie	rw:dense:head6:hand	b35ce8ea5	System.Text.Json	n=6;t=-;m=0;h=1603B9B3|n=6;t=-;m=0;h=1BD11E25|n=6;t=-;m=0;h=A99517E9|n=6;t=-;m=0;h=D9EE261D|n=6;t=-;m=0;h=F39B297A|n=6;t=-;m=0;h=FE4FF768	6	0.0062	0.0062	0.0064	9898	
row-windows	2026-09-27	fernie	rw:dense:head6:hand	b35ce8ea5	NuGet.Packaging	n=6;t=-;m=0;h=28DE5EC2|n=6;t=-;m=0;h=2ACE4631|n=6;t=-;m=0;h=555F6574|n=6;t=-;m=0;h=5B443174|n=6;t=-;m=0;h=B83DB93D|n=6;t=-;m=0;h=FC88F551	6	0.0065	0.0065	0.0066	12778	
row-windows	2026-09-27	fernie	rw:dense:head6:hand	b35ce8ea5	Microsoft.CodeAnalysis.CSharp	n=6;t=-;m=0;h=02588EAF|n=6;t=-;m=0;h=0378BAA4|n=6;t=-;m=0;h=05EA30B0|n=6;t=-;m=0;h=77E0FF76|n=6;t=-;m=0;h=878AA18C|n=6;t=-;m=0;h=B61AEA7F	6	0.0050	0.0050	0.0084	9114	
row-windows	2026-09-27	fernie	rw:dense:head6:hand	b35ce8ea5	System.Private.CoreLib	n=6;t=-;m=0;h=15799E35|n=6;t=-;m=0;h=6742B58D|n=6;t=-;m=0;h=811B3A30|n=6;t=-;m=0;h=865717C0|n=6;t=-;m=0;h=896B57D6|n=6;t=-;m=0;h=C296239E	6	0.0069	0.0068	0.0072	8738	
row-windows	2026-09-27	fernie	rw:dense:w4-6:kernel	b35ce8ea5	CommandLine	n=3;t=-;m=0;h=32A5AC26|n=3;t=-;m=0;h=35B6CF10|n=3;t=-;m=0;h=51664599|n=3;t=-;m=0;h=B64EE69D|n=3;t=-;m=0;h=BF68EB32|n=3;t=-;m=0;h=EA474C5D	6	0.0052	0.0052	0.0053	8722	
row-windows	2026-09-27	fernie	rw:dense:w4-6:kernel	b35ce8ea5	Humanizer	n=3;t=-;m=0;h=212CD28F|n=3;t=-;m=0;h=3B32F33D|n=3;t=-;m=0;h=40130B2A|n=3;t=-;m=0;h=425DF141|n=3;t=-;m=0;h=48BFDC08|n=3;t=-;m=0;h=4FDC2745	6	0.0043	0.0043	0.0044	7306	
row-windows	2026-09-27	fernie	rw:dense:w4-6:kernel	b35ce8ea5	Mono.Cecil	n=3;t=-;m=0;h=407CA51C|n=3;t=-;m=0;h=61DE09AC|n=3;t=-;m=0;h=6D23F311|n=3;t=-;m=0;h=A28A995F|n=3;t=-;m=0;h=A6F41614|n=3;t=-;m=0;h=FD80E471	6	0.0043	0.0043	0.0044	6898	
row-windows	2026-09-27	fernie	rw:dense:w4-6:kernel	b35ce8ea5	Newtonsoft.Json	n=3;t=-;m=0;h=66622FB6|n=3;t=-;m=0;h=931791E4|n=3;t=-;m=0;h=9E72A1B1|n=3;t=-;m=0;h=D0F28604|n=3;t=-;m=0;h=DF392DC8|n=3;t=-;m=0;h=E4EE395C	6	0.0043	0.0043	0.0044	7218	
row-windows	2026-09-27	fernie	rw:dense:w4-6:kernel	b35ce8ea5	System.Text.Json	n=3;t=-;m=0;h=40CD8B54|n=3;t=-;m=0;h=4EA94AC4|n=3;t=-;m=0;h=52683AD9|n=3;t=-;m=0;h=C0780A50|n=3;t=-;m=0;h=D90250FB|n=3;t=-;m=0;h=EAF85FEF	6	0.0062	0.0061	0.0063	6994	
row-windows	2026-09-27	fernie	rw:dense:w4-6:kernel	b35ce8ea5	NuGet.Packaging	n=3;t=-;m=0;h=161FCE77|n=3;t=-;m=0;h=8277395A|n=3;t=-;m=0;h=970EEDED|n=3;t=-;m=0;h=A62C9222|n=3;t=-;m=0;h=E5CB7E5A|n=3;t=-;m=0;h=E9E431A5	6	0.0043	0.0043	0.0044	6714	
row-windows	2026-09-27	fernie	rw:dense:w4-6:kernel	b35ce8ea5	Microsoft.CodeAnalysis.CSharp	n=3;t=-;m=0;h=324E1451|n=3;t=-;m=0;h=4175B340|n=3;t=-;m=0;h=56DD37A1|n=3;t=-;m=0;h=8407084E|n=3;t=-;m=0;h=A8E80F3F|n=3;t=-;m=0;h=BD355C61	6	0.0042	0.0042	0.0042	7010	
row-windows	2026-09-27	fernie	rw:dense:w4-6:kernel	b35ce8ea5	System.Private.CoreLib	n=3;t=-;m=0;h=A8EBA890|n=3;t=-;m=0;h=C7C7BA6C|n=3;t=-;m=0;h=CDA0622A|n=3;t=-;m=0;h=DE960C07|n=3;t=-;m=0;h=E0C36223|n=3;t=-;m=0;h=E7D02DDF	6	0.0072	0.0071	0.0073	6474	
row-windows	2026-09-27	fernie	rw:dense:w4-6:hand	b35ce8ea5	CommandLine	n=3;t=-;m=0;h=013F520A|n=3;t=-;m=0;h=02011319|n=3;t=-;m=0;h=7574ACB3|n=3;t=-;m=0;h=8CEDDBD6|n=3;t=-;m=0;h=B3591FC1|n=3;t=-;m=0;h=C96132C0	6	0.0052	0.0052	0.0054	8714	
row-windows	2026-09-27	fernie	rw:dense:w4-6:hand	b35ce8ea5	Humanizer	n=3;t=-;m=0;h=41B4F566|n=3;t=-;m=0;h=5462770C|n=3;t=-;m=0;h=55F3E8F5|n=3;t=-;m=0;h=5AC5CB0F|n=3;t=-;m=0;h=A19ACE17|n=3;t=-;m=0;h=F286B99D	6	0.0043	0.0043	0.0045	7298	
row-windows	2026-09-27	fernie	rw:dense:w4-6:hand	b35ce8ea5	Mono.Cecil	n=3;t=-;m=0;h=2C137E2E|n=3;t=-;m=0;h=8F7F9066|n=3;t=-;m=0;h=A1F485DB|n=3;t=-;m=0;h=A9940997|n=3;t=-;m=0;h=BB7E0BF2|n=3;t=-;m=0;h=FB11BDFB	6	0.0043	0.0042	0.0044	6890	
row-windows	2026-09-27	fernie	rw:dense:w4-6:hand	b35ce8ea5	Newtonsoft.Json	n=3;t=-;m=0;h=234A6A83|n=3;t=-;m=0;h=62DDCBCE|n=3;t=-;m=0;h=68D016F7|n=3;t=-;m=0;h=A256D8FB|n=3;t=-;m=0;h=B9E7CB4E|n=3;t=-;m=0;h=D94C259A	6	0.0043	0.0043	0.0046	7210	
row-windows	2026-09-27	fernie	rw:dense:w4-6:hand	b35ce8ea5	System.Text.Json	n=3;t=-;m=0;h=0664239F|n=3;t=-;m=0;h=24C4A364|n=3;t=-;m=0;h=3C064FC8|n=3;t=-;m=0;h=5ACD5B63|n=3;t=-;m=0;h=77157AF4|n=3;t=-;m=0;h=C60F1422	6	0.0052	0.0052	0.0054	6986	
row-windows	2026-09-27	fernie	rw:dense:w4-6:hand	b35ce8ea5	NuGet.Packaging	n=3;t=-;m=0;h=056A49EE|n=3;t=-;m=0;h=08FF2488|n=3;t=-;m=0;h=1726502C|n=3;t=-;m=0;h=631ED5E0|n=3;t=-;m=0;h=9B7EFFB8|n=3;t=-;m=0;h=C83A1D80	6	0.0044	0.0043	0.0045	6706	
row-windows	2026-09-27	fernie	rw:dense:w4-6:hand	b35ce8ea5	Microsoft.CodeAnalysis.CSharp	n=3;t=-;m=0;h=00D9C581|n=3;t=-;m=0;h=49E0360B|n=3;t=-;m=0;h=A6FAFD12|n=3;t=-;m=0;h=BCF70011|n=3;t=-;m=0;h=FC992EAD|n=3;t=-;m=0;h=FE5EE429	6	0.0043	0.0042	0.0044	7002	
row-windows	2026-09-27	fernie	rw:dense:w4-6:hand	b35ce8ea5	System.Private.CoreLib	n=3;t=-;m=0;h=61F37248|n=3;t=-;m=0;h=620F4E53|n=3;t=-;m=0;h=8019BE6F|n=3;t=-;m=0;h=96F0E47F|n=3;t=-;m=0;h=DA8F8B51|n=3;t=-;m=0;h=E136BDCD	6	0.0059	0.0059	0.0061	6466	
row-windows	2026-09-27	fernie	rw:dense:w100-110:kernel	b35ce8ea5	CommandLine	n=11;t=-;m=0;h=27CDBD6C|n=11;t=-;m=0;h=84256C30|n=11;t=-;m=0;h=9717D8D2|n=11;t=-;m=0;h=B1CBF560|n=11;t=-;m=0;h=C02005BD|n=11;t=-;m=0;h=FCC64832	6	0.0150	0.0150	0.0151	22026	
row-windows	2026-09-27	fernie	rw:dense:w100-110:kernel	b35ce8ea5	Humanizer	n=11;t=-;m=0;h=28920105|n=11;t=-;m=0;h=8250CF57|n=11;t=-;m=0;h=94C3FF23|n=11;t=-;m=0;h=96B5E9A7|n=11;t=-;m=0;h=A801A5AD|n=11;t=-;m=0;h=AFE9C5B2	6	0.0119	0.0116	0.0120	15682	
row-windows	2026-09-27	fernie	rw:dense:w100-110:kernel	b35ce8ea5	Mono.Cecil	n=11;t=-;m=0;h=10BFFF9E|n=11;t=-;m=0;h=9A228151|n=11;t=-;m=0;h=A23F6FCC|n=11;t=-;m=0;h=BC6DC66D|n=11;t=-;m=0;h=DF7FDF6A|n=11;t=-;m=0;h=E54822CD	6	0.0135	0.0133	0.0143	18970	
row-windows	2026-09-27	fernie	rw:dense:w100-110:kernel	b35ce8ea5	Newtonsoft.Json	n=11;t=-;m=0;h=132D9EC4|n=11;t=-;m=0;h=5880B73D|n=11;t=-;m=0;h=6805F230|n=11;t=-;m=0;h=E5E44A83|n=11;t=-;m=0;h=E6B148B9|n=11;t=-;m=0;h=FBC0D3E9	6	0.0152	0.0151	0.0163	19834	
row-windows	2026-09-27	fernie	rw:dense:w100-110:kernel	b35ce8ea5	System.Text.Json	n=11;t=-;m=0;h=16E3AB6A|n=11;t=-;m=0;h=5E03A1C5|n=11;t=-;m=0;h=8F1F8986|n=11;t=-;m=0;h=B198B52C|n=11;t=-;m=0;h=F16D7641|n=11;t=-;m=0;h=F39EAE6D	6	0.0144	0.0143	0.0149	22034	
row-windows	2026-09-27	fernie	rw:dense:w100-110:kernel	b35ce8ea5	NuGet.Packaging	n=11;t=-;m=0;h=18D2F40E|n=11;t=-;m=0;h=21387E45|n=11;t=-;m=0;h=45304F02|n=11;t=-;m=0;h=49EBB3FF|n=11;t=-;m=0;h=B9D824D6|n=11;t=-;m=0;h=C9450E28	6	0.0134	0.0134	0.0135	18570	
row-windows	2026-09-27	fernie	rw:dense:w100-110:kernel	b35ce8ea5	Microsoft.CodeAnalysis.CSharp	n=11;t=-;m=0;h=63B98DFA|n=11;t=-;m=0;h=8EEDFB34|n=11;t=-;m=0;h=960F2C5E|n=11;t=-;m=0;h=9F788107|n=11;t=-;m=0;h=BD81F841|n=11;t=-;m=0;h=BF64F84C	6	0.0287	0.0283	0.0289	19242	
row-windows	2026-09-27	fernie	rw:dense:w100-110:kernel	b35ce8ea5	System.Private.CoreLib	n=11;t=-;m=0;h=005C71F8|n=11;t=-;m=0;h=6C43A236|n=11;t=-;m=0;h=87D2D0A1|n=11;t=-;m=0;h=A5AA1E8B|n=11;t=-;m=0;h=A6994D38|n=11;t=-;m=0;h=C5F9E961	6	0.0152	0.0150	0.0153	13458	
row-windows	2026-09-27	fernie	rw:dense:w100-110:hand	b35ce8ea5	CommandLine	n=11;t=-;m=0;h=168E3AFE|n=11;t=-;m=0;h=250C1569|n=11;t=-;m=0;h=5E938156|n=11;t=-;m=0;h=62718B92|n=11;t=-;m=0;h=B5D47489|n=11;t=-;m=0;h=CE912BB5	6	0.0148	0.0147	0.0150	22018	
row-windows	2026-09-27	fernie	rw:dense:w100-110:hand	b35ce8ea5	Humanizer	n=11;t=-;m=0;h=2F336F7C|n=11;t=-;m=0;h=34CD2925|n=11;t=-;m=0;h=37F103F4|n=11;t=-;m=0;h=B89B6094|n=11;t=-;m=0;h=C095774A|n=11;t=-;m=0;h=F38629DF	6	0.0114	0.0114	0.0123	15674	
row-windows	2026-09-27	fernie	rw:dense:w100-110:hand	b35ce8ea5	Mono.Cecil	n=11;t=-;m=0;h=1478F05B|n=11;t=-;m=0;h=23F20746|n=11;t=-;m=0;h=9FD160E0|n=11;t=-;m=0;h=A8614D97|n=11;t=-;m=0;h=B24B4B9B|n=11;t=-;m=0;h=F3E1153C	6	0.0131	0.0129	0.0134	18962	
row-windows	2026-09-27	fernie	rw:dense:w100-110:hand	b35ce8ea5	Newtonsoft.Json	n=11;t=-;m=0;h=082346B1|n=11;t=-;m=0;h=2B62770A|n=11;t=-;m=0;h=3E1336AD|n=11;t=-;m=0;h=64A145DD|n=11;t=-;m=0;h=7F682279|n=11;t=-;m=0;h=FACB038C	6	0.0148	0.0148	0.0154	19826	
row-windows	2026-09-27	fernie	rw:dense:w100-110:hand	b35ce8ea5	System.Text.Json	n=11;t=-;m=0;h=2D674DF1|n=11;t=-;m=0;h=501C3BC7|n=11;t=-;m=0;h=5E8D2453|n=11;t=-;m=0;h=624CACA8|n=11;t=-;m=0;h=D6B32162|n=11;t=-;m=0;h=DB09E0A4	6	0.0131	0.0130	0.0131	22026	
row-windows	2026-09-27	fernie	rw:dense:w100-110:hand	b35ce8ea5	NuGet.Packaging	n=11;t=-;m=0;h=2C861124|n=11;t=-;m=0;h=6F2E83C9|n=11;t=-;m=0;h=7A2AD210|n=11;t=-;m=0;h=B5FCFCBC|n=11;t=-;m=0;h=BB046DF2|n=11;t=-;m=0;h=C37DBADF	6	0.0129	0.0129	0.0132	18562	
row-windows	2026-09-27	fernie	rw:dense:w100-110:hand	b35ce8ea5	Microsoft.CodeAnalysis.CSharp	n=11;t=-;m=0;h=50370EB2|n=11;t=-;m=0;h=9F4B7C59|n=11;t=-;m=0;h=A2A2A9A9|n=11;t=-;m=0;h=AB0AED6C|n=11;t=-;m=0;h=AE89DEC0|n=11;t=-;m=0;h=B5A5C6F3	6	0.0197	0.0195	0.0208	19234	
row-windows	2026-09-27	fernie	rw:dense:w100-110:hand	b35ce8ea5	System.Private.CoreLib	n=11;t=-;m=0;h=1C2C674F|n=11;t=-;m=0;h=6A4A2372|n=11;t=-;m=0;h=88C57E3B|n=11;t=-;m=0;h=895BF970|n=11;t=-;m=0;h=EB02AD7E|n=11;t=-;m=0;h=F8A23008	6	0.0132	0.0132	0.0139	13450	
row-windows	2026-09-27	fernie	rw:dense:w1000-1010:kernel	b35ce8ea5	CommandLine	n=0;t=-;m=1;h=00000011	6	0.0265	0.0263	0.0268	4858	
row-windows	2026-09-27	fernie	rw:dense:w1000-1010:kernel	b35ce8ea5	Humanizer	n=0;t=-;m=1;h=00000011	6	0.0442	0.0442	0.0447	4858	
row-windows	2026-09-27	fernie	rw:dense:w1000-1010:kernel	b35ce8ea5	Mono.Cecil	n=0;t=-;m=1;h=00000011	6	0.0786	0.0783	0.0790	4858	
row-windows	2026-09-27	fernie	rw:dense:w1000-1010:kernel	b35ce8ea5	Newtonsoft.Json	n=11;t=-;m=0;h=42AFB188|n=11;t=-;m=0;h=60FA0686|n=11;t=-;m=0;h=6F8525FA|n=11;t=-;m=0;h=83A28710|n=11;t=-;m=0;h=E89FB51A|n=11;t=-;m=0;h=FCD66EE4	6	0.0720	0.0713	0.0721	16282	
row-windows	2026-09-27	fernie	rw:dense:w1000-1010:kernel	b35ce8ea5	System.Text.Json	n=11;t=-;m=0;h=577C8A43|n=11;t=-;m=0;h=5C7A040F|n=11;t=-;m=0;h=92CF0D7B|n=11;t=-;m=0;h=BD39881B|n=11;t=-;m=0;h=C761F7C5|n=11;t=-;m=0;h=ECCF6921	6	0.0677	0.0673	0.0686	20690	
row-windows	2026-09-27	fernie	rw:dense:w1000-1010:kernel	b35ce8ea5	NuGet.Packaging	n=0;t=-;m=1;h=00000011	6	0.0759	0.0755	0.0777	4858	
row-windows	2026-09-27	fernie	rw:dense:w1000-1010:kernel	b35ce8ea5	Microsoft.CodeAnalysis.CSharp	n=11;t=-;m=0;h=06035A17|n=11;t=-;m=0;h=185B8F3A|n=11;t=-;m=0;h=635444F2|n=11;t=-;m=0;h=B8574179|n=11;t=-;m=0;h=E673D0FC|n=11;t=-;m=0;h=EDDBD80F	6	0.0915	0.0912	0.0923	19018	
row-windows	2026-09-27	fernie	rw:dense:w1000-1010:kernel	b35ce8ea5	System.Private.CoreLib	n=11;t=-;m=0;h=0DBC9149|n=11;t=-;m=0;h=4A27AA08|n=11;t=-;m=0;h=5D90F239|n=11;t=-;m=0;h=8351FC8A|n=11;t=-;m=0;h=9FBE0C76|n=11;t=-;m=0;h=C0248420	6	0.0633	0.0631	0.0635	14802	
row-windows	2026-09-27	fernie	rw:dense:w1000-1010:hand	b35ce8ea5	CommandLine	n=0;t=-;m=1;h=00000011	6	0.0241	0.0241	0.0246	4850	
row-windows	2026-09-27	fernie	rw:dense:w1000-1010:hand	b35ce8ea5	Humanizer	n=0;t=-;m=1;h=00000011	6	0.0398	0.0397	0.0402	4850	
row-windows	2026-09-27	fernie	rw:dense:w1000-1010:hand	b35ce8ea5	Mono.Cecil	n=0;t=-;m=1;h=00000011	6	0.0701	0.0699	0.0703	4850	
row-windows	2026-09-27	fernie	rw:dense:w1000-1010:hand	b35ce8ea5	Newtonsoft.Json	n=11;t=-;m=0;h=51BC0DA2|n=11;t=-;m=0;h=8F0FEFD7|n=11;t=-;m=0;h=A37448C6|n=11;t=-;m=0;h=ACE730D5|n=11;t=-;m=0;h=BDF29649|n=11;t=-;m=0;h=D89D10C7	6	0.0646	0.0645	0.0672	16274	
row-windows	2026-09-27	fernie	rw:dense:w1000-1010:hand	b35ce8ea5	System.Text.Json	n=11;t=-;m=0;h=424B9341|n=11;t=-;m=0;h=63502C34|n=11;t=-;m=0;h=991FF91A|n=11;t=-;m=0;h=CCC49355|n=11;t=-;m=0;h=D003F299|n=11;t=-;m=0;h=EA8CC170	6	0.0590	0.0587	0.0592	20682	
row-windows	2026-09-27	fernie	rw:dense:w1000-1010:hand	b35ce8ea5	NuGet.Packaging	n=0;t=-;m=1;h=00000011	6	0.0665	0.0663	0.0666	4850	
row-windows	2026-09-27	fernie	rw:dense:w1000-1010:hand	b35ce8ea5	Microsoft.CodeAnalysis.CSharp	n=11;t=-;m=0;h=0CBDC6AD|n=11;t=-;m=0;h=3A6E19BA|n=11;t=-;m=0;h=67A2359E|n=11;t=-;m=0;h=D1D5DDE5|n=11;t=-;m=0;h=E9A01BD4|n=11;t=-;m=0;h=F1FB6EAD	6	0.0721	0.0718	0.0729	19010	
row-windows	2026-09-27	fernie	rw:dense:w1000-1010:hand	b35ce8ea5	System.Private.CoreLib	n=11;t=-;m=0;h=6F9A5DEE|n=11;t=-;m=0;h=A94F5927|n=11;t=-;m=0;h=B8D48A4D|n=11;t=-;m=0;h=BC7EC9E5|n=11;t=-;m=0;h=CAF4B33F|n=11;t=-;m=0;h=D4B7E778	6	0.0539	0.0537	0.0543	14794	
row-windows	2026-09-27	fernie	rw:dense:w4-6c:kernel	b35ce8ea5	CommandLine	n=3;t=403;m=0;h=2ED0B15E|n=3;t=403;m=0;h=77ECAF4D|n=3;t=403;m=0;h=A01DE19F|n=3;t=403;m=0;h=B5F514A9|n=3;t=403;m=0;h=F248F9EB|n=3;t=403;m=0;h=FF11AB11	6	0.0287	0.0282	0.0298	8754	
row-windows	2026-09-27	fernie	rw:dense:w4-6c:kernel	b35ce8ea5	Humanizer	n=3;t=735;m=0;h=0B318F5C|n=3;t=735;m=0;h=4ECFE39F|n=3;t=735;m=0;h=55F194B5|n=3;t=735;m=0;h=850225EF|n=3;t=735;m=0;h=89F3A2CC|n=3;t=735;m=0;h=E349BFBB	6	0.0456	0.0454	0.0464	7338	
row-windows	2026-09-27	fernie	rw:dense:w4-6c:kernel	b35ce8ea5	Mono.Cecil	n=3;t=992;m=0;h=0A2C3465|n=3;t=992;m=0;h=3A190639|n=3;t=992;m=0;h=5FB0A655|n=3;t=992;m=0;h=814823A9|n=3;t=992;m=0;h=8873AE0A|n=3;t=992;m=0;h=F95DD0E6	6	0.0799	0.0797	0.0802	6930	
row-windows	2026-09-27	fernie	rw:dense:w4-6c:kernel	b35ce8ea5	Newtonsoft.Json	n=3;t=1509;m=0;h=1C15B00D|n=3;t=1509;m=0;h=5BCE6064|n=3;t=1509;m=0;h=835CF7C7|n=3;t=1509;m=0;h=C73D93F1|n=3;t=1509;m=0;h=C97D5751|n=3;t=1509;m=0;h=E0750CC9	6	0.0998	0.0995	0.1019	7250	
row-windows	2026-09-27	fernie	rw:dense:w4-6c:kernel	b35ce8ea5	System.Text.Json	n=3;t=1337;m=0;h=24CB62C0|n=3;t=1337;m=0;h=838DDC3C|n=3;t=1337;m=0;h=9EA92E30|n=3;t=1337;m=0;h=AC1345CA|n=3;t=1337;m=0;h=AFF6538D|n=3;t=1337;m=0;h=EC371005	6	0.0887	0.0881	0.0897	7026	
row-windows	2026-09-27	fernie	rw:dense:w4-6c:kernel	b35ce8ea5	NuGet.Packaging	n=3;t=999;m=0;h=0EFA7426|n=3;t=999;m=0;h=18F2F1E7|n=3;t=999;m=0;h=2A626C8E|n=3;t=999;m=0;h=4C320233|n=3;t=999;m=0;h=AACB7331|n=3;t=999;m=0;h=CE1D1D53	6	0.0771	0.0768	0.0776	6746	
row-windows	2026-09-27	fernie	rw:dense:w4-6c:kernel	b35ce8ea5	Microsoft.CodeAnalysis.CSharp	n=3;t=13161;m=0;h=283699D4|n=3;t=13161;m=0;h=7CB93AE9|n=3;t=13161;m=0;h=82C3B589|n=3;t=13161;m=0;h=97405CFC|n=3;t=13161;m=0;h=D6B8DB07|n=3;t=13161;m=0;h=EDF6929F	6	0.8902	0.8873	0.9068	7053	
row-windows	2026-09-27	fernie	rw:dense:w4-6c:kernel	b35ce8ea5	System.Private.CoreLib	n=3;t=22475;m=0;h=3B9B6DB6|n=3;t=22475;m=0;h=3BF006BA|n=3;t=22475;m=0;h=BC40DCB7|n=3;t=22475;m=0;h=E960BEA4|n=3;t=22475;m=0;h=FEB2F4ED|n=3;t=22475;m=0;h=FF4A3DF4	6	1.0592	1.0571	1.0615	6505	
row-windows	2026-09-27	fernie	rw:dense:w4-6c:hand	b35ce8ea5	CommandLine	n=3;t=403;m=0;h=115F2B66|n=3;t=403;m=0;h=633062E5|n=3;t=403;m=0;h=A0FD3E98|n=3;t=403;m=0;h=BB9CD5FF|n=3;t=403;m=0;h=CF34F9EF|n=3;t=403;m=0;h=FC56A82E	6	0.0266	0.0261	0.0274	8746	
row-windows	2026-09-27	fernie	rw:dense:w4-6c:hand	b35ce8ea5	Humanizer	n=3;t=735;m=0;h=3BD34AD5|n=3;t=735;m=0;h=4AB2C9FC|n=3;t=735;m=0;h=70CAE44C|n=3;t=735;m=0;h=91B1CE34|n=3;t=735;m=0;h=F052282D|n=3;t=735;m=0;h=FECAC384	6	0.0416	0.0414	0.0425	7330	
row-windows	2026-09-27	fernie	rw:dense:w4-6c:hand	b35ce8ea5	Mono.Cecil	n=3;t=992;m=0;h=0187B818|n=3;t=992;m=0;h=0C5DA336|n=3;t=992;m=0;h=588D929C|n=3;t=992;m=0;h=59746224|n=3;t=992;m=0;h=6B81FCBF|n=3;t=992;m=0;h=76C144F3	6	0.0720	0.0716	0.0742	6922	
row-windows	2026-09-27	fernie	rw:dense:w4-6c:hand	b35ce8ea5	Newtonsoft.Json	n=3;t=1509;m=0;h=2B730C62|n=3;t=1509;m=0;h=3C89EA1F|n=3;t=1509;m=0;h=727DBC81|n=3;t=1509;m=0;h=BC99925B|n=3;t=1509;m=0;h=C0C18908|n=3;t=1509;m=0;h=E63BBC17	6	0.0899	0.0896	0.0913	7242	
row-windows	2026-09-27	fernie	rw:dense:w4-6c:hand	b35ce8ea5	System.Text.Json	n=3;t=1337;m=0;h=4CD6C44A|n=3;t=1337;m=0;h=540431C9|n=3;t=1337;m=0;h=69300A19|n=3;t=1337;m=0;h=838FD86D|n=3;t=1337;m=0;h=97D5053D|n=3;t=1337;m=0;h=CE2CCE36	6	0.0771	0.0767	0.0790	7018	
row-windows	2026-09-27	fernie	rw:dense:w4-6c:hand	b35ce8ea5	NuGet.Packaging	n=3;t=999;m=0;h=730BE0D3|n=3;t=999;m=0;h=913C5AEC|n=3;t=999;m=0;h=B7988A2B|n=3;t=999;m=0;h=D51E6403|n=3;t=999;m=0;h=ED89A4C9|n=3;t=999;m=0;h=F727E8C9	6	0.0683	0.0680	0.0685	6738	
row-windows	2026-09-27	fernie	rw:dense:w4-6c:hand	b35ce8ea5	Microsoft.CodeAnalysis.CSharp	n=3;t=13161;m=0;h=73D612D3|n=3;t=13161;m=0;h=7465FC3A|n=3;t=13161;m=0;h=788E8473|n=3;t=13161;m=0;h=91511FAD|n=3;t=13161;m=0;h=9F05C6A3|n=3;t=13161;m=0;h=FDF542FE	6	0.7322	0.7306	0.7329	7040	
row-windows	2026-09-27	fernie	rw:dense:w4-6c:hand	b35ce8ea5	System.Private.CoreLib	n=3;t=22475;m=0;h=0BDBAA3C|n=3;t=22475;m=0;h=2E439955|n=3;t=22475;m=0;h=6C2A5903|n=3;t=22475;m=0;h=7EDB0975|n=3;t=22475;m=0;h=BD160D62|n=3;t=22475;m=0;h=E41EF498	6	0.9435	0.9426	0.9441	6511	
row-windows	2026-09-27	fernie	rw:dense:all:kernel	b35ce8ea5	CommandLine	n=403;t=-;m=0;h=0E54774C|n=403;t=-;m=0;h=2A4641FE|n=403;t=-;m=0;h=403FCBF4|n=403;t=-;m=0;h=8EED5423|n=403;t=-;m=0;h=9DE4BE94|n=403;t=-;m=0;h=D01496D3	6	0.3477	0.3466	0.3485	739183	
row-windows	2026-09-27	fernie	rw:dense:all:kernel	b35ce8ea5	Humanizer	n=735;t=-;m=0;h=3D11DAAB|n=735;t=-;m=0;h=49B7D24E|n=735;t=-;m=0;h=68BA3EC1|n=735;t=-;m=0;h=70EE0277|n=735;t=-;m=0;h=750DCA24|n=735;t=-;m=0;h=8D35C9F6	6	0.3491	0.3489	0.3495	767240	
row-windows	2026-09-27	fernie	rw:dense:all:kernel	b35ce8ea5	Mono.Cecil	n=992;t=-;m=0;h=1E06EABA|n=992;t=-;m=0;h=3A4AC09D|n=992;t=-;m=0;h=5FEE322E|n=992;t=-;m=0;h=9800E57C|n=992;t=-;m=0;h=B2689969|n=992;t=-;m=0;h=FA4EE0A8	6	0.5364	0.5352	0.5387	1070450	
row-windows	2026-09-27	fernie	rw:dense:all:kernel	b35ce8ea5	Newtonsoft.Json	n=1509;t=-;m=0;h=023A61CC|n=1509;t=-;m=0;h=4D566DD4|n=1509;t=-;m=0;h=64C9E1B8|n=1509;t=-;m=0;h=DA80DFAD|n=1509;t=-;m=0;h=E2C662D5|n=1509;t=-;m=0;h=FCCEECA3	6	0.8225	0.8206	0.8240	1740349	
row-windows	2026-09-27	fernie	rw:dense:all:kernel	b35ce8ea5	System.Text.Json	n=1337;t=-;m=0;h=09201B4A|n=1337;t=-;m=0;h=229C7FB3|n=1337;t=-;m=0;h=26A5B2C2|n=1337;t=-;m=0;h=35097F7A|n=1337;t=-;m=0;h=6645AF37|n=1337;t=-;m=0;h=B495B9CA	6	0.7952	0.7939	0.8046	1787980	
row-windows	2026-09-27	fernie	rw:dense:all:kernel	b35ce8ea5	NuGet.Packaging	n=999;t=-;m=0;h=17358F87|n=999;t=-;m=0;h=28FEA965|n=999;t=-;m=0;h=97BA5A9D|n=999;t=-;m=0;h=9F34F090|n=999;t=-;m=0;h=BC5588A5|n=999;t=-;m=0;h=DD9CF2C3	6	0.6150	0.6124	0.6204	1275901	
row-windows	2026-09-27	fernie	rw:dense:all:kernel	b35ce8ea5	Microsoft.CodeAnalysis.CSharp	n=13161;t=-;m=0;h=32A4E2A2|n=13161;t=-;m=0;h=37474196|n=13161;t=-;m=0;h=41C24ECE|n=13161;t=-;m=0;h=7ACDA21D|n=13161;t=-;m=0;h=DB622A48|n=13161;t=-;m=0;h=F3F43280	6	17.1861	17.0106	17.3511	21201891	
row-windows	2026-09-27	fernie	rw:dense:all:kernel	b35ce8ea5	System.Private.CoreLib	n=22475;t=-;m=0;h=031F0633|n=22475;t=-;m=0;h=1AFC1B30|n=22475;t=-;m=0;h=1BFBB046|n=22475;t=-;m=0;h=3E7BD1D3|n=22475;t=-;m=0;h=761B69AC|n=22475;t=-;m=0;h=97390C36	6	29.0343	28.6346	29.3400	32249946	
row-windows	2026-09-27	fernie	rw:dense:all:hand	b35ce8ea5	CommandLine	n=403;t=-;m=0;h=0C08D71E|n=403;t=-;m=0;h=1B963495|n=403;t=-;m=0;h=1ED16420|n=403;t=-;m=0;h=5E78581A|n=403;t=-;m=0;h=D4F75C35|n=403;t=-;m=0;h=F4740748	6	0.3474	0.3461	0.3505	739175	
row-windows	2026-09-27	fernie	rw:dense:all:hand	b35ce8ea5	Humanizer	n=735;t=-;m=0;h=16BAE383|n=735;t=-;m=0;h=4F63F5FE|n=735;t=-;m=0;h=6B8BB8ED|n=735;t=-;m=0;h=6E41795D|n=735;t=-;m=0;h=BDA605EF|n=735;t=-;m=0;h=C0D5ED15	6	0.3478	0.3469	0.3499	767232	
row-windows	2026-09-27	fernie	rw:dense:all:hand	b35ce8ea5	Mono.Cecil	n=992;t=-;m=0;h=2968F6FC|n=992;t=-;m=0;h=2C3667B3|n=992;t=-;m=0;h=C6FA98DB|n=992;t=-;m=0;h=D82A4F3E|n=992;t=-;m=0;h=EC4559DE|n=992;t=-;m=0;h=F291E7E6	6	0.5300	0.5286	0.5338	1070442	
row-windows	2026-09-27	fernie	rw:dense:all:hand	b35ce8ea5	Newtonsoft.Json	n=1509;t=-;m=0;h=09A9D415|n=1509;t=-;m=0;h=6BFF0A07|n=1509;t=-;m=0;h=7FF86B74|n=1509;t=-;m=0;h=D95D3553|n=1509;t=-;m=0;h=F297D900|n=1509;t=-;m=0;h=F5507C6F	6	0.8167	0.8144	0.8205	1740340	
row-windows	2026-09-27	fernie	rw:dense:all:hand	b35ce8ea5	System.Text.Json	n=1337;t=-;m=0;h=6F8C98F6|n=1337;t=-;m=0;h=9A892F3F|n=1337;t=-;m=0;h=A3B9C068|n=1337;t=-;m=0;h=BC46DA81|n=1337;t=-;m=0;h=EC1799A2|n=1337;t=-;m=0;h=FDEF111A	6	0.7901	0.7864	0.7972	1787972	
row-windows	2026-09-27	fernie	rw:dense:all:hand	b35ce8ea5	NuGet.Packaging	n=999;t=-;m=0;h=1867FBEB|n=999;t=-;m=0;h=215872A8|n=999;t=-;m=0;h=7FDE9F2D|n=999;t=-;m=0;h=ACCCA73E|n=999;t=-;m=0;h=C44B8597|n=999;t=-;m=0;h=F63255B0	6	0.6094	0.6070	0.6115	1275893	
row-windows	2026-09-27	fernie	rw:dense:all:hand	b35ce8ea5	Microsoft.CodeAnalysis.CSharp	n=13161;t=-;m=0;h=2C504D4B|n=13161;t=-;m=0;h=2D8A0376|n=13161;t=-;m=0;h=6E602A83|n=13161;t=-;m=0;h=886A4B6D|n=13161;t=-;m=0;h=901E3BAF|n=13161;t=-;m=0;h=A2869463	6	16.9162	16.6465	17.2236	21201882	
row-windows	2026-09-27	fernie	rw:dense:all:hand	b35ce8ea5	System.Private.CoreLib	n=22475;t=-;m=0;h=4D5501EE|n=22475;t=-;m=0;h=8939BBE9|n=22475;t=-;m=0;h=9B52D0F9|n=22475;t=-;m=0;h=B522611B|n=22475;t=-;m=0;h=BB082264|n=22475;t=-;m=0;h=D9F034AE	6	29.1842	28.4230	29.5562	32250073	
row-windows	2026-09-27	fernie	rw:dense:all:mat	b35ce8ea5	CommandLine	n=403;t=-;m=0;h=0E7C0903|n=403;t=-;m=0;h=15756B1B|n=403;t=-;m=0;h=4E210D04|n=403;t=-;m=0;h=811CD1AA|n=403;t=-;m=0;h=9B25392F|n=403;t=-;m=0;h=B5E63B8F	6	0.3463	0.3457	0.3477	739215	
row-windows	2026-09-27	fernie	rw:dense:all:mat	b35ce8ea5	Humanizer	n=735;t=-;m=0;h=3A21CE8A|n=735;t=-;m=0;h=52EE0812|n=735;t=-;m=0;h=812FF2F3|n=735;t=-;m=0;h=C4E67FDE|n=735;t=-;m=0;h=EBE152D0|n=735;t=-;m=0;h=EC0BE22B	6	0.3473	0.3464	0.3483	767271	
row-windows	2026-09-27	fernie	rw:dense:all:mat	b35ce8ea5	Mono.Cecil	n=992;t=-;m=0;h=048B9CF2|n=992;t=-;m=0;h=1C05099D|n=992;t=-;m=0;h=3E762B30|n=992;t=-;m=0;h=44E94BA1|n=992;t=-;m=0;h=592D9E1C|n=992;t=-;m=0;h=8C3D0859	6	0.5301	0.5272	0.5309	1070482	
row-windows	2026-09-27	fernie	rw:dense:all:mat	b35ce8ea5	Newtonsoft.Json	n=1509;t=-;m=0;h=023A7206|n=1509;t=-;m=0;h=7719D15D|n=1509;t=-;m=0;h=C2591461|n=1509;t=-;m=0;h=D45D0EE6|n=1509;t=-;m=0;h=D6E891AD|n=1509;t=-;m=0;h=D7D26552	6	0.8147	0.8138	0.8302	1740380	
row-windows	2026-09-27	fernie	rw:dense:all:mat	b35ce8ea5	System.Text.Json	n=1337;t=-;m=0;h=15598575|n=1337;t=-;m=0;h=3378E2A0|n=1337;t=-;m=0;h=3DF31A69|n=1337;t=-;m=0;h=5736CF8E|n=1337;t=-;m=0;h=937C19E5|n=1337;t=-;m=0;h=E23AF9E3	6	0.7853	0.7825	0.7868	1788011	
row-windows	2026-09-27	fernie	rw:dense:all:mat	b35ce8ea5	NuGet.Packaging	n=999;t=-;m=0;h=4DA9E7BF|n=999;t=-;m=0;h=6BC293C1|n=999;t=-;m=0;h=8E6CB9F8|n=999;t=-;m=0;h=A70B0D75|n=999;t=-;m=0;h=D62DF5E9|n=999;t=-;m=0;h=EFAFD5E4	6	0.6064	0.6050	0.6087	1275933	
row-windows	2026-09-27	fernie	rw:dense:all:mat	b35ce8ea5	Microsoft.CodeAnalysis.CSharp	n=13161;t=-;m=0;h=69B4FDCA|n=13161;t=-;m=0;h=70ABE191|n=13161;t=-;m=0;h=816F2827|n=13161;t=-;m=0;h=831B795E|n=13161;t=-;m=0;h=8A2A94AC|n=13161;t=-;m=0;h=8FFA4DB7	6	16.8312	16.7588	17.2475	21201921	
row-windows	2026-09-27	fernie	rw:dense:all:mat	b35ce8ea5	System.Private.CoreLib	n=22475;t=-;m=0;h=447529B0|n=22475;t=-;m=0;h=49ABCE72|n=22475;t=-;m=0;h=BDE16CD3|n=22475;t=-;m=0;h=C69B546C|n=22475;t=-;m=0;h=C9442885|n=22475;t=-;m=0;h=DBF2614A	6	29.0491	28.7304	29.3281	32249993	
row-windows	2026-09-27	fernie	rw:sparse:head6:kernel	b35ce8ea5	CommandLine	n=3;t=-;m=0;h=2B33AD8E|n=3;t=-;m=0;h=7261E9C5|n=3;t=-;m=0;h=833319E3|n=3;t=-;m=0;h=B32DD141|n=3;t=-;m=0;h=D9BD5680|n=3;t=-;m=0;h=DEE411C4	6	0.1250	0.1245	0.1264	267338	
row-windows	2026-09-27	fernie	rw:sparse:head6:kernel	b35ce8ea5	Humanizer	n=0;t=-;m=0;h=00000011	6	0.1612	0.1605	0.1613	301562	
row-windows	2026-09-27	fernie	rw:sparse:head6:kernel	b35ce8ea5	Mono.Cecil	n=0;t=-;m=0;h=00000011	6	0.1406	0.1401	0.1410	105050	
row-windows	2026-09-27	fernie	rw:sparse:head6:kernel	b35ce8ea5	Newtonsoft.Json	n=6;t=-;m=0;h=299BD64C|n=6;t=-;m=0;h=3DF88074|n=6;t=-;m=0;h=4C56F689|n=6;t=-;m=0;h=53F2CD24|n=6;t=-;m=0;h=5654BEA2|n=6;t=-;m=0;h=7991B8D1	6	0.3150	0.3144	0.3154	578589	
row-windows	2026-09-27	fernie	rw:sparse:head6:kernel	b35ce8ea5	System.Text.Json	n=6;t=-;m=0;h=14666C88|n=6;t=-;m=0;h=389833D5|n=6;t=-;m=0;h=4E89E2F6|n=6;t=-;m=0;h=AB499220|n=6;t=-;m=0;h=C8DD6813|n=6;t=-;m=0;h=CEFC8A77	6	0.2755	0.2750	0.2767	603786	
row-windows	2026-09-27	fernie	rw:sparse:head6:kernel	b35ce8ea5	NuGet.Packaging	n=6;t=-;m=0;h=6BA7203B|n=6;t=-;m=0;h=AAD24C00|n=6;t=-;m=0;h=C88621BD|n=6;t=-;m=0;h=CAA7BBE1|n=6;t=-;m=0;h=DAE0A58C|n=6;t=-;m=0;h=FBC5F38D	6	0.0780	0.0776	0.0782	124698	
row-windows	2026-09-27	fernie	rw:sparse:head6:kernel	b35ce8ea5	Microsoft.CodeAnalysis.CSharp	n=0;t=-;m=0;h=00000011	6	2.4276	2.4244	2.4331	2331476	
row-windows	2026-09-27	fernie	rw:sparse:head6:kernel	b35ce8ea5	System.Private.CoreLib	n=6;t=-;m=0;h=07170B97|n=6;t=-;m=0;h=399B6EDD|n=6;t=-;m=0;h=6C9FDF0B|n=6;t=-;m=0;h=BEE348AD|n=6;t=-;m=0;h=DFFF4C0F|n=6;t=-;m=0;h=FB6EA137	6	2.2281	2.2255	2.2331	3903914	
row-windows	2026-09-27	fernie	rw:sparse:head6:hand	b35ce8ea5	CommandLine	n=3;t=-;m=0;h=171D645C|n=3;t=-;m=0;h=254208DA|n=3;t=-;m=0;h=63E7DAD5|n=3;t=-;m=0;h=7301B49A|n=3;t=-;m=0;h=859D391F|n=3;t=-;m=0;h=F8BFB9E3	6	0.1235	0.1230	0.1266	267330	
row-windows	2026-09-27	fernie	rw:sparse:head6:hand	b35ce8ea5	Humanizer	n=0;t=-;m=0;h=00000011	6	0.1577	0.1575	0.1581	301554	
row-windows	2026-09-27	fernie	rw:sparse:head6:hand	b35ce8ea5	Mono.Cecil	n=0;t=-;m=0;h=00000011	6	0.1315	0.1313	0.1317	105042	
row-windows	2026-09-27	fernie	rw:sparse:head6:hand	b35ce8ea5	Newtonsoft.Json	n=6;t=-;m=0;h=1148315C|n=6;t=-;m=0;h=53EA2A2F|n=6;t=-;m=0;h=5D295BDF|n=6;t=-;m=0;h=96AA96F2|n=6;t=-;m=0;h=A7E3C99D|n=6;t=-;m=0;h=DFF218B7	6	0.3087	0.3086	0.3094	578580	
row-windows	2026-09-27	fernie	rw:sparse:head6:hand	b35ce8ea5	System.Text.Json	n=6;t=-;m=0;h=371320C0|n=6;t=-;m=0;h=5CAF8311|n=6;t=-;m=0;h=67525C20|n=6;t=-;m=0;h=7F8D14A2|n=6;t=-;m=0;h=9A83DF7D|n=6;t=-;m=0;h=D8EB65DC	6	0.2693	0.2690	0.2703	603778	
row-windows	2026-09-27	fernie	rw:sparse:head6:hand	b35ce8ea5	NuGet.Packaging	n=6;t=-;m=0;h=0E26BAF9|n=6;t=-;m=0;h=1F04EA8C|n=6;t=-;m=0;h=2815A855|n=6;t=-;m=0;h=4E8959D3|n=6;t=-;m=0;h=7CF94B14|n=6;t=-;m=0;h=D51AC38F	6	0.0764	0.0759	0.0791	124690	
row-windows	2026-09-27	fernie	rw:sparse:head6:hand	b35ce8ea5	Microsoft.CodeAnalysis.CSharp	n=0;t=-;m=0;h=00000011	6	2.2991	2.2888	2.3386	2331467	
row-windows	2026-09-27	fernie	rw:sparse:head6:hand	b35ce8ea5	System.Private.CoreLib	n=6;t=-;m=0;h=7C0A85C0|n=6;t=-;m=0;h=7FD92EEA|n=6;t=-;m=0;h=8C96FDF6|n=6;t=-;m=0;h=A1694B89|n=6;t=-;m=0;h=CF8A7CE5|n=6;t=-;m=0;h=F57A0CBE	6	2.1875	2.1828	2.1911	3903906	
row-windows	2026-09-27	fernie	rw:sparse:w4-6c:kernel	b35ce8ea5	CommandLine	n=0;t=3;m=1;h=00000011	6	0.1217	0.1209	0.1226	259138	
row-windows	2026-09-27	fernie	rw:sparse:w4-6c:kernel	b35ce8ea5	Humanizer	n=0;t=0;m=1;h=00000011	6	0.1613	0.1606	0.1621	301490	
row-windows	2026-09-27	fernie	rw:sparse:w4-6c:kernel	b35ce8ea5	Mono.Cecil	n=0;t=0;m=1;h=00000011	6	0.1405	0.1404	0.1409	104978	
row-windows	2026-09-27	fernie	rw:sparse:w4-6c:kernel	b35ce8ea5	Newtonsoft.Json	n=3;t=11;m=0;h=21A14015|n=3;t=11;m=0;h=21A287E1|n=3;t=11;m=0;h=58CC24D2|n=3;t=11;m=0;h=6BA3A11A|n=3;t=11;m=0;h=7605CE5B|n=3;t=11;m=0;h=E5CBFA3C	6	0.4538	0.4521	0.4551	798686	
row-windows	2026-09-27	fernie	rw:sparse:w4-6c:kernel	b35ce8ea5	System.Text.Json	n=3;t=8;m=0;h=2204BD29|n=3;t=8;m=0;h=2CF0E4A4|n=3;t=8;m=0;h=60FF3CF7|n=3;t=8;m=0;h=661808AD|n=3;t=8;m=0;h=71C9E1C8|n=3;t=8;m=0;h=E62DD22A	6	0.3981	0.3965	0.4000	788938	
row-windows	2026-09-27	fernie	rw:sparse:w4-6c:kernel	b35ce8ea5	NuGet.Packaging	n=3;t=22;m=0;h=1284F682|n=3;t=22;m=0;h=12BDFB8A|n=3;t=22;m=0;h=156D919C|n=3;t=22;m=0;h=304B9BD8|n=3;t=22;m=0;h=911509D1|n=3;t=22;m=0;h=F38B0A66	6	0.2195	0.2188	0.2210	276861	
row-windows	2026-09-27	fernie	rw:sparse:w4-6c:kernel	b35ce8ea5	Microsoft.CodeAnalysis.CSharp	n=0;t=0;m=1;h=00000011	6	2.4337	2.4276	2.4581	2331404	
row-windows	2026-09-27	fernie	rw:sparse:w4-6c:kernel	b35ce8ea5	System.Private.CoreLib	n=3;t=31;m=0;h=0F7DC4EA|n=3;t=31;m=0;h=2808776E|n=3;t=31;m=0;h=28B20EAD|n=3;t=31;m=0;h=4EDD0212|n=3;t=31;m=0;h=CB915D84|n=3;t=31;m=0;h=FAF2FEBB	6	5.6008	5.5910	5.6205	8878440	
row-windows	2026-09-27	fernie	rw:sparse:w4-6c:hand	b35ce8ea5	CommandLine	n=0;t=3;m=1;h=00000011	6	0.1195	0.1193	0.1201	259130	
row-windows	2026-09-27	fernie	rw:sparse:w4-6c:hand	b35ce8ea5	Humanizer	n=0;t=0;m=1;h=00000011	6	0.1576	0.1574	0.1586	301482	
row-windows	2026-09-27	fernie	rw:sparse:w4-6c:hand	b35ce8ea5	Mono.Cecil	n=0;t=0;m=1;h=00000011	6	0.1316	0.1311	0.1325	104970	
row-windows	2026-09-27	fernie	rw:sparse:w4-6c:hand	b35ce8ea5	Newtonsoft.Json	n=3;t=11;m=0;h=40353B82|n=3;t=11;m=0;h=5CF0DCB5|n=3;t=11;m=0;h=7D338235|n=3;t=11;m=0;h=AD8C47D5|n=3;t=11;m=0;h=B37C50FA|n=3;t=11;m=0;h=DCAA1C93	6	0.4443	0.4432	0.4456	798677	
row-windows	2026-09-27	fernie	rw:sparse:w4-6c:hand	b35ce8ea5	System.Text.Json	n=3;t=8;m=0;h=2BD8514A|n=3;t=8;m=0;h=4F33E98E|n=3;t=8;m=0;h=6847004A|n=3;t=8;m=0;h=754F212B|n=3;t=8;m=0;h=AED40C5C|n=3;t=8;m=0;h=F949B552	6	0.3856	0.3847	0.3868	788930	
row-windows	2026-09-27	fernie	rw:sparse:w4-6c:hand	b35ce8ea5	NuGet.Packaging	n=3;t=22;m=0;h=235B235F|n=3;t=22;m=0;h=2A1142A9|n=3;t=22;m=0;h=6225FEA4|n=3;t=22;m=0;h=A87D8873|n=3;t=22;m=0;h=AD41BBDB|n=3;t=22;m=0;h=C07E833E	6	0.2112	0.2106	0.2123	276852	
row-windows	2026-09-27	fernie	rw:sparse:w4-6c:hand	b35ce8ea5	Microsoft.CodeAnalysis.CSharp	n=0;t=0;m=1;h=00000011	6	2.2894	2.2815	2.3297	2331395	
row-windows	2026-09-27	fernie	rw:sparse:w4-6c:hand	b35ce8ea5	System.Private.CoreLib	n=3;t=31;m=0;h=3B2A882F|n=3;t=31;m=0;h=4826CF5D|n=3;t=31;m=0;h=58DFD245|n=3;t=31;m=0;h=7288E891|n=3;t=31;m=0;h=A78D276C|n=3;t=31;m=0;h=F42F9E1A	6	5.5136	5.5033	5.5255	8878431	
row-windows	2026-09-27	fernie	rw:sparse:all:kernel	b35ce8ea5	CommandLine	n=3;t=-;m=0;h=29783A20|n=3;t=-;m=0;h=624F24CF|n=3;t=-;m=0;h=64F6405C|n=3;t=-;m=0;h=88028451|n=3;t=-;m=0;h=99C8963D|n=3;t=-;m=0;h=CA55CFF1	6	0.1260	0.1247	0.1271	267578	
row-windows	2026-09-27	fernie	rw:sparse:all:kernel	b35ce8ea5	Humanizer	n=0;t=-;m=0;h=00000011	6	0.1613	0.1607	0.1632	301802	
row-windows	2026-09-27	fernie	rw:sparse:all:kernel	b35ce8ea5	Mono.Cecil	n=0;t=-;m=0;h=00000011	6	0.1406	0.1403	0.1408	105290	
row-windows	2026-09-27	fernie	rw:sparse:all:kernel	b35ce8ea5	Newtonsoft.Json	n=11;t=-;m=0;h=133A912D|n=11;t=-;m=0;h=4154AD0D|n=11;t=-;m=0;h=4A3B0B96|n=11;t=-;m=0;h=CFADFAC3|n=11;t=-;m=0;h=D92A79A7|n=11;t=-;m=0;h=DE1C37E4	6	0.4595	0.4577	0.4600	811447	
row-windows	2026-09-27	fernie	rw:sparse:all:kernel	b35ce8ea5	System.Text.Json	n=8;t=-;m=0;h=7F4DD763|n=8;t=-;m=0;h=9CDA6506|n=8;t=-;m=0;h=BEF5F4EF|n=8;t=-;m=0;h=BF7C6666|n=8;t=-;m=0;h=EDD1F847|n=8;t=-;m=0;h=EEFB952D	6	0.4012	0.3998	0.4030	796507	
row-windows	2026-09-27	fernie	rw:sparse:all:kernel	b35ce8ea5	NuGet.Packaging	n=22;t=-;m=0;h=0D41D6D4|n=22;t=-;m=0;h=1D649A26|n=22;t=-;m=0;h=66861C4E|n=22;t=-;m=0;h=7687E50A|n=22;t=-;m=0;h=DF44CF1D|n=22;t=-;m=0;h=E837AB8C	6	0.2380	0.2375	0.2388	319944	
row-windows	2026-09-27	fernie	rw:sparse:all:kernel	b35ce8ea5	Microsoft.CodeAnalysis.CSharp	n=0;t=-;m=0;h=00000011	6	2.4348	2.4249	2.4665	2331716	
row-windows	2026-09-27	fernie	rw:sparse:all:kernel	b35ce8ea5	System.Private.CoreLib	n=31;t=-;m=0;h=04C75430|n=31;t=-;m=0;h=425ACDB5|n=31;t=-;m=0;h=428F2D34|n=31;t=-;m=0;h=DC2AC7D3|n=31;t=-;m=0;h=EB2E4A93|n=31;t=-;m=0;h=FE0FFFE5	6	5.6308	5.6159	5.6448	8907648	
row-windows	2026-09-27	fernie	rw:sparse:all:hand	b35ce8ea5	CommandLine	n=3;t=-;m=0;h=02198BE9|n=3;t=-;m=0;h=1DBD9F78|n=3;t=-;m=0;h=20854D5E|n=3;t=-;m=0;h=8AFB021E|n=3;t=-;m=0;h=A988FBA6|n=3;t=-;m=0;h=D8245DFD	6	0.1236	0.1235	0.1241	267570	
row-windows	2026-09-27	fernie	rw:sparse:all:hand	b35ce8ea5	Humanizer	n=0;t=-;m=0;h=00000011	6	0.1578	0.1575	0.1579	301794	
row-windows	2026-09-27	fernie	rw:sparse:all:hand	b35ce8ea5	Mono.Cecil	n=0;t=-;m=0;h=00000011	6	0.1315	0.1314	0.1317	105282	
row-windows	2026-09-27	fernie	rw:sparse:all:hand	b35ce8ea5	Newtonsoft.Json	n=11;t=-;m=0;h=082968DD|n=11;t=-;m=0;h=12C29A5E|n=11;t=-;m=0;h=2A69E448|n=11;t=-;m=0;h=4E72A92C|n=11;t=-;m=0;h=5EC2A232|n=11;t=-;m=0;h=AD5D23AB	6	0.4511	0.4505	0.4519	811438	
row-windows	2026-09-27	fernie	rw:sparse:all:hand	b35ce8ea5	System.Text.Json	n=8;t=-;m=0;h=067A645B|n=8;t=-;m=0;h=10D8E725|n=8;t=-;m=0;h=1A775DD1|n=8;t=-;m=0;h=1E2CC225|n=8;t=-;m=0;h=50575E81|n=8;t=-;m=0;h=8D1E5EEC	6	0.3898	0.3892	0.3908	796498	
row-windows	2026-09-27	fernie	rw:sparse:all:hand	b35ce8ea5	NuGet.Packaging	n=22;t=-;m=0;h=00D4CA6C|n=22;t=-;m=0;h=0C882AB6|n=22;t=-;m=0;h=4B45FAEA|n=22;t=-;m=0;h=602DBDA7|n=22;t=-;m=0;h=6398A25E|n=22;t=-;m=0;h=86E05169	6	0.2308	0.2304	0.2313	319951	
row-windows	2026-09-27	fernie	rw:sparse:all:hand	b35ce8ea5	Microsoft.CodeAnalysis.CSharp	n=0;t=-;m=0;h=00000011	6	2.2917	2.2878	2.3223	2331707	
row-windows	2026-09-27	fernie	rw:sparse:all:hand	b35ce8ea5	System.Private.CoreLib	n=31;t=-;m=0;h=33E2424C|n=31;t=-;m=0;h=5B22F9F7|n=31;t=-;m=0;h=8136FF8A|n=31;t=-;m=0;h=815E7A70|n=31;t=-;m=0;h=A807D9C7|n=31;t=-;m=0;h=E53C6C30	6	5.5435	5.5297	5.5717	8907640	
row-windows	2026-09-27	fernie	rw:sparse:all:mat	b35ce8ea5	CommandLine	n=3;t=-;m=0;h=422E48DA|n=3;t=-;m=0;h=6A7BFD2E|n=3;t=-;m=0;h=78E3F787|n=3;t=-;m=0;h=B7C5EE66|n=3;t=-;m=0;h=CC49BBDE|n=3;t=-;m=0;h=F2F38870	6	0.1236	0.1234	0.1237	267610	
row-windows	2026-09-27	fernie	rw:sparse:all:mat	b35ce8ea5	Humanizer	n=0;t=-;m=0;h=00000011	6	0.1578	0.1572	0.1580	301834	
row-windows	2026-09-27	fernie	rw:sparse:all:mat	b35ce8ea5	Mono.Cecil	n=0;t=-;m=0;h=00000011	6	0.1318	0.1313	0.1324	105322	
row-windows	2026-09-27	fernie	rw:sparse:all:mat	b35ce8ea5	Newtonsoft.Json	n=11;t=-;m=0;h=243FB87E|n=11;t=-;m=0;h=4AB31E18|n=11;t=-;m=0;h=5E59B2F8|n=11;t=-;m=0;h=63149883|n=11;t=-;m=0;h=8873B7A1|n=11;t=-;m=0;h=EC756F10	6	0.4509	0.4498	0.4520	811478	
row-windows	2026-09-27	fernie	rw:sparse:all:mat	b35ce8ea5	System.Text.Json	n=8;t=-;m=0;h=077A1F29|n=8;t=-;m=0;h=0960316F|n=8;t=-;m=0;h=1B6A739B|n=8;t=-;m=0;h=C6013A52|n=8;t=-;m=0;h=C7D9E34D|n=8;t=-;m=0;h=DC48F17A	6	0.3899	0.3893	0.3912	796538	
row-windows	2026-09-27	fernie	rw:sparse:all:mat	b35ce8ea5	NuGet.Packaging	n=22;t=-;m=0;h=10E7074F|n=22;t=-;m=0;h=7DE96B4E|n=22;t=-;m=0;h=A0FBBAC7|n=22;t=-;m=0;h=A5601926|n=22;t=-;m=0;h=AD526AC5|n=22;t=-;m=0;h=F571C55C	6	0.2300	0.2296	0.2306	319990	
row-windows	2026-09-27	fernie	rw:sparse:all:mat	b35ce8ea5	Microsoft.CodeAnalysis.CSharp	n=0;t=-;m=0;h=00000011	6	2.3197	2.2880	2.3450	2331747	
row-windows	2026-09-27	fernie	rw:sparse:all:mat	b35ce8ea5	System.Private.CoreLib	n=31;t=-;m=0;h=5703FCA9|n=31;t=-;m=0;h=6955EAE8|n=31;t=-;m=0;h=6B3DF037|n=31;t=-;m=0;h=75039FB0|n=31;t=-;m=0;h=90F963A5|n=31;t=-;m=0;h=D927CF64	6	5.5473	5.5368	5.5575	8907680	
row-windows	2026-09-27	fernie	rw:sparse:all:legacy	b35ce8ea5	CommandLine	n=3;t=-;m=0;h=0C154166|n=3;t=-;m=0;h=0DAE7850|n=3;t=-;m=0;h=165C5FC9|n=3;t=-;m=0;h=1949CAAA|n=3;t=-;m=0;h=B7EFBABF|n=3;t=-;m=0;h=F67E8EF8	6	0.3675	0.3655	0.3684	615340	
row-windows	2026-09-27	fernie	rw:sparse:all:legacy	b35ce8ea5	Humanizer	n=0;t=-;m=0;h=00000011	6	0.3846	0.3828	0.3863	761786	
row-windows	2026-09-27	fernie	rw:sparse:all:legacy	b35ce8ea5	Mono.Cecil	n=0;t=-;m=0;h=00000011	6	0.4725	0.4704	0.4733	760247	
row-windows	2026-09-27	fernie	rw:sparse:all:legacy	b35ce8ea5	Newtonsoft.Json	n=11;t=-;m=0;h=3D8A8120|n=11;t=-;m=0;h=4D9DE015|n=11;t=-;m=0;h=9462BF62|n=11;t=-;m=0;h=A473B62D|n=11;t=-;m=0;h=A98A2739|n=11;t=-;m=0;h=EF403CD6	6	1.0029	1.0010	1.0071	1756723	
row-windows	2026-09-27	fernie	rw:sparse:all:legacy	b35ce8ea5	System.Text.Json	n=8;t=-;m=0;h=4EA89F43|n=8;t=-;m=0;h=565BD67C|n=8;t=-;m=0;h=B518FA6B|n=8;t=-;m=0;h=DF92BBE8|n=8;t=-;m=0;h=F7BF0A53|n=8;t=-;m=0;h=FFF15A58	6	0.9024	0.9002	0.9055	1666269	
row-windows	2026-09-27	fernie	rw:sparse:all:legacy	b35ce8ea5	NuGet.Packaging	n=22;t=-;m=0;h=4BE191F1|n=22;t=-;m=0;h=5CF6F211|n=22;t=-;m=0;h=7C552770|n=22;t=-;m=0;h=D604EF5A|n=22;t=-;m=0;h=E84DC595|n=22;t=-;m=0;h=ED91345E	6	0.9167	0.9119	0.9193	1493322	
row-windows	2026-09-27	fernie	rw:sparse:all:legacy	b35ce8ea5	Microsoft.CodeAnalysis.CSharp	n=0;t=-;m=0;h=00000011	6	6.5312	6.5122	6.5769	9857580	
row-windows	2026-09-27	fernie	rw:sparse:all:legacy	b35ce8ea5	System.Private.CoreLib	n=31;t=-;m=0;h=062265AD|n=31;t=-;m=0;h=B024A2CB|n=31;t=-;m=0;h=C881A49E|n=31;t=-;m=0;h=D40B3E63|n=31;t=-;m=0;h=D5882116|n=31;t=-;m=0;h=F39EFB4F	6	25.3443	25.0086	25.7614	36612602	
row-windows	2026-09-27	fernie	rw:dense:head6:kernel	b35ce8ea5	CommandLine	n=6;t=-;m=0;h=04E84C48|n=6;t=-;m=0;h=2978E69B|n=6;t=-;m=0;h=31F6B74B|n=6;t=-;m=0;h=443D54E9|n=6;t=-;m=0;h=81F3D672|n=6;t=-;m=0;h=8DA5497B	6	0.0067	0.0066	0.0067	11850	
row-windows	2026-09-27	fernie	rw:dense:head6:kernel	b35ce8ea5	Humanizer	n=6;t=-;m=0;h=126C0FEF|n=6;t=-;m=0;h=1E5E3034|n=6;t=-;m=0;h=66145819|n=6;t=-;m=0;h=7782E4B3|n=6;t=-;m=0;h=8774D526|n=6;t=-;m=0;h=B31C58D3	6	0.0054	0.0053	0.0055	9778	
row-windows	2026-09-27	fernie	rw:dense:head6:kernel	b35ce8ea5	Mono.Cecil	n=6;t=-;m=0;h=626DA460|n=6;t=-;m=0;h=7F58F510|n=6;t=-;m=0;h=8EA0D9EF|n=6;t=-;m=0;h=99764DCA|n=6;t=-;m=0;h=B12DCE6E|n=6;t=-;m=0;h=C578F33F	6	0.0054	0.0054	0.0056	9386	
row-windows	2026-09-27	fernie	rw:dense:head6:kernel	b35ce8ea5	Newtonsoft.Json	n=6;t=-;m=0;h=2A592B6D|n=6;t=-;m=0;h=399E1577|n=6;t=-;m=0;h=6F60B048|n=6;t=-;m=0;h=84EF86EC|n=6;t=-;m=0;h=C96C90BA|n=6;t=-;m=0;h=E3DCE227	6	0.0054	0.0053	0.0055	9578	
row-windows	2026-09-27	fernie	rw:dense:head6:kernel	b35ce8ea5	System.Text.Json	n=6;t=-;m=0;h=30B812EA|n=6;t=-;m=0;h=794C3A60|n=6;t=-;m=0;h=CC5D2B3F|n=6;t=-;m=0;h=E1F6E22D|n=6;t=-;m=0;h=EB3D7A80|n=6;t=-;m=0;h=FBAB5CBF	6	0.0075	0.0073	0.0076	9906	
row-windows	2026-09-27	fernie	rw:dense:head6:kernel	b35ce8ea5	NuGet.Packaging	n=6;t=-;m=0;h=3B3ACFA2|n=6;t=-;m=0;h=4AE3B054|n=6;t=-;m=0;h=5210A447|n=6;t=-;m=0;h=61C84150|n=6;t=-;m=0;h=996423B2|n=6;t=-;m=0;h=A2DB440E	6	0.0066	0.0065	0.0067	12786	
row-windows	2026-09-27	fernie	rw:dense:head6:kernel	b35ce8ea5	Microsoft.CodeAnalysis.CSharp	n=6;t=-;m=0;h=21B25F6D|n=6;t=-;m=0;h=323F9B7B|n=6;t=-;m=0;h=3370628B|n=6;t=-;m=0;h=67287F69|n=6;t=-;m=0;h=A1A39F47|n=6;t=-;m=0;h=E276DDD5	6	0.0050	0.0049	0.0051	9122	
row-windows	2026-09-27	fernie	rw:dense:head6:kernel	b35ce8ea5	System.Private.CoreLib	n=6;t=-;m=0;h=183ABFBD|n=6;t=-;m=0;h=6AC01660|n=6;t=-;m=0;h=87B50764|n=6;t=-;m=0;h=A1E692A7|n=6;t=-;m=0;h=C31D70BF|n=6;t=-;m=0;h=F6506A8D	6	0.0081	0.0080	0.0083	8746	
