pc:exists:mat	1	1.84	CommandLine.dll	true	5000	0.1523	0.1417	0.1835	620834
pc:exists:mat	1	1.84	Humanizer.dll	true	5000	0.1476	0.1385	0.1540	584066
pc:exists:mat	1	1.84	Mono.Cecil.dll	true	5000	0.2291	0.2177	0.2483	830506
pc:exists:mat	1	1.84	Newtonsoft.Json.dll	true	5000	0.3574	0.3449	0.4537	1352642
pc:exists:mat	1	1.84	System.Text.Json.dll	true	5000	0.3363	0.3240	0.4388	1389962
pc:exists:mat	1	1.84	NuGet.Packaging.dll	true	5000	0.2635	0.2517	0.3237	994642
pc:exists:mat	1	1.84	Microsoft.CodeAnalysis.CSharp.dll	true	208	9.8825	6.7547	13.0550	16475558
pc:exists:mat	1	1.84	System.Private.CoreLib.dll	true	138	14.6734	11.1957	17.6937	26123457
pc:exists:linq	1	2.16	CommandLine.dll	true	5000	0.0055	0.0050	0.0057	11490
pc:exists:linq	1	2.16	Humanizer.dll	true	5000	0.0018	0.0017	0.0020	5818
pc:exists:linq	1	2.16	Mono.Cecil.dll	true	5000	0.0018	0.0017	0.0020	5818
pc:exists:linq	1	2.16	Newtonsoft.Json.dll	true	5000	0.0018	0.0017	0.0020	5818
pc:exists:linq	1	2.16	System.Text.Json.dll	true	5000	0.0019	0.0017	0.0020	6154
pc:exists:linq	1	2.16	NuGet.Packaging.dll	true	5000	0.0042	0.0038	0.0043	9490
pc:exists:linq	1	2.16	Microsoft.CodeAnalysis.CSharp.dll	true	5000	0.0022	0.0020	0.0023	6282
pc:exists:linq	1	2.16	System.Private.CoreLib.dll	true	5000	0.0041	0.0037	0.0042	7530
pc:exists:nlinq	1	2.16	CommandLine.dll	true	5000	0.0025	0.0023	0.0030	4370
pc:exists:nlinq	1	2.16	Humanizer.dll	true	5000	0.0015	0.0014	0.0017	4370
pc:exists:nlinq	1	2.16	Mono.Cecil.dll	true	5000	0.0015	0.0014	0.0017	4370
pc:exists:nlinq	1	2.16	Newtonsoft.Json.dll	true	5000	0.0015	0.0014	0.0017	4370
pc:exists:nlinq	1	2.16	System.Text.Json.dll	true	5000	0.0015	0.0014	0.0017	4370
pc:exists:nlinq	1	2.16	NuGet.Packaging.dll	true	5000	0.0022	0.0020	0.0023	4370
pc:exists:nlinq	1	2.16	Microsoft.CodeAnalysis.CSharp.dll	true	5000	0.0017	0.0015	0.0018	4370
pc:exists:nlinq	1	2.16	System.Private.CoreLib.dll	true	5000	0.0023	0.0021	0.0025	4370
pc:exists:after	1	2.16	CommandLine.dll	true	5000	0.0017	0.0016	0.0022	5026
pc:exists:after	1	2.16	Humanizer.dll	true	5000	0.0016	0.0015	0.0018	5026
pc:exists:after	1	2.16	Mono.Cecil.dll	true	5000	0.0016	0.0015	0.0018	5026
pc:exists:after	1	2.16	Newtonsoft.Json.dll	true	5000	0.0016	0.0015	0.0018	5026
pc:exists:after	1	2.16	System.Text.Json.dll	true	5000	0.0016	0.0015	0.0018	5026
pc:exists:after	1	2.16	NuGet.Packaging.dll	true	5000	0.0017	0.0015	0.0018	5026
pc:exists:after	1	2.16	Microsoft.CodeAnalysis.CSharp.dll	true	5000	0.0016	0.0015	0.0018	5026
pc:exists:after	1	2.16	System.Private.CoreLib.dll	true	5000	0.0019	0.0017	0.0020	5026
pc:count:old	1	2.16	CommandLine.dll	c=3	5000	0.1918	0.1827	0.2027	613491
pc:count:old	1	2.16	Humanizer.dll	c=0	5000	0.2082	0.1991	0.2221	761594
pc:count:old	1	2.16	Mono.Cecil.dll	c=0	5000	0.2651	0.2552	0.2810	760050
pc:count:old	1	2.16	Newtonsoft.Json.dll	c=11	3496	0.5390	0.5257	0.6995	1750853
pc:count:old	1	2.16	System.Text.Json.dll	c=8	3741	0.4926	0.4795	0.6962	1662115
pc:count:old	1	2.16	NuGet.Packaging.dll	c=30	3791	0.4767	0.4632	0.7663	1478638
pc:count:old	1	2.16	Microsoft.CodeAnalysis.CSharp.dll	c=0	490	4.0547	4.0011	4.1264	9857377
pc:count:old	1	2.16	System.Private.CoreLib.dll	c=1770	128	14.5441	14.0201	17.8935	36699159
pc:count:mat	1	2.43	CommandLine.dll	c=403	5000	0.1568	0.1495	0.1670	620850
pc:count:mat	1	2.43	Humanizer.dll	c=735	5000	0.1482	0.1412	0.1574	584082
pc:count:mat	1	2.43	Mono.Cecil.dll	c=992	5000	0.2394	0.2299	0.2644	830522
pc:count:mat	1	2.43	Newtonsoft.Json.dll	c=1509	5000	0.3703	0.3604	0.4887	1352658
pc:count:mat	1	2.43	System.Text.Json.dll	c=1337	5000	0.3476	0.3375	0.4532	1389978
pc:count:mat	1	2.43	NuGet.Packaging.dll	c=999	5000	0.2730	0.2628	0.3377	994658
pc:count:mat	1	2.43	Microsoft.CodeAnalysis.CSharp.dll	c=13161	205	9.9747	6.9705	13.2389	16475588
pc:count:mat	1	2.43	System.Private.CoreLib.dll	c=22475	136	14.8234	11.3993	17.8883	26123283
pc:count:linq	1	2.29	CommandLine.dll	c=403	5000	0.2050	0.2004	0.2167	652250
pc:count:linq	1	2.29	Humanizer.dll	c=735	5000	0.1902	0.1870	0.2007	573866
pc:count:linq	1	2.29	Mono.Cecil.dll	c=992	5000	0.3220	0.3140	0.3427	839658
pc:count:linq	1	2.29	Newtonsoft.Json.dll	c=1509	4099	0.4813	0.4726	0.5115	1335016
pc:count:linq	1	2.29	System.Text.Json.dll	c=1337	4381	0.4497	0.4410	0.4814	1343285
pc:count:linq	1	2.29	NuGet.Packaging.dll	c=999	5000	0.3855	0.3789	0.4145	1063018
pc:count:linq	1	2.29	Microsoft.CodeAnalysis.CSharp.dll	c=13161	380	5.2559	5.1979	5.3203	16032718
pc:count:linq	1	2.29	System.Private.CoreLib.dll	c=22475	253	7.8729	7.8286	8.1757	24620921
pc:count:nlinq	1	2.31	CommandLine.dll	c=403	5000	0.0178	0.0167	0.0183	4362
pc:count:nlinq	1	2.31	Humanizer.dll	c=735	5000	0.0242	0.0240	0.0244	4362
pc:count:nlinq	1	2.31	Mono.Cecil.dll	c=992	5000	0.0460	0.0458	0.0474	4362
pc:count:nlinq	1	2.31	Newtonsoft.Json.dll	c=1509	5000	0.0578	0.0575	0.0587	4362
pc:count:nlinq	1	2.31	System.Text.Json.dll	c=1337	5000	0.0494	0.0492	0.0497	4362
pc:count:nlinq	1	2.31	NuGet.Packaging.dll	c=999	5000	0.0465	0.0444	0.0475	4362
pc:count:nlinq	1	2.31	Microsoft.CodeAnalysis.CSharp.dll	c=13161	3916	0.5090	0.5040	0.5190	4352
pc:count:nlinq	1	2.31	System.Private.CoreLib.dll	c=22475	3381	0.5911	0.5841	0.5999	4355
pc:count:after	1	2.20	CommandLine.dll	c=403	5000	0.0125	0.0123	0.0128	5018
pc:count:after	1	2.20	Humanizer.dll	c=735	5000	0.0203	0.0201	0.0205	5018
pc:count:after	1	2.20	Mono.Cecil.dll	c=992	5000	0.0383	0.0380	0.0386	5018
pc:count:after	1	2.20	Newtonsoft.Json.dll	c=1509	5000	0.0459	0.0456	0.0464	5018
pc:count:after	1	2.20	System.Text.Json.dll	c=1337	5000	0.0388	0.0385	0.0392	5018
pc:count:after	1	2.20	NuGet.Packaging.dll	c=999	5000	0.0357	0.0354	0.0360	5018
pc:count:after	1	2.20	Microsoft.CodeAnalysis.CSharp.dll	c=13161	5000	0.3942	0.3911	0.4040	5018
pc:count:after	1	2.20	System.Private.CoreLib.dll	c=22475	4013	0.4968	0.4928	0.5058	5008
pc:head:old	1	2.19	CommandLine.dll	n=3;h=12419554	5000	0.1957	0.1927	0.2062	613595
pc:head:old	1	2.19	Humanizer.dll	n=0;h=811C9DC5	5000	0.2131	0.2088	0.2268	761690
pc:head:old	1	2.19	Mono.Cecil.dll	n=0;h=811C9DC5	5000	0.2696	0.2650	0.2844	760146
pc:head:old	1	2.19	Newtonsoft.Json.dll	n=6;h=B04DE5BE	3409	0.5555	0.5432	0.7181	1751471
pc:head:old	1	2.19	System.Text.Json.dll	n=6;h=76C2CF24	3790	0.5010	0.4881	0.6416	1662634
pc:head:old	1	2.19	NuGet.Packaging.dll	n=6;h=EA087BB8	3488	0.4917	0.4792	0.7734	1478713
pc:head:old	1	2.19	Microsoft.CodeAnalysis.CSharp.dll	n=0;h=811C9DC5	482	4.1564	4.0937	4.2225	9857473
pc:head:old	1	2.19	System.Private.CoreLib.dll	n=6;h=45A86D54	132	14.7610	14.3471	17.8899	36699028
pc:head:mat	1	2.80	CommandLine.dll	n=6;h=38398B5E	5000	0.1554	0.1539	0.1656	621138
pc:head:mat	1	2.80	Humanizer.dll	n=6;h=D93A2D05	5000	0.1486	0.1476	0.1588	584370
pc:head:mat	1	2.80	Mono.Cecil.dll	n=6;h=EAFAA362	5000	0.2366	0.2325	0.2615	830810
pc:head:mat	1	2.80	Newtonsoft.Json.dll	n=6;h=A4332D4B	5000	0.3657	0.3589	0.4699	1352946
pc:head:mat	1	2.80	System.Text.Json.dll	n=6;h=7C8B77FF	5000	0.3445	0.3374	0.4587	1390266
pc:head:mat	1	2.80	NuGet.Packaging.dll	n=6;h=10648FC9	5000	0.2687	0.2626	0.3324	994946
pc:head:mat	1	2.80	Microsoft.CodeAnalysis.CSharp.dll	n=6;h=83A9E69E	196	9.9695	7.0510	13.3053	16475867
pc:head:mat	1	2.80	System.Private.CoreLib.dll	n=6;h=8CF51FF1	136	14.8863	11.3478	17.8844	26123784
pc:head:linq	1	2.61	CommandLine.dll	n=6;h=38398B5E	5000	0.0075	0.0074	0.0077	17810
pc:head:linq	1	2.61	Humanizer.dll	n=6;h=D93A2D05	5000	0.0033	0.0032	0.0034	10706
pc:head:linq	1	2.61	Mono.Cecil.dll	n=6;h=EAFAA362	5000	0.0032	0.0031	0.0033	10242
pc:head:linq	1	2.61	Newtonsoft.Json.dll	n=6;h=A4332D4B	5000	0.0032	0.0031	0.0033	10186
pc:head:linq	1	2.61	System.Text.Json.dll	n=6;h=7C8B77FF	5000	0.0074	0.0072	0.0076	10674
pc:head:linq	1	2.61	NuGet.Packaging.dll	n=6;h=10648FC9	5000	0.0057	0.0056	0.0058	15082
pc:head:linq	1	2.61	Microsoft.CodeAnalysis.CSharp.dll	n=6;h=83A9E69E	5000	0.0033	0.0030	0.0035	10242
pc:head:linq	1	2.61	System.Private.CoreLib.dll	n=6;h=8CF51FF1	5000	0.0101	0.0100	0.0104	18594
pc:head:nlinq	1	2.61	CommandLine.dll	n=6;h=38398B5E	5000	0.0042	0.0040	0.0045	10274
pc:head:nlinq	1	2.61	Humanizer.dll	n=6;h=D93A2D05	5000	0.0027	0.0024	0.0027	8274
pc:head:nlinq	1	2.61	Mono.Cecil.dll	n=6;h=EAFAA362	5000	0.0027	0.0025	0.0027	8042
pc:head:nlinq	1	2.61	Newtonsoft.Json.dll	n=6;h=A4332D4B	5000	0.0026	0.0024	0.0027	7986
pc:head:nlinq	1	2.61	System.Text.Json.dll	n=6;h=7C8B77FF	5000	0.0043	0.0042	0.0045	8474
pc:head:nlinq	1	2.61	NuGet.Packaging.dll	n=6;h=10648FC9	5000	0.0039	0.0037	0.0040	11026
pc:head:nlinq	1	2.61	Microsoft.CodeAnalysis.CSharp.dll	n=6;h=83A9E69E	5000	0.0026	0.0024	0.0027	7578
pc:head:nlinq	1	2.61	System.Private.CoreLib.dll	n=6;h=8CF51FF1	5000	0.0049	0.0048	0.0050	7346
pc:head:after	1	2.61	CommandLine.dll	n=6;h=38398B5E	5000	0.0032	0.0030	0.0035	10338
pc:head:after	1	2.61	Humanizer.dll	n=6;h=D93A2D05	5000	0.0025	0.0024	0.0026	8338
pc:head:after	1	2.61	Mono.Cecil.dll	n=6;h=EAFAA362	5000	0.0026	0.0025	0.0027	8106
pc:head:after	1	2.61	Newtonsoft.Json.dll	n=6;h=A4332D4B	5000	0.0025	0.0023	0.0026	8050
pc:head:after	1	2.61	System.Text.Json.dll	n=6;h=7C8B77FF	5000	0.0034	0.0033	0.0035	8538
pc:head:after	1	2.61	NuGet.Packaging.dll	n=6;h=10648FC9	5000	0.0032	0.0031	0.0033	11090
pc:head:after	1	2.61	Microsoft.CodeAnalysis.CSharp.dll	n=6;h=83A9E69E	5000	0.0025	0.0023	0.0025	7642
pc:head:after	1	2.61	System.Private.CoreLib.dll	n=6;h=8CF51FF1	5000	0.0036	0.0035	0.0036	7410
pc:tail:old	1	2.61	CommandLine.dll	n=3;h=12419554	5000	0.1933	0.1901	0.2039	613739
pc:tail:old	1	2.61	Humanizer.dll	n=0;h=811C9DC5	5000	0.2092	0.2043	0.2219	761730
pc:tail:old	1	2.61	Mono.Cecil.dll	n=0;h=811C9DC5	5000	0.2690	0.2636	0.2826	760186
pc:tail:old	1	2.61	Newtonsoft.Json.dll	n=6;h=D5BCEEDC	3439	0.5517	0.5412	0.7071	1751900
pc:tail:old	1	2.61	System.Text.Json.dll	n=6;h=DA71E8A5	3703	0.5019	0.4911	0.6771	1662615
pc:tail:old	1	2.61	NuGet.Packaging.dll	n=6;h=6FA4D21B	3702	0.4904	0.4793	0.7662	1478886
pc:tail:old	1	2.61	Microsoft.CodeAnalysis.CSharp.dll	n=0;h=811C9DC5	481	4.1560	4.1040	4.2327	9857513
pc:tail:old	1	2.61	System.Private.CoreLib.dll	n=6;h=199799C8	132	14.7804	14.3528	18.0189	36699626
pc:tail:mat	1	2.63	CommandLine.dll	n=6;h=2C0D37C1	5000	0.1583	0.1550	0.1681	621410
pc:tail:mat	1	2.63	Humanizer.dll	n=6;h=91D17220	5000	0.1494	0.1479	0.1587	584642
pc:tail:mat	1	2.63	Mono.Cecil.dll	n=6;h=3891C1A0	5000	0.2399	0.2346	0.2684	831082
pc:tail:mat	1	2.63	Newtonsoft.Json.dll	n=6;h=7111BB62	5000	0.3698	0.3591	0.4652	1353218
pc:tail:mat	1	2.63	System.Text.Json.dll	n=6;h=51F1B225	5000	0.3510	0.3412	0.4611	1390538
pc:tail:mat	1	2.63	NuGet.Packaging.dll	n=6;h=233EB48F	5000	0.2753	0.2691	0.3424	995218
pc:tail:mat	1	2.63	Microsoft.CodeAnalysis.CSharp.dll	n=6;h=DBA5688B	205	9.9438	6.9695	13.1021	16476152
pc:tail:mat	1	2.63	System.Private.CoreLib.dll	n=6;h=BC20A3BD	136	14.8757	11.5113	17.9831	26123849
pc:tail:linq	1	2.52	CommandLine.dll	n=6;h=2C0D37C1	5000	0.2137	0.2097	0.2257	653098
pc:tail:linq	1	2.52	Humanizer.dll	n=6;h=91D17220	5000	0.2036	0.2026	0.2137	574714
pc:tail:linq	1	2.52	Mono.Cecil.dll	n=6;h=3891C1A0	5000	0.3383	0.3353	0.3690	840506
pc:tail:linq	1	2.52	Newtonsoft.Json.dll	n=6;h=7111BB62	3885	0.5065	0.4999	0.5440	1335848
pc:tail:linq	1	2.52	System.Text.Json.dll	n=6;h=51F1B225	4154	0.4737	0.4651	0.5096	1344135
pc:tail:linq	1	2.52	NuGet.Packaging.dll	n=6;h=233EB48F	4876	0.4022	0.3982	0.4396	1063866
pc:tail:linq	1	2.52	Microsoft.CodeAnalysis.CSharp.dll	n=6;h=DBA5688B	365	5.4648	5.4196	5.5412	16033566
pc:tail:linq	1	2.52	System.Private.CoreLib.dll	n=6;h=BC20A3BD	242	8.2386	8.1787	8.5805	24621713
pc:tail:nlinq	1	2.41	CommandLine.dll	n=6;h=2C0D37C1	5000	0.0240	0.0238	0.0247	10122
pc:tail:nlinq	1	2.41	Humanizer.dll	n=6;h=91D17220	5000	0.0305	0.0304	0.0307	6810
pc:tail:nlinq	1	2.41	Mono.Cecil.dll	n=6;h=3891C1A0	5000	0.0581	0.0578	0.0605	8978
pc:tail:nlinq	1	2.41	Newtonsoft.Json.dll	n=6;h=7111BB62	5000	0.0734	0.0729	0.0760	9506
pc:tail:nlinq	1	2.41	System.Text.Json.dll	n=6;h=51F1B225	5000	0.0646	0.0643	0.0672	10266
pc:tail:nlinq	1	2.41	NuGet.Packaging.dll	n=6;h=233EB48F	5000	0.0596	0.0594	0.0622	6394
pc:tail:nlinq	1	2.41	Microsoft.CodeAnalysis.CSharp.dll	n=6;h=DBA5688B	3062	0.6532	0.6454	0.6608	9141
pc:tail:nlinq	1	2.41	System.Private.CoreLib.dll	n=6;h=BC20A3BD	2690	0.7431	0.7350	0.7519	9280
pc:tail:after	1	2.45	CommandLine.dll	n=6;h=2C0D37C1	5000	0.0132	0.0131	0.0135	9874
pc:tail:after	1	2.45	Humanizer.dll	n=6;h=91D17220	5000	0.0198	0.0197	0.0200	6562
pc:tail:after	1	2.45	Mono.Cecil.dll	n=6;h=3891C1A0	5000	0.0367	0.0365	0.0373	8730
pc:tail:after	1	2.45	Newtonsoft.Json.dll	n=6;h=7111BB62	5000	0.0441	0.0439	0.0447	9258
pc:tail:after	1	2.45	System.Text.Json.dll	n=6;h=51F1B225	5000	0.0372	0.0370	0.0375	10018
pc:tail:after	1	2.45	NuGet.Packaging.dll	n=6;h=233EB48F	5000	0.0335	0.0334	0.0338	6146
pc:tail:after	1	2.45	Microsoft.CodeAnalysis.CSharp.dll	n=6;h=DBA5688B	5000	0.3649	0.3617	0.3733	8898
pc:tail:after	1	2.45	System.Private.CoreLib.dll	n=6;h=BC20A3BD	4226	0.4720	0.4667	0.4808	9039
pc:rows:old	1	2.58	CommandLine.dll	n=3;h=12419554	5000	0.1930	0.1903	0.2034	613491
pc:rows:old	1	2.58	Humanizer.dll	n=0;h=811C9DC5	5000	0.2098	0.2062	0.2224	761594
pc:rows:old	1	2.58	Mono.Cecil.dll	n=0;h=811C9DC5	5000	0.2662	0.2622	0.2792	760050
pc:rows:old	1	2.58	Newtonsoft.Json.dll	n=11;h=80EFFFB3	3311	0.5530	0.5409	0.7352	1750849
pc:rows:old	1	2.58	System.Text.Json.dll	n=8;h=B5B01D1E	3662	0.4978	0.4872	0.7245	1662115
pc:rows:old	1	2.58	NuGet.Packaging.dll	n=30;h=C15624B5	3738	0.4844	0.4740	0.7688	1478690
pc:rows:old	1	2.58	Microsoft.CodeAnalysis.CSharp.dll	n=0;h=811C9DC5	487	4.1058	4.0736	4.1527	9857377
pc:rows:old	1	2.58	System.Private.CoreLib.dll	n=1770;h=8D799CBB	132	14.7202	14.3281	18.0086	36698826
pc:rows:mat	1	2.70	CommandLine.dll	n=403;h=0DAD55A3	5000	0.1587	0.1571	0.1689	620850
pc:rows:mat	1	2.70	Humanizer.dll	n=735;h=ABE64147	5000	0.1505	0.1488	0.1605	584082
pc:rows:mat	1	2.70	Mono.Cecil.dll	n=992;h=D45F7327	5000	0.2409	0.2364	0.2678	830522
pc:rows:mat	1	2.70	Newtonsoft.Json.dll	n=1509;h=30587641	5000	0.3719	0.3646	0.4802	1352658
pc:rows:mat	1	2.70	System.Text.Json.dll	n=1337;h=15AB9B20	5000	0.3511	0.3437	0.4593	1389978
pc:rows:mat	1	2.70	NuGet.Packaging.dll	n=999;h=910CC3CB	5000	0.2750	0.2696	0.3416	994658
pc:rows:mat	1	2.70	Microsoft.CodeAnalysis.CSharp.dll	n=13161;h=20D748F8	206	9.9528	6.9374	12.9510	16475579
pc:rows:mat	1	2.70	System.Private.CoreLib.dll	n=22475;h=21372B1F	134	15.0477	11.5930	18.2277	26123533
pc:rows:linq	1	2.58	CommandLine.dll	n=403;h=0DAD55A3	5000	0.2096	0.2079	0.2222	676954
pc:rows:linq	1	2.58	Humanizer.dll	n=735;h=ABE64147	5000	0.1996	0.1987	0.2099	623170
pc:rows:linq	1	2.58	Mono.Cecil.dll	n=992;h=D45F7327	5000	0.3314	0.3284	0.3849	888962
pc:rows:linq	1	2.58	Newtonsoft.Json.dll	n=1509;h=30587641	3700	0.5067	0.4917	0.6904	1433481
pc:rows:linq	1	2.58	System.Text.Json.dll	n=1337;h=15AB9B20	4043	0.4623	0.4558	0.6233	1441752
pc:rows:linq	1	2.58	NuGet.Packaging.dll	n=999;h=910CC3CB	4884	0.3925	0.3860	0.4805	1112322
pc:rows:linq	1	2.58	Microsoft.CodeAnalysis.CSharp.dll	n=13161;h=20D748F8	187	10.6996	8.0227	13.7972	16819415
pc:rows:linq	1	2.58	System.Private.CoreLib.dll	n=22475;h=21372B1F	124	16.3073	14.3180	17.7861	26196044
pc:rows:nlinq	1	2.70	CommandLine.dll	n=403;h=0DAD55A3	5000	0.1707	0.1670	0.1815	611426
pc:rows:nlinq	1	2.70	Humanizer.dll	n=735;h=ABE64147	5000	0.1603	0.1582	0.1696	566690
pc:rows:nlinq	1	2.70	Mono.Cecil.dll	n=992;h=D45F7327	5000	0.2623	0.2568	0.2826	806962
pc:rows:nlinq	1	2.70	Newtonsoft.Json.dll	n=1509;h=30587641	4639	0.3992	0.3903	0.5749	1316692
pc:rows:nlinq	1	2.70	System.Text.Json.dll	n=1337;h=15AB9B20	4961	0.3759	0.3670	0.5414	1358138
pc:rows:nlinq	1	2.70	NuGet.Packaging.dll	n=999;h=910CC3CB	5000	0.3020	0.2955	0.3752	970930
pc:rows:nlinq	1	2.70	Microsoft.CodeAnalysis.CSharp.dll	n=13161;h=20D748F8	208	9.7539	6.9713	12.6519	16159971
pc:rows:nlinq	1	2.70	System.Private.CoreLib.dll	n=22475;h=21372B1F	137	15.0015	11.3889	17.4260	25584114
pc:rows:after	1	2.54	CommandLine.dll	n=403;h=0DAD55A3	5000	0.1650	0.1634	0.1756	621730
pc:rows:after	1	2.54	Humanizer.dll	n=735;h=ABE64147	5000	0.1622	0.1608	0.1724	584962
pc:rows:after	1	2.54	Mono.Cecil.dll	n=992;h=D45F7327	5000	0.2687	0.2633	0.2987	831402
pc:rows:after	1	2.54	Newtonsoft.Json.dll	n=1509;h=30587641	4595	0.4053	0.3982	0.5905	1353540
pc:rows:after	1	2.54	System.Text.Json.dll	n=1337;h=15AB9B20	4872	0.3830	0.3782	0.5717	1390858
pc:rows:after	1	2.54	NuGet.Packaging.dll	n=999;h=910CC3CB	5000	0.3010	0.2965	0.3709	995538
pc:rows:after	1	2.54	Microsoft.CodeAnalysis.CSharp.dll	n=13161;h=20D748F8	200	10.0841	7.2256	13.3644	16476460
pc:rows:after	1	2.54	System.Private.CoreLib.dll	n=22475;h=21372B1F	124	15.6181	11.8318	18.9502	26124187
pc:window:old	1	2.38	CommandLine.dll	fail	5000	0.1934	0.1906	0.2002	613499
pc:window:old	1	2.38	Humanizer.dll	fail	5000	0.2099	0.2061	0.2182	761602
pc:window:old	1	2.38	Mono.Cecil.dll	fail	5000	0.2671	0.2638	0.2764	760058
pc:window:old	1	2.38	Newtonsoft.Json.dll	fail	3423	0.5482	0.5395	0.7190	1750858
pc:window:old	1	2.38	System.Text.Json.dll	fail	3661	0.4969	0.4897	0.7054	1662120
pc:window:old	1	2.38	NuGet.Packaging.dll	fail	3714	0.4875	0.4798	0.7696	1478654
pc:window:old	1	2.38	Microsoft.CodeAnalysis.CSharp.dll	fail	482	4.1465	4.1144	4.1960	9857385
pc:window:old	1	2.38	System.Private.CoreLib.dll	n=11;h=D844F31A	132	14.6782	14.3106	17.9615	36699473
pc:window:mat	1	2.36	CommandLine.dll	n=11;h=9289C8A6	5000	0.1575	0.1560	0.1629	621330
pc:window:mat	1	2.36	Humanizer.dll	n=11;h=13A97420	5000	0.1510	0.1503	0.1571	584562
pc:window:mat	1	2.36	Mono.Cecil.dll	n=11;h=D01076C5	5000	0.2388	0.2372	0.2598	831002
pc:window:mat	1	2.36	Newtonsoft.Json.dll	n=11;h=1E2EEF32	5000	0.3660	0.3600	0.4671	1353138
pc:window:mat	1	2.36	System.Text.Json.dll	n=11;h=BA929ADB	5000	0.3461	0.3397	0.4620	1390458
pc:window:mat	1	2.36	NuGet.Packaging.dll	n=11;h=11E00573	5000	0.2698	0.2643	0.3365	995138
pc:window:mat	1	2.36	Microsoft.CodeAnalysis.CSharp.dll	n=11;h=F4CCA210	207	9.8805	6.9379	13.1397	16476077
pc:window:mat	1	2.36	System.Private.CoreLib.dll	n=11;h=3D959E9B	136	14.8575	11.4948	17.8676	26123974
pc:window:linq	1	2.22	CommandLine.dll	n=11;h=9289C8A6	5000	0.0530	0.0528	0.0538	176450
pc:window:linq	1	2.22	Humanizer.dll	n=11;h=13A97420	5000	0.0281	0.0279	0.0286	89570
pc:window:linq	1	2.22	Mono.Cecil.dll	n=11;h=D01076C5	5000	0.0312	0.0310	0.0316	96170
pc:window:linq	1	2.22	Newtonsoft.Json.dll	n=11;h=1E2EEF32	5000	0.0314	0.0311	0.0317	94954
pc:window:linq	1	2.22	System.Text.Json.dll	n=11;h=BA929ADB	5000	0.0332	0.0330	0.0337	113418
pc:window:linq	1	2.22	NuGet.Packaging.dll	n=11;h=11E00573	5000	0.0349	0.0346	0.0354	104746
pc:window:linq	1	2.22	Microsoft.CodeAnalysis.CSharp.dll	n=11;h=F4CCA210	5000	0.0670	0.0666	0.0680	124674
pc:window:linq	1	2.22	System.Private.CoreLib.dll	n=11;h=3D959E9B	5000	0.0382	0.0380	0.0386	96858
pc:window:nlinq	1	2.29	CommandLine.dll	n=11;h=9289C8A6	5000	0.0090	0.0088	0.0092	19074
pc:window:nlinq	1	2.29	Humanizer.dll	n=11;h=13A97420	5000	0.0063	0.0062	0.0064	12890
pc:window:nlinq	1	2.29	Mono.Cecil.dll	n=11;h=D01076C5	5000	0.0076	0.0075	0.0077	15842
pc:window:nlinq	1	2.29	Newtonsoft.Json.dll	n=11;h=1E2EEF32	5000	0.0085	0.0085	0.0087	16690
pc:window:nlinq	1	2.29	System.Text.Json.dll	n=11;h=BA929ADB	5000	0.0082	0.0081	0.0083	16986
pc:window:nlinq	1	2.29	NuGet.Packaging.dll	n=11;h=11E00573	5000	0.0081	0.0080	0.0082	15378
pc:window:nlinq	1	2.29	Microsoft.CodeAnalysis.CSharp.dll	n=11;h=F4CCA210	5000	0.0206	0.0205	0.0219	15282
pc:window:nlinq	1	2.29	System.Private.CoreLib.dll	n=11;h=3D959E9B	5000	0.0092	0.0092	0.0094	11250
pc:window:after	1	2.29	CommandLine.dll	n=11;h=9289C8A6	5000	0.0072	0.0072	0.0075	19138
pc:window:after	1	2.29	Humanizer.dll	n=11;h=13A97420	5000	0.0056	0.0055	0.0057	12954
pc:window:after	1	2.29	Mono.Cecil.dll	n=11;h=D01076C5	5000	0.0065	0.0064	0.0066	15906
pc:window:after	1	2.29	Newtonsoft.Json.dll	n=11;h=1E2EEF32	5000	0.0073	0.0072	0.0074	16754
pc:window:after	1	2.29	System.Text.Json.dll	n=11;h=BA929ADB	5000	0.0062	0.0062	0.0063	17050
pc:window:after	1	2.29	NuGet.Packaging.dll	n=11;h=11E00573	5000	0.0065	0.0064	0.0065	15442
pc:window:after	1	2.29	Microsoft.CodeAnalysis.CSharp.dll	n=11;h=F4CCA210	5000	0.0115	0.0114	0.0116	15346
pc:window:after	1	2.29	System.Private.CoreLib.dll	n=11;h=3D959E9B	5000	0.0067	0.0067	0.0069	11314
pc:exists:old	1	2.29	CommandLine.dll	true	5000	0.1932	0.1905	0.1992	613499
pc:exists:old	1	2.29	Humanizer.dll	false	5000	0.2097	0.2064	0.2179	761602
pc:exists:old	1	2.29	Mono.Cecil.dll	false	5000	0.2690	0.2657	0.2796	760058
pc:exists:old	1	2.29	Newtonsoft.Json.dll	true	3406	0.5510	0.5428	0.7196	1750857
pc:exists:old	1	2.29	System.Text.Json.dll	true	3731	0.4989	0.4915	0.6720	1662119
pc:exists:old	1	2.29	NuGet.Packaging.dll	true	3710	0.4897	0.4822	0.7512	1478703
pc:exists:old	1	2.29	Microsoft.CodeAnalysis.CSharp.dll	false	482	4.1495	4.1257	4.1995	9857385
pc:exists:old	1	2.29	System.Private.CoreLib.dll	true	132	14.7006	14.3360	17.7672	36698995
pc:exists:mat	2	2.28	CommandLine.dll	true	5000	0.1552	0.1541	0.1621	620834
pc:exists:mat	2	2.28	Humanizer.dll	true	5000	0.1479	0.1467	0.1558	584066
pc:exists:mat	2	2.28	Mono.Cecil.dll	true	5000	0.2360	0.2327	0.2601	830506
pc:exists:mat	2	2.28	Newtonsoft.Json.dll	true	5000	0.3637	0.3577	0.4655	1352642
pc:exists:mat	2	2.28	System.Text.Json.dll	true	5000	0.3433	0.3375	0.4524	1389962
pc:exists:mat	2	2.28	NuGet.Packaging.dll	true	5000	0.2670	0.2630	0.3338	994642
pc:exists:mat	2	2.28	Microsoft.CodeAnalysis.CSharp.dll	true	202	10.0400	6.9626	13.6095	16475563
pc:exists:mat	2	2.28	System.Private.CoreLib.dll	true	132	15.3832	11.4676	18.5339	26123334
pc:exists:old	2	2.23	CommandLine.dll	true	5000	0.1936	0.1892	0.2032	613499
pc:exists:old	2	2.23	Humanizer.dll	false	5000	0.2115	0.2075	0.2199	761602
pc:exists:old	2	2.23	Mono.Cecil.dll	false	5000	0.2678	0.2642	0.2770	760058
pc:exists:old	2	2.23	Newtonsoft.Json.dll	true	3407	0.5515	0.5428	0.7195	1750857
pc:exists:old	2	2.23	System.Text.Json.dll	true	3583	0.4985	0.4905	0.6896	1662119
pc:exists:old	2	2.23	NuGet.Packaging.dll	true	3743	0.4858	0.4798	0.7347	1478673
pc:exists:old	2	2.23	Microsoft.CodeAnalysis.CSharp.dll	false	483	4.1409	4.1141	4.1947	9857385
pc:exists:old	2	2.23	System.Private.CoreLib.dll	true	130	14.8201	14.4327	18.4520	36698815
pc:window:after	2	2.18	CommandLine.dll	n=11;h=9289C8A6	5000	0.0073	0.0072	0.0076	19138
pc:window:after	2	2.18	Humanizer.dll	n=11;h=13A97420	5000	0.0056	0.0055	0.0057	12954
pc:window:after	2	2.18	Mono.Cecil.dll	n=11;h=D01076C5	5000	0.0066	0.0065	0.0067	15906
pc:window:after	2	2.18	Newtonsoft.Json.dll	n=11;h=1E2EEF32	5000	0.0074	0.0073	0.0075	16754
pc:window:after	2	2.18	System.Text.Json.dll	n=11;h=BA929ADB	5000	0.0063	0.0062	0.0064	17050
pc:window:after	2	2.18	NuGet.Packaging.dll	n=11;h=11E00573	5000	0.0065	0.0065	0.0066	15442
pc:window:after	2	2.18	Microsoft.CodeAnalysis.CSharp.dll	n=11;h=F4CCA210	5000	0.0116	0.0115	0.0117	15346
pc:window:after	2	2.18	System.Private.CoreLib.dll	n=11;h=3D959E9B	5000	0.0068	0.0067	0.0069	11314
pc:window:nlinq	2	2.18	CommandLine.dll	n=11;h=9289C8A6	5000	0.0089	0.0088	0.0092	19074
pc:window:nlinq	2	2.18	Humanizer.dll	n=11;h=13A97420	5000	0.0062	0.0061	0.0063	12890
pc:window:nlinq	2	2.18	Mono.Cecil.dll	n=11;h=D01076C5	5000	0.0075	0.0075	0.0077	15842
pc:window:nlinq	2	2.18	Newtonsoft.Json.dll	n=11;h=1E2EEF32	5000	0.0085	0.0084	0.0086	16690
pc:window:nlinq	2	2.18	System.Text.Json.dll	n=11;h=BA929ADB	5000	0.0080	0.0079	0.0082	16986
pc:window:nlinq	2	2.18	NuGet.Packaging.dll	n=11;h=11E00573	5000	0.0080	0.0079	0.0081	15378
pc:window:nlinq	2	2.18	Microsoft.CodeAnalysis.CSharp.dll	n=11;h=F4CCA210	5000	0.0212	0.0200	0.0214	15282
pc:window:nlinq	2	2.18	System.Private.CoreLib.dll	n=11;h=3D959E9B	5000	0.0091	0.0090	0.0092	11250
pc:window:linq	2	2.18	CommandLine.dll	n=11;h=9289C8A6	5000	0.0550	0.0548	0.0554	176450
pc:window:linq	2	2.18	Humanizer.dll	n=11;h=13A97420	5000	0.0284	0.0280	0.0288	89570
pc:window:linq	2	2.18	Mono.Cecil.dll	n=11;h=D01076C5	5000	0.0312	0.0310	0.0315	96170
pc:window:linq	2	2.18	Newtonsoft.Json.dll	n=11;h=1E2EEF32	5000	0.0313	0.0310	0.0317	94954
pc:window:linq	2	2.18	System.Text.Json.dll	n=11;h=BA929ADB	5000	0.0329	0.0327	0.0332	113418
pc:window:linq	2	2.18	NuGet.Packaging.dll	n=11;h=11E00573	5000	0.0350	0.0347	0.0353	104746
pc:window:linq	2	2.18	Microsoft.CodeAnalysis.CSharp.dll	n=11;h=F4CCA210	5000	0.0669	0.0665	0.0711	124674
pc:window:linq	2	2.18	System.Private.CoreLib.dll	n=11;h=3D959E9B	5000	0.0393	0.0390	0.0397	96858
pc:window:mat	2	2.18	CommandLine.dll	n=11;h=9289C8A6	5000	0.1577	0.1565	0.1672	621330
pc:window:mat	2	2.18	Humanizer.dll	n=11;h=13A97420	5000	0.1491	0.1477	0.1525	584562
pc:window:mat	2	2.18	Mono.Cecil.dll	n=11;h=D01076C5	5000	0.2394	0.2378	0.2689	831002
pc:window:mat	2	2.18	Newtonsoft.Json.dll	n=11;h=1E2EEF32	5000	0.3663	0.3609	0.4677	1353138
pc:window:mat	2	2.18	System.Text.Json.dll	n=11;h=BA929ADB	5000	0.3461	0.3401	0.4626	1390458
pc:window:mat	2	2.18	NuGet.Packaging.dll	n=11;h=11E00573	5000	0.2706	0.2659	0.3371	995138
pc:window:mat	2	2.18	Microsoft.CodeAnalysis.CSharp.dll	n=11;h=F4CCA210	202	10.0855	6.9458	13.7323	16476061
pc:window:mat	2	2.18	System.Private.CoreLib.dll	n=11;h=3D959E9B	131	15.4187	11.5929	18.7277	26123883
pc:window:old	2	1.99	CommandLine.dll	fail	5000	0.1923	0.1896	0.1983	613499
pc:window:old	2	1.99	Humanizer.dll	fail	5000	0.2095	0.2062	0.2177	761602
pc:window:old	2	1.99	Mono.Cecil.dll	fail	5000	0.2671	0.2638	0.2761	760058
pc:window:old	2	1.99	Newtonsoft.Json.dll	fail	3422	0.5489	0.5392	0.7163	1750859
pc:window:old	2	1.99	System.Text.Json.dll	fail	3681	0.4971	0.4887	0.7233	1662121
pc:window:old	2	1.99	NuGet.Packaging.dll	fail	3725	0.4856	0.4770	0.7735	1478655
pc:window:old	2	1.99	Microsoft.CodeAnalysis.CSharp.dll	fail	490	4.0874	4.0329	4.1472	9857385
pc:window:old	2	1.99	System.Private.CoreLib.dll	n=11;h=D844F31A	131	14.7010	14.3142	18.4950	36699317
pc:rows:after	2	1.98	CommandLine.dll	n=403;h=0DAD55A3	5000	0.1641	0.1632	0.1704	621730
pc:rows:after	2	1.98	Humanizer.dll	n=735;h=ABE64147	5000	0.1632	0.1604	0.1676	584962
pc:rows:after	2	1.98	Mono.Cecil.dll	n=992;h=D45F7327	5000	0.2687	0.2617	0.2951	831402
pc:rows:after	2	1.98	Newtonsoft.Json.dll	n=1509;h=30587641	4623	0.4047	0.3969	0.5867	1353540
pc:rows:after	2	1.98	System.Text.Json.dll	n=1337;h=15AB9B20	4847	0.3847	0.3821	0.5746	1390859
pc:rows:after	2	1.98	NuGet.Packaging.dll	n=999;h=910CC3CB	5000	0.3027	0.2982	0.3745	995538
pc:rows:after	2	1.98	Microsoft.CodeAnalysis.CSharp.dll	n=13161;h=20D748F8	198	10.0833	7.1823	13.8682	16476459
pc:rows:after	2	1.98	System.Private.CoreLib.dll	n=22475;h=21372B1F	129	15.8707	11.6995	18.7803	26124515
pc:rows:nlinq	2	2.06	CommandLine.dll	n=403;h=0DAD55A3	5000	0.1687	0.1681	0.1777	611426
pc:rows:nlinq	2	2.06	Humanizer.dll	n=735;h=ABE64147	5000	0.1584	0.1577	0.1620	566690
pc:rows:nlinq	2	2.06	Mono.Cecil.dll	n=992;h=D45F7327	5000	0.2597	0.2580	0.2732	806962
pc:rows:nlinq	2	2.06	Newtonsoft.Json.dll	n=1509;h=30587641	4663	0.3953	0.3925	0.5719	1316692
pc:rows:nlinq	2	2.06	System.Text.Json.dll	n=1337;h=15AB9B20	5000	0.3707	0.3664	0.5364	1358138
pc:rows:nlinq	2	2.06	NuGet.Packaging.dll	n=999;h=910CC3CB	5000	0.2973	0.2924	0.3596	970930
pc:rows:nlinq	2	2.06	Microsoft.CodeAnalysis.CSharp.dll	n=13161;h=20D748F8	206	9.8246	7.0338	13.2660	16159991
pc:rows:nlinq	2	2.06	System.Private.CoreLib.dll	n=22475;h=21372B1F	123	15.7726	11.6017	18.8462	25584353
pc:rows:linq	2	2.14	CommandLine.dll	n=403;h=0DAD55A3	5000	0.2078	0.2071	0.2133	676954
pc:rows:linq	2	2.14	Humanizer.dll	n=735;h=ABE64147	5000	0.1992	0.1984	0.2036	623170
pc:rows:linq	2	2.14	Mono.Cecil.dll	n=992;h=D45F7327	5000	0.3302	0.3273	0.3850	888962
pc:rows:linq	2	2.14	Newtonsoft.Json.dll	n=1509;h=30587641	3760	0.5017	0.4891	0.6800	1433481
pc:rows:linq	2	2.14	System.Text.Json.dll	n=1337;h=15AB9B20	4013	0.4670	0.4558	0.6275	1441752
pc:rows:linq	2	2.14	NuGet.Packaging.dll	n=999;h=910CC3CB	4793	0.3985	0.3933	0.5023	1112323
pc:rows:linq	2	2.14	Microsoft.CodeAnalysis.CSharp.dll	n=13161;h=20D748F8	188	10.6115	7.9410	14.2312	16819425
pc:rows:linq	2	2.14	System.Private.CoreLib.dll	n=22475;h=21372B1F	121	16.5928	14.4300	18.1645	26195925
pc:rows:mat	2	2.10	CommandLine.dll	n=403;h=0DAD55A3	5000	0.1565	0.1550	0.1641	620850
pc:rows:mat	2	2.10	Humanizer.dll	n=735;h=ABE64147	5000	0.1481	0.1470	0.1562	584082
pc:rows:mat	2	2.10	Mono.Cecil.dll	n=992;h=D45F7327	5000	0.2382	0.2351	0.2645	830522
pc:rows:mat	2	2.10	Newtonsoft.Json.dll	n=1509;h=30587641	5000	0.3663	0.3611	0.4731	1352658
pc:rows:mat	2	2.10	System.Text.Json.dll	n=1337;h=15AB9B20	5000	0.3467	0.3409	0.4546	1389978
pc:rows:mat	2	2.10	NuGet.Packaging.dll	n=999;h=910CC3CB	5000	0.2708	0.2662	0.3370	994658
pc:rows:mat	2	2.10	Microsoft.CodeAnalysis.CSharp.dll	n=13161;h=20D748F8	202	10.0313	6.9830	13.5893	16475583
pc:rows:mat	2	2.10	System.Private.CoreLib.dll	n=22475;h=21372B1F	132	15.4859	11.5948	18.6448	26123391
pc:rows:old	2	2.16	CommandLine.dll	n=3;h=12419554	5000	0.1957	0.1930	0.1988	613491
pc:rows:old	2	2.16	Humanizer.dll	n=0;h=811C9DC5	5000	0.2137	0.2105	0.2212	761594
pc:rows:old	2	2.16	Mono.Cecil.dll	n=0;h=811C9DC5	5000	0.2691	0.2657	0.2788	760050
pc:rows:old	2	2.16	Newtonsoft.Json.dll	n=11;h=80EFFFB3	3382	0.5551	0.5466	0.7210	1750852
pc:rows:old	2	2.16	System.Text.Json.dll	n=8;h=B5B01D1E	3642	0.5047	0.4972	0.7221	1662113
pc:rows:old	2	2.16	NuGet.Packaging.dll	n=30;h=C15624B5	3671	0.4909	0.4841	0.7932	1478669
pc:rows:old	2	2.16	Microsoft.CodeAnalysis.CSharp.dll	n=0;h=811C9DC5	485	4.1162	4.0795	4.1969	9857377
pc:rows:old	2	2.16	System.Private.CoreLib.dll	n=1770;h=8D799CBB	131	14.7164	14.3540	18.5424	36699077
pc:tail:after	2	2.46	CommandLine.dll	n=6;h=2C0D37C1	5000	0.0131	0.0130	0.0134	9874
pc:tail:after	2	2.46	Humanizer.dll	n=6;h=91D17220	5000	0.0198	0.0197	0.0199	6562
pc:tail:after	2	2.46	Mono.Cecil.dll	n=6;h=3891C1A0	5000	0.0368	0.0365	0.0376	8730
pc:tail:after	2	2.46	Newtonsoft.Json.dll	n=6;h=7111BB62	5000	0.0440	0.0438	0.0443	9258
pc:tail:after	2	2.46	System.Text.Json.dll	n=6;h=51F1B225	5000	0.0372	0.0370	0.0374	10018
pc:tail:after	2	2.46	NuGet.Packaging.dll	n=6;h=233EB48F	5000	0.0333	0.0331	0.0335	6146
pc:tail:after	2	2.46	Microsoft.CodeAnalysis.CSharp.dll	n=6;h=DBA5688B	5000	0.3651	0.3619	0.3698	8898
pc:tail:after	2	2.46	System.Private.CoreLib.dll	n=6;h=BC20A3BD	4262	0.4686	0.4664	0.4720	9038
pc:tail:nlinq	2	2.50	CommandLine.dll	n=6;h=2C0D37C1	5000	0.0243	0.0242	0.0249	10122
pc:tail:nlinq	2	2.50	Humanizer.dll	n=6;h=91D17220	5000	0.0312	0.0311	0.0314	6810
pc:tail:nlinq	2	2.50	Mono.Cecil.dll	n=6;h=3891C1A0	5000	0.0593	0.0590	0.0598	8978
pc:tail:nlinq	2	2.50	Newtonsoft.Json.dll	n=6;h=7111BB62	5000	0.0745	0.0741	0.0751	9506
pc:tail:nlinq	2	2.50	System.Text.Json.dll	n=6;h=51F1B225	5000	0.0655	0.0652	0.0662	10266
pc:tail:nlinq	2	2.50	NuGet.Packaging.dll	n=6;h=233EB48F	5000	0.0606	0.0600	0.0609	6394
pc:tail:nlinq	2	2.50	Microsoft.CodeAnalysis.CSharp.dll	n=6;h=DBA5688B	3041	0.6562	0.6530	0.6645	9141
pc:tail:nlinq	2	2.50	System.Private.CoreLib.dll	n=6;h=BC20A3BD	2645	0.7554	0.7509	0.7618	9280
pc:tail:linq	2	2.38	CommandLine.dll	n=6;h=2C0D37C1	5000	0.2091	0.2084	0.2162	653098
pc:tail:linq	2	2.38	Humanizer.dll	n=6;h=91D17220	5000	0.1991	0.1982	0.2040	574714
pc:tail:linq	2	2.38	Mono.Cecil.dll	n=6;h=3891C1A0	5000	0.3315	0.3291	0.3728	840506
pc:tail:linq	2	2.38	Newtonsoft.Json.dll	n=6;h=7111BB62	3968	0.4938	0.4900	0.5342	1335848
pc:tail:linq	2	2.38	System.Text.Json.dll	n=6;h=51F1B225	4044	0.4640	0.4570	0.5265	1344120
pc:tail:linq	2	2.38	NuGet.Packaging.dll	n=6;h=233EB48F	4633	0.3993	0.3907	0.4585	1063868
pc:tail:linq	2	2.38	Microsoft.CodeAnalysis.CSharp.dll	n=6;h=DBA5688B	359	5.4600	5.3325	5.7585	16033567
pc:tail:linq	2	2.38	System.Private.CoreLib.dll	n=6;h=BC20A3BD	237	8.2733	8.0947	8.7954	24621690
pc:tail:mat	2	2.51	CommandLine.dll	n=6;h=2C0D37C1	5000	0.1637	0.1570	0.1940	621410
pc:tail:mat	2	2.51	Humanizer.dll	n=6;h=91D17220	5000	0.1511	0.1488	0.1728	584642
pc:tail:mat	2	2.51	Mono.Cecil.dll	n=6;h=3891C1A0	5000	0.2434	0.2385	0.2911	831082
pc:tail:mat	2	2.51	Newtonsoft.Json.dll	n=6;h=7111BB62	5000	0.3694	0.3604	0.4652	1353218
pc:tail:mat	2	2.51	System.Text.Json.dll	n=6;h=51F1B225	5000	0.3475	0.3377	0.4573	1390538
pc:tail:mat	2	2.51	NuGet.Packaging.dll	n=6;h=233EB48F	5000	0.2681	0.2622	0.3338	995218
pc:tail:mat	2	2.51	Microsoft.CodeAnalysis.CSharp.dll	n=6;h=DBA5688B	205	10.0072	7.0055	13.0576	16476163
pc:tail:mat	2	2.51	System.Private.CoreLib.dll	n=6;h=BC20A3BD	135	14.9398	11.3825	18.0149	26123963
pc:tail:old	2	2.54	CommandLine.dll	n=3;h=12419554	5000	0.1963	0.1927	0.2071	613739
pc:tail:old	2	2.54	Humanizer.dll	n=0;h=811C9DC5	5000	0.2135	0.2099	0.2262	761730
pc:tail:old	2	2.54	Mono.Cecil.dll	n=0;h=811C9DC5	5000	0.2709	0.2672	0.2837	760186
pc:tail:old	2	2.54	Newtonsoft.Json.dll	n=6;h=D5BCEEDC	3381	0.5606	0.5515	0.7187	1751896
pc:tail:old	2	2.54	System.Text.Json.dll	n=6;h=DA71E8A5	3724	0.5082	0.4987	0.6547	1662717
pc:tail:old	2	2.54	NuGet.Packaging.dll	n=6;h=6FA4D21B	3647	0.4962	0.4871	0.7900	1478872
pc:tail:old	2	2.54	Microsoft.CodeAnalysis.CSharp.dll	n=0;h=811C9DC5	475	4.2111	4.1780	4.2786	9857513
pc:tail:old	2	2.54	System.Private.CoreLib.dll	n=6;h=199799C8	130	14.9090	14.5407	18.2206	36699536
pc:head:after	2	2.38	CommandLine.dll	n=6;h=38398B5E	5000	0.0032	0.0032	0.0035	10338
pc:head:after	2	2.38	Humanizer.dll	n=6;h=D93A2D05	5000	0.0025	0.0025	0.0026	8338
pc:head:after	2	2.38	Mono.Cecil.dll	n=6;h=EAFAA362	5000	0.0026	0.0025	0.0027	8106
pc:head:after	2	2.38	Newtonsoft.Json.dll	n=6;h=A4332D4B	5000	0.0025	0.0025	0.0026	8050
pc:head:after	2	2.38	System.Text.Json.dll	n=6;h=7C8B77FF	5000	0.0033	0.0033	0.0034	8538
pc:head:after	2	2.38	NuGet.Packaging.dll	n=6;h=10648FC9	5000	0.0032	0.0031	0.0033	11090
pc:head:after	2	2.38	Microsoft.CodeAnalysis.CSharp.dll	n=6;h=83A9E69E	5000	0.0025	0.0024	0.0025	7642
pc:head:after	2	2.38	System.Private.CoreLib.dll	n=6;h=8CF51FF1	5000	0.0036	0.0035	0.0037	7410
pc:head:nlinq	2	2.38	CommandLine.dll	n=6;h=38398B5E	5000	0.0043	0.0042	0.0049	10274
pc:head:nlinq	2	2.38	Humanizer.dll	n=6;h=D93A2D05	5000	0.0027	0.0026	0.0027	8274
pc:head:nlinq	2	2.38	Mono.Cecil.dll	n=6;h=EAFAA362	5000	0.0027	0.0027	0.0028	8042
pc:head:nlinq	2	2.38	Newtonsoft.Json.dll	n=6;h=A4332D4B	5000	0.0026	0.0026	0.0027	7986
pc:head:nlinq	2	2.38	System.Text.Json.dll	n=6;h=7C8B77FF	5000	0.0044	0.0043	0.0046	8474
pc:head:nlinq	2	2.38	NuGet.Packaging.dll	n=6;h=10648FC9	5000	0.0039	0.0038	0.0040	11026
pc:head:nlinq	2	2.38	Microsoft.CodeAnalysis.CSharp.dll	n=6;h=83A9E69E	5000	0.0026	0.0024	0.0027	7578
pc:head:nlinq	2	2.38	System.Private.CoreLib.dll	n=6;h=8CF51FF1	5000	0.0050	0.0050	0.0051	7346
pc:head:linq	2	2.38	CommandLine.dll	n=6;h=38398B5E	5000	0.0074	0.0073	0.0076	17810
pc:head:linq	2	2.38	Humanizer.dll	n=6;h=D93A2D05	5000	0.0032	0.0032	0.0034	10706
pc:head:linq	2	2.38	Mono.Cecil.dll	n=6;h=EAFAA362	5000	0.0032	0.0031	0.0033	10242
pc:head:linq	2	2.38	Newtonsoft.Json.dll	n=6;h=A4332D4B	5000	0.0031	0.0031	0.0033	10186
pc:head:linq	2	2.38	System.Text.Json.dll	n=6;h=7C8B77FF	5000	0.0071	0.0070	0.0072	10674
pc:head:linq	2	2.38	NuGet.Packaging.dll	n=6;h=10648FC9	5000	0.0057	0.0056	0.0058	15082
pc:head:linq	2	2.38	Microsoft.CodeAnalysis.CSharp.dll	n=6;h=83A9E69E	5000	0.0033	0.0032	0.0035	10242
pc:head:linq	2	2.38	System.Private.CoreLib.dll	n=6;h=8CF51FF1	5000	0.0101	0.0100	0.0104	18594
pc:head:mat	2	2.43	CommandLine.dll	n=6;h=38398B5E	5000	0.1581	0.1550	0.1687	621138
pc:head:mat	2	2.43	Humanizer.dll	n=6;h=D93A2D05	5000	0.1482	0.1475	0.1581	584370
pc:head:mat	2	2.43	Mono.Cecil.dll	n=6;h=EAFAA362	5000	0.2413	0.2342	0.2644	830810
pc:head:mat	2	2.43	Newtonsoft.Json.dll	n=6;h=A4332D4B	5000	0.3685	0.3605	0.4710	1352946
pc:head:mat	2	2.43	System.Text.Json.dll	n=6;h=7C8B77FF	5000	0.3473	0.3384	0.4614	1390266
pc:head:mat	2	2.43	NuGet.Packaging.dll	n=6;h=10648FC9	5000	0.2706	0.2644	0.3358	994946
pc:head:mat	2	2.43	Microsoft.CodeAnalysis.CSharp.dll	n=6;h=83A9E69E	204	9.9677	7.0599	12.9913	16475891
pc:head:mat	2	2.43	System.Private.CoreLib.dll	n=6;h=8CF51FF1	134	14.9853	11.4557	18.1227	26123757
pc:head:old	2	2.29	CommandLine.dll	n=3;h=12419554	5000	0.1952	0.1932	0.2064	613595
pc:head:old	2	2.29	Humanizer.dll	n=0;h=811C9DC5	5000	0.2132	0.2098	0.2256	761690
pc:head:old	2	2.29	Mono.Cecil.dll	n=0;h=811C9DC5	5000	0.2706	0.2661	0.2855	760146
pc:head:old	2	2.29	Newtonsoft.Json.dll	n=6;h=B04DE5BE	3379	0.5599	0.5487	0.7231	1751470
pc:head:old	2	2.29	System.Text.Json.dll	n=6;h=76C2CF24	3685	0.5093	0.4990	0.6866	1662720
pc:head:old	2	2.29	NuGet.Packaging.dll	n=6;h=EA087BB8	3683	0.4961	0.4855	0.7445	1478888
pc:head:old	2	2.29	Microsoft.CodeAnalysis.CSharp.dll	n=0;h=811C9DC5	478	4.1954	4.1075	4.2690	9857473
pc:head:old	2	2.29	System.Private.CoreLib.dll	n=6;h=45A86D54	130	14.9864	14.5397	18.2080	36699154
pc:count:after	2	2.38	CommandLine.dll	c=403	5000	0.0124	0.0123	0.0131	5018
pc:count:after	2	2.38	Humanizer.dll	c=735	5000	0.0202	0.0201	0.0204	5018
pc:count:after	2	2.38	Mono.Cecil.dll	c=992	5000	0.0380	0.0378	0.0385	5018
pc:count:after	2	2.38	Newtonsoft.Json.dll	c=1509	5000	0.0455	0.0453	0.0460	5018
pc:count:after	2	2.38	System.Text.Json.dll	c=1337	5000	0.0385	0.0382	0.0390	5018
pc:count:after	2	2.38	NuGet.Packaging.dll	c=999	5000	0.0352	0.0350	0.0357	5018
pc:count:after	2	2.38	Microsoft.CodeAnalysis.CSharp.dll	c=13161	4901	0.3933	0.3882	0.4022	5018
pc:count:after	2	2.38	System.Private.CoreLib.dll	c=22475	4022	0.4961	0.4908	0.5040	5008
pc:count:nlinq	2	2.35	CommandLine.dll	c=403	5000	0.0180	0.0179	0.0187	4362
pc:count:nlinq	2	2.35	Humanizer.dll	c=735	5000	0.0242	0.0240	0.0243	4362
pc:count:nlinq	2	2.35	Mono.Cecil.dll	c=992	5000	0.0460	0.0458	0.0465	4362
pc:count:nlinq	2	2.35	Newtonsoft.Json.dll	c=1509	5000	0.0579	0.0577	0.0584	4362
pc:count:nlinq	2	2.35	System.Text.Json.dll	c=1337	5000	0.0503	0.0500	0.0512	4362
pc:count:nlinq	2	2.35	NuGet.Packaging.dll	c=999	5000	0.0472	0.0465	0.0478	4362
pc:count:nlinq	2	2.35	Microsoft.CodeAnalysis.CSharp.dll	c=13161	3879	0.5150	0.5075	0.5242	4352
pc:count:nlinq	2	2.35	System.Private.CoreLib.dll	c=22475	3358	0.5950	0.5896	0.6026	4355
pc:count:linq	2	2.32	CommandLine.dll	c=403	5000	0.2044	0.2035	0.2150	652250
pc:count:linq	2	2.32	Humanizer.dll	c=735	5000	0.1909	0.1897	0.2007	573866
pc:count:linq	2	2.32	Mono.Cecil.dll	c=992	5000	0.3191	0.3161	0.3499	839658
pc:count:linq	2	2.32	Newtonsoft.Json.dll	c=1509	4133	0.4745	0.4716	0.5084	1335015
pc:count:linq	2	2.32	System.Text.Json.dll	c=1337	4414	0.4447	0.4395	0.4775	1343285
pc:count:linq	2	2.32	NuGet.Packaging.dll	c=999	5000	0.3826	0.3762	0.4134	1063018
pc:count:linq	2	2.32	Microsoft.CodeAnalysis.CSharp.dll	c=13161	381	5.2210	5.1871	5.3282	16032718
pc:count:linq	2	2.32	System.Private.CoreLib.dll	c=22475	253	7.8452	7.8032	8.1915	24619565
pc:count:mat	2	2.56	CommandLine.dll	c=403	5000	0.1555	0.1542	0.1654	620850
pc:count:mat	2	2.56	Humanizer.dll	c=735	5000	0.1475	0.1465	0.1563	584082
pc:count:mat	2	2.56	Mono.Cecil.dll	c=992	5000	0.2369	0.2332	0.2682	830522
pc:count:mat	2	2.56	Newtonsoft.Json.dll	c=1509	5000	0.3718	0.3652	0.4935	1352658
pc:count:mat	2	2.56	System.Text.Json.dll	c=1337	5000	0.3468	0.3389	0.4566	1389978
pc:count:mat	2	2.56	NuGet.Packaging.dll	c=999	5000	0.2713	0.2651	0.3364	994658
pc:count:mat	2	2.56	Microsoft.CodeAnalysis.CSharp.dll	c=13161	204	10.0812	7.0142	13.2157	16475580
pc:count:mat	2	2.56	System.Private.CoreLib.dll	c=22475	135	15.0027	11.5450	18.0676	26123360
pc:count:old	2	2.42	CommandLine.dll	c=3	5000	0.1937	0.1905	0.2050	613491
pc:count:old	2	2.42	Humanizer.dll	c=0	5000	0.2107	0.2069	0.2242	761594
pc:count:old	2	2.42	Mono.Cecil.dll	c=0	5000	0.2695	0.2644	0.2842	760050
pc:count:old	2	2.42	Newtonsoft.Json.dll	c=11	3365	0.5595	0.5481	0.7256	1750850
pc:count:old	2	2.42	System.Text.Json.dll	c=8	3660	0.5066	0.4956	0.7072	1662115
pc:count:old	2	2.42	NuGet.Packaging.dll	c=30	3675	0.4947	0.4852	0.7719	1478668
pc:count:old	2	2.42	Microsoft.CodeAnalysis.CSharp.dll	c=0	479	4.1713	4.1436	4.2199	9857377
pc:count:old	2	2.42	System.Private.CoreLib.dll	c=1770	130	14.9200	14.5906	18.2158	36699021
pc:exists:after	2	2.40	CommandLine.dll	true	5000	0.0019	0.0017	0.0023	5026
pc:exists:after	2	2.40	Humanizer.dll	true	5000	0.0017	0.0017	0.0018	5026
pc:exists:after	2	2.40	Mono.Cecil.dll	true	5000	0.0017	0.0016	0.0018	5026
pc:exists:after	2	2.40	Newtonsoft.Json.dll	true	5000	0.0017	0.0016	0.0018	5026
pc:exists:after	2	2.40	System.Text.Json.dll	true	5000	0.0017	0.0016	0.0018	5026
pc:exists:after	2	2.40	NuGet.Packaging.dll	true	5000	0.0018	0.0017	0.0018	5026
pc:exists:after	2	2.40	Microsoft.CodeAnalysis.CSharp.dll	true	5000	0.0017	0.0016	0.0018	5026
pc:exists:after	2	2.40	System.Private.CoreLib.dll	true	5000	0.0020	0.0019	0.0021	5026
pc:exists:nlinq	2	2.40	CommandLine.dll	true	5000	0.0027	0.0026	0.0030	4370
pc:exists:nlinq	2	2.40	Humanizer.dll	true	5000	0.0017	0.0016	0.0018	4370
pc:exists:nlinq	2	2.40	Mono.Cecil.dll	true	5000	0.0017	0.0016	0.0018	4370
pc:exists:nlinq	2	2.40	Newtonsoft.Json.dll	true	5000	0.0017	0.0016	0.0018	4370
pc:exists:nlinq	2	2.40	System.Text.Json.dll	true	5000	0.0017	0.0016	0.0018	4370
pc:exists:nlinq	2	2.40	NuGet.Packaging.dll	true	5000	0.0023	0.0022	0.0023	4370
pc:exists:nlinq	2	2.40	Microsoft.CodeAnalysis.CSharp.dll	true	5000	0.0018	0.0017	0.0019	4370
pc:exists:nlinq	2	2.40	System.Private.CoreLib.dll	true	5000	0.0025	0.0023	0.0025	4370
pc:exists:linq	2	2.40	CommandLine.dll	true	5000	0.0056	0.0055	0.0060	11490
pc:exists:linq	2	2.40	Humanizer.dll	true	5000	0.0020	0.0018	0.0020	5818
pc:exists:linq	2	2.40	Mono.Cecil.dll	true	5000	0.0020	0.0018	0.0020	5818
pc:exists:linq	2	2.40	Newtonsoft.Json.dll	true	5000	0.0020	0.0018	0.0020	5818
pc:exists:linq	2	2.40	System.Text.Json.dll	true	5000	0.0020	0.0019	0.0021	6154
pc:exists:linq	2	2.40	NuGet.Packaging.dll	true	5000	0.0041	0.0041	0.0042	9490
pc:exists:linq	2	2.40	Microsoft.CodeAnalysis.CSharp.dll	true	5000	0.0022	0.0022	0.0023	6282
pc:exists:linq	2	2.40	System.Private.CoreLib.dll	true	5000	0.0041	0.0040	0.0042	7530
pc:exists:nlinq	3	2.40	CommandLine.dll	true	5000	0.0027	0.0026	0.0030	4370
pc:exists:nlinq	3	2.40	Humanizer.dll	true	5000	0.0017	0.0016	0.0017	4370
pc:exists:nlinq	3	2.40	Mono.Cecil.dll	true	5000	0.0017	0.0016	0.0017	4370
pc:exists:nlinq	3	2.40	Newtonsoft.Json.dll	true	5000	0.0017	0.0016	0.0017	4370
pc:exists:nlinq	3	2.40	System.Text.Json.dll	true	5000	0.0017	0.0016	0.0017	4370
pc:exists:nlinq	3	2.40	NuGet.Packaging.dll	true	5000	0.0022	0.0022	0.0023	4370
pc:exists:nlinq	3	2.40	Microsoft.CodeAnalysis.CSharp.dll	true	5000	0.0017	0.0016	0.0019	4370
pc:exists:nlinq	3	2.40	System.Private.CoreLib.dll	true	5000	0.0024	0.0023	0.0025	4370
pc:exists:after	3	2.40	CommandLine.dll	true	5000	0.0019	0.0017	0.0024	5026
pc:exists:after	3	2.40	Humanizer.dll	true	5000	0.0017	0.0016	0.0018	5026
pc:exists:after	3	2.40	Mono.Cecil.dll	true	5000	0.0017	0.0016	0.0018	5026
pc:exists:after	3	2.40	Newtonsoft.Json.dll	true	5000	0.0017	0.0016	0.0018	5026
pc:exists:after	3	2.40	System.Text.Json.dll	true	5000	0.0017	0.0016	0.0018	5026
pc:exists:after	3	2.40	NuGet.Packaging.dll	true	5000	0.0018	0.0017	0.0019	5026
pc:exists:after	3	2.40	Microsoft.CodeAnalysis.CSharp.dll	true	5000	0.0017	0.0017	0.0018	5026
pc:exists:after	3	2.40	System.Private.CoreLib.dll	true	5000	0.0020	0.0019	0.0021	5026
pc:count:old	3	2.40	CommandLine.dll	c=3	5000	0.1936	0.1905	0.2047	613491
pc:count:old	3	2.40	Humanizer.dll	c=0	5000	0.2110	0.2071	0.2236	761594
pc:count:old	3	2.40	Mono.Cecil.dll	c=0	5000	0.2684	0.2635	0.2815	760050
pc:count:old	3	2.40	Newtonsoft.Json.dll	c=11	3400	0.5530	0.5424	0.7226	1750850
pc:count:old	3	2.40	System.Text.Json.dll	c=8	3679	0.4996	0.4900	0.7120	1662113
pc:count:old	3	2.40	NuGet.Packaging.dll	c=30	3680	0.4902	0.4805	0.7937	1478623
pc:count:old	3	2.40	Microsoft.CodeAnalysis.CSharp.dll	c=0	471	4.1631	4.0695	4.2269	9857377
pc:count:old	3	2.40	System.Private.CoreLib.dll	c=1770	130	14.9207	14.5455	18.0745	36698936
pc:count:mat	3	2.34	CommandLine.dll	c=403	5000	0.1569	0.1544	0.1683	620850
pc:count:mat	3	2.34	Humanizer.dll	c=735	5000	0.1479	0.1461	0.1580	584082
pc:count:mat	3	2.34	Mono.Cecil.dll	c=992	5000	0.2393	0.2344	0.2699	830522
pc:count:mat	3	2.34	Newtonsoft.Json.dll	c=1509	5000	0.3720	0.3651	0.4942	1352658
pc:count:mat	3	2.34	System.Text.Json.dll	c=1337	5000	0.3517	0.3391	0.4865	1389978
pc:count:mat	3	2.34	NuGet.Packaging.dll	c=999	5000	0.2693	0.2637	0.3362	994658
pc:count:mat	3	2.34	Microsoft.CodeAnalysis.CSharp.dll	c=13161	205	10.0556	6.9876	13.1430	16475587
pc:count:mat	3	2.34	System.Private.CoreLib.dll	c=22475	133	15.2327	11.6602	18.2742	26123580
pc:count:linq	3	2.12	CommandLine.dll	c=403	5000	0.2083	0.2034	0.2190	652250
pc:count:linq	3	2.12	Humanizer.dll	c=735	5000	0.1938	0.1897	0.2036	573866
pc:count:linq	3	2.12	Mono.Cecil.dll	c=992	5000	0.3235	0.3165	0.3488	839658
pc:count:linq	3	2.12	Newtonsoft.Json.dll	c=1509	4070	0.4838	0.4730	0.5173	1335000
pc:count:linq	3	2.12	System.Text.Json.dll	c=1337	4383	0.4500	0.4405	0.4807	1343285
pc:count:linq	3	2.12	NuGet.Packaging.dll	c=999	5000	0.3855	0.3771	0.4140	1063018
pc:count:linq	3	2.12	Microsoft.CodeAnalysis.CSharp.dll	c=13161	381	5.2193	5.1817	5.3509	16032718
pc:count:linq	3	2.12	System.Private.CoreLib.dll	c=22475	254	7.8591	7.8213	8.1926	24620886
pc:count:nlinq	3	2.18	CommandLine.dll	c=403	5000	0.0181	0.0180	0.0188	4362
pc:count:nlinq	3	2.18	Humanizer.dll	c=735	5000	0.0244	0.0243	0.0246	4362
pc:count:nlinq	3	2.18	Mono.Cecil.dll	c=992	5000	0.0460	0.0458	0.0468	4362
pc:count:nlinq	3	2.18	Newtonsoft.Json.dll	c=1509	5000	0.0579	0.0575	0.0585	4362
pc:count:nlinq	3	2.18	System.Text.Json.dll	c=1337	5000	0.0502	0.0500	0.0508	4362
pc:count:nlinq	3	2.18	NuGet.Packaging.dll	c=999	5000	0.0466	0.0464	0.0473	4362
pc:count:nlinq	3	2.18	Microsoft.CodeAnalysis.CSharp.dll	c=13161	3880	0.5144	0.5080	0.5245	4352
pc:count:nlinq	3	2.18	System.Private.CoreLib.dll	c=22475	3364	0.5942	0.5881	0.6016	4355
pc:count:after	3	2.17	CommandLine.dll	c=403	5000	0.0125	0.0124	0.0132	5018
pc:count:after	3	2.17	Humanizer.dll	c=735	5000	0.0203	0.0201	0.0205	5018
pc:count:after	3	2.17	Mono.Cecil.dll	c=992	5000	0.0382	0.0379	0.0386	5018
pc:count:after	3	2.17	Newtonsoft.Json.dll	c=1509	5000	0.0457	0.0454	0.0463	5018
pc:count:after	3	2.17	System.Text.Json.dll	c=1337	5000	0.0384	0.0382	0.0388	5018
pc:count:after	3	2.17	NuGet.Packaging.dll	c=999	5000	0.0351	0.0349	0.0354	5018
pc:count:after	3	2.17	Microsoft.CodeAnalysis.CSharp.dll	c=13161	5000	0.3930	0.3893	0.4022	5018
pc:count:after	3	2.17	System.Private.CoreLib.dll	c=22475	4024	0.4957	0.4907	0.5042	5008
pc:head:old	3	2.16	CommandLine.dll	n=3;h=12419554	5000	0.1967	0.1938	0.2076	613595
pc:head:old	3	2.16	Humanizer.dll	n=0;h=811C9DC5	5000	0.2153	0.2113	0.2275	761690
pc:head:old	3	2.16	Mono.Cecil.dll	n=0;h=811C9DC5	5000	0.2710	0.2646	0.2892	760146
pc:head:old	3	2.16	Newtonsoft.Json.dll	n=6;h=B04DE5BE	3387	0.5598	0.5460	0.7216	1751469
pc:head:old	3	2.16	System.Text.Json.dll	n=6;h=76C2CF24	3757	0.5049	0.4942	0.6391	1662721
pc:head:old	3	2.16	NuGet.Packaging.dll	n=6;h=EA087BB8	3694	0.4942	0.4832	0.7439	1478921
pc:head:old	3	2.16	Microsoft.CodeAnalysis.CSharp.dll	n=0;h=811C9DC5	480	4.1770	4.0888	4.2416	9857473
pc:head:old	3	2.16	System.Private.CoreLib.dll	n=6;h=45A86D54	131	14.8588	14.4953	18.0149	36699040
pc:head:mat	3	2.28	CommandLine.dll	n=6;h=38398B5E	5000	0.1590	0.1554	0.1702	621138
pc:head:mat	3	2.28	Humanizer.dll	n=6;h=D93A2D05	5000	0.1508	0.1496	0.1605	584370
pc:head:mat	3	2.28	Mono.Cecil.dll	n=6;h=EAFAA362	5000	0.2427	0.2389	0.2670	830810
pc:head:mat	3	2.28	Newtonsoft.Json.dll	n=6;h=A4332D4B	5000	0.3727	0.3657	0.4785	1352946
pc:head:mat	3	2.28	System.Text.Json.dll	n=6;h=7C8B77FF	5000	0.3507	0.3435	0.4658	1390266
pc:head:mat	3	2.28	NuGet.Packaging.dll	n=6;h=10648FC9	5000	0.2748	0.2686	0.3819	994946
pc:head:mat	3	2.28	Microsoft.CodeAnalysis.CSharp.dll	n=6;h=83A9E69E	203	9.9527	7.1345	13.1755	16475866
pc:head:mat	3	2.28	System.Private.CoreLib.dll	n=6;h=8CF51FF1	132	15.2617	11.6942	18.3909	26123741
pc:head:linq	3	2.15	CommandLine.dll	n=6;h=38398B5E	5000	0.0074	0.0073	0.0080	17810
pc:head:linq	3	2.15	Humanizer.dll	n=6;h=D93A2D05	5000	0.0033	0.0032	0.0034	10706
pc:head:linq	3	2.15	Mono.Cecil.dll	n=6;h=EAFAA362	5000	0.0032	0.0031	0.0033	10242
pc:head:linq	3	2.15	Newtonsoft.Json.dll	n=6;h=A4332D4B	5000	0.0032	0.0031	0.0033	10186
pc:head:linq	3	2.15	System.Text.Json.dll	n=6;h=7C8B77FF	5000	0.0072	0.0070	0.0073	10674
pc:head:linq	3	2.15	NuGet.Packaging.dll	n=6;h=10648FC9	5000	0.0057	0.0056	0.0058	15082
pc:head:linq	3	2.15	Microsoft.CodeAnalysis.CSharp.dll	n=6;h=83A9E69E	5000	0.0033	0.0032	0.0035	10242
pc:head:linq	3	2.15	System.Private.CoreLib.dll	n=6;h=8CF51FF1	5000	0.0101	0.0100	0.0102	18594
pc:head:nlinq	3	2.15	CommandLine.dll	n=6;h=38398B5E	5000	0.0042	0.0042	0.0047	10274
pc:head:nlinq	3	2.15	Humanizer.dll	n=6;h=D93A2D05	5000	0.0026	0.0026	0.0027	8274
pc:head:nlinq	3	2.15	Mono.Cecil.dll	n=6;h=EAFAA362	5000	0.0027	0.0026	0.0027	8042
pc:head:nlinq	3	2.15	Newtonsoft.Json.dll	n=6;h=A4332D4B	5000	0.0026	0.0025	0.0026	7986
pc:head:nlinq	3	2.15	System.Text.Json.dll	n=6;h=7C8B77FF	5000	0.0043	0.0042	0.0045	8474
pc:head:nlinq	3	2.15	NuGet.Packaging.dll	n=6;h=10648FC9	5000	0.0038	0.0037	0.0040	11026
pc:head:nlinq	3	2.15	Microsoft.CodeAnalysis.CSharp.dll	n=6;h=83A9E69E	5000	0.0026	0.0024	0.0027	7578
pc:head:nlinq	3	2.15	System.Private.CoreLib.dll	n=6;h=8CF51FF1	5000	0.0049	0.0048	0.0050	7346
pc:head:after	3	2.15	CommandLine.dll	n=6;h=38398B5E	5000	0.0032	0.0032	0.0036	10338
pc:head:after	3	2.15	Humanizer.dll	n=6;h=D93A2D05	5000	0.0025	0.0025	0.0026	8338
pc:head:after	3	2.15	Mono.Cecil.dll	n=6;h=EAFAA362	5000	0.0026	0.0026	0.0027	8106
pc:head:after	3	2.15	Newtonsoft.Json.dll	n=6;h=A4332D4B	5000	0.0025	0.0025	0.0026	8050
pc:head:after	3	2.15	System.Text.Json.dll	n=6;h=7C8B77FF	5000	0.0033	0.0033	0.0034	8538
pc:head:after	3	2.15	NuGet.Packaging.dll	n=6;h=10648FC9	5000	0.0032	0.0032	0.0034	11090
pc:head:after	3	2.15	Microsoft.CodeAnalysis.CSharp.dll	n=6;h=83A9E69E	5000	0.0025	0.0024	0.0025	7642
pc:head:after	3	2.15	System.Private.CoreLib.dll	n=6;h=8CF51FF1	5000	0.0036	0.0035	0.0037	7410
pc:tail:old	3	2.15	CommandLine.dll	n=3;h=12419554	5000	0.1950	0.1921	0.2162	613739
pc:tail:old	3	2.15	Humanizer.dll	n=0;h=811C9DC5	5000	0.2114	0.2057	0.2251	761730
pc:tail:old	3	2.15	Mono.Cecil.dll	n=0;h=811C9DC5	5000	0.2698	0.2649	0.2860	760186
pc:tail:old	3	2.15	Newtonsoft.Json.dll	n=6;h=D5BCEEDC	3358	0.5623	0.5453	0.7209	1751892
pc:tail:old	3	2.15	System.Text.Json.dll	n=6;h=DA71E8A5	3740	0.5035	0.4906	0.6692	1662758
pc:tail:old	3	2.15	NuGet.Packaging.dll	n=6;h=6FA4D21B	3629	0.4931	0.4827	0.7764	1478936
pc:tail:old	3	2.15	Microsoft.CodeAnalysis.CSharp.dll	n=0;h=811C9DC5	477	4.1892	4.1441	4.2631	9857513
pc:tail:old	3	2.15	System.Private.CoreLib.dll	n=6;h=199799C8	129	15.0497	14.5909	18.2754	36699440
pc:tail:mat	3	2.21	CommandLine.dll	n=6;h=2C0D37C1	5000	0.1585	0.1556	0.1692	621410
pc:tail:mat	3	2.21	Humanizer.dll	n=6;h=91D17220	5000	0.1504	0.1473	0.1645	584642
pc:tail:mat	3	2.21	Mono.Cecil.dll	n=6;h=3891C1A0	5000	0.2414	0.2343	0.2812	831082
pc:tail:mat	3	2.21	Newtonsoft.Json.dll	n=6;h=7111BB62	4826	0.3696	0.3586	0.5320	1353219
pc:tail:mat	3	2.21	System.Text.Json.dll	n=6;h=51F1B225	5000	0.3517	0.3388	0.5157	1390538
pc:tail:mat	3	2.21	NuGet.Packaging.dll	n=6;h=233EB48F	5000	0.2700	0.2628	0.3404	995218
pc:tail:mat	3	2.21	Microsoft.CodeAnalysis.CSharp.dll	n=6;h=DBA5688B	174	10.9644	7.1430	16.3834	16476152
pc:tail:mat	3	2.21	System.Private.CoreLib.dll	n=6;h=BC20A3BD	113	17.6861	12.0560	23.3762	26124097
pc:tail:linq	3	2.34	CommandLine.dll	n=6;h=2C0D37C1	5000	0.2194	0.2134	0.2960	653098
pc:tail:linq	3	2.34	Humanizer.dll	n=6;h=91D17220	5000	0.2114	0.1996	0.3285	574714
pc:tail:linq	3	2.34	Mono.Cecil.dll	n=6;h=3891C1A0	5000	0.3400	0.3290	0.4359	840506
pc:tail:linq	3	2.34	Newtonsoft.Json.dll	n=6;h=7111BB62	3805	0.5030	0.4911	0.5493	1335849
pc:tail:linq	3	2.34	System.Text.Json.dll	n=6;h=51F1B225	3713	0.4842	0.4620	0.6639	1344121
pc:tail:linq	3	2.34	NuGet.Packaging.dll	n=6;h=233EB48F	4536	0.4096	0.3990	0.5003	1063868
pc:tail:linq	3	2.34	Microsoft.CodeAnalysis.CSharp.dll	n=6;h=DBA5688B	336	5.5683	5.4574	6.9652	16033568
pc:tail:linq	3	2.34	System.Private.CoreLib.dll	n=6;h=BC20A3BD	229	8.5747	8.2093	9.5915	24621756
pc:tail:nlinq	3	2.39	CommandLine.dll	n=6;h=2C0D37C1	5000	0.0239	0.0237	0.0248	10122
pc:tail:nlinq	3	2.39	Humanizer.dll	n=6;h=91D17220	5000	0.0305	0.0304	0.0310	6810
pc:tail:nlinq	3	2.39	Mono.Cecil.dll	n=6;h=3891C1A0	5000	0.0582	0.0580	0.0608	8978
pc:tail:nlinq	3	2.39	Newtonsoft.Json.dll	n=6;h=7111BB62	5000	0.0730	0.0727	0.0777	9506
pc:tail:nlinq	3	2.39	System.Text.Json.dll	n=6;h=51F1B225	5000	0.0645	0.0642	0.0669	10266
pc:tail:nlinq	3	2.39	NuGet.Packaging.dll	n=6;h=233EB48F	5000	0.0619	0.0611	0.1130	6394
pc:tail:nlinq	3	2.39	Microsoft.CodeAnalysis.CSharp.dll	n=6;h=DBA5688B	2715	0.6770	0.6529	0.7731	9144
pc:tail:nlinq	3	2.39	System.Private.CoreLib.dll	n=6;h=BC20A3BD	2389	0.7672	0.7477	0.9167	9283
pc:tail:after	3	2.60	CommandLine.dll	n=6;h=2C0D37C1	5000	0.0140	0.0137	0.0331	9874
pc:tail:after	3	2.60	Humanizer.dll	n=6;h=91D17220	5000	0.0208	0.0205	0.0493	6562
pc:tail:after	3	2.60	Mono.Cecil.dll	n=6;h=3891C1A0	5000	0.0384	0.0376	0.0418	8730
pc:tail:after	3	2.60	Newtonsoft.Json.dll	n=6;h=7111BB62	5000	0.0450	0.0447	0.0454	9258
pc:tail:after	3	2.60	System.Text.Json.dll	n=6;h=51F1B225	5000	0.0392	0.0382	0.0509	10018
pc:tail:after	3	2.60	NuGet.Packaging.dll	n=6;h=233EB48F	5000	0.0342	0.0339	0.0355	6146
pc:tail:after	3	2.60	Microsoft.CodeAnalysis.CSharp.dll	n=6;h=DBA5688B	5000	0.3723	0.3621	0.4045	8898
pc:tail:after	3	2.60	System.Private.CoreLib.dll	n=6;h=BC20A3BD	3871	0.4856	0.4685	0.5631	9025
pc:rows:old	3	3.19	CommandLine.dll	n=3;h=12419554	5000	0.1946	0.1908	0.2509	613491
pc:rows:old	3	3.19	Humanizer.dll	n=0;h=811C9DC5	5000	0.2159	0.2075	0.2867	761594
pc:rows:old	3	3.19	Mono.Cecil.dll	n=0;h=811C9DC5	5000	0.2846	0.2697	0.5204	760050
pc:rows:old	3	3.19	Newtonsoft.Json.dll	n=11;h=80EFFFB3	2953	0.5888	0.5485	0.9023	1750848
pc:rows:old	3	3.19	System.Text.Json.dll	n=8;h=B5B01D1E	3414	0.5148	0.4952	0.8047	1662107
pc:rows:old	3	3.19	NuGet.Packaging.dll	n=30;h=C15624B5	3396	0.5085	0.4872	0.8337	1478731
pc:rows:old	3	3.19	Microsoft.CodeAnalysis.CSharp.dll	n=0;h=811C9DC5	456	4.2461	4.1870	4.6577	9857378
pc:rows:old	3	3.19	System.Private.CoreLib.dll	n=1770;h=8D799CBB	121	15.8169	15.1187	19.2471	36698807
pc:rows:mat	3	3.85	CommandLine.dll	n=403;h=0DAD55A3	5000	0.1637	0.1603	0.2290	620850
pc:rows:mat	3	3.85	Humanizer.dll	n=735;h=ABE64147	5000	0.1533	0.1509	0.1633	584082
pc:rows:mat	3	3.85	Mono.Cecil.dll	n=992;h=D45F7327	5000	0.2453	0.2372	0.3090	830522
pc:rows:mat	3	3.85	Newtonsoft.Json.dll	n=1509;h=30587641	5000	0.3722	0.3634	0.4903	1352658
pc:rows:mat	3	3.85	System.Text.Json.dll	n=1337;h=15AB9B20	5000	0.3513	0.3414	0.4764	1389978
pc:rows:mat	3	3.85	NuGet.Packaging.dll	n=999;h=910CC3CB	5000	0.2750	0.2678	0.3705	994658
pc:rows:mat	3	3.85	Microsoft.CodeAnalysis.CSharp.dll	n=13161;h=20D748F8	198	10.2566	7.1317	13.3717	16475579
pc:rows:mat	3	3.85	System.Private.CoreLib.dll	n=22475;h=21372B1F	123	15.5799	11.6437	20.5736	26123237
pc:rows:linq	3	3.57	CommandLine.dll	n=403;h=0DAD55A3	5000	0.2112	0.2082	0.2503	676954
pc:rows:linq	3	3.57	Humanizer.dll	n=735;h=ABE64147	5000	0.2035	0.1989	0.2607	623170
pc:rows:linq	3	3.57	Mono.Cecil.dll	n=992;h=D45F7327	5000	0.3374	0.3290	0.4504	888962
pc:rows:linq	3	3.57	Newtonsoft.Json.dll	n=1509;h=30587641	3513	0.5099	0.4932	0.7218	1433482
pc:rows:linq	3	3.57	System.Text.Json.dll	n=1337;h=15AB9B20	4010	0.4652	0.4565	0.6297	1441752
pc:rows:linq	3	3.57	NuGet.Packaging.dll	n=999;h=910CC3CB	4773	0.3990	0.3877	0.5031	1112323
pc:rows:linq	3	3.57	Microsoft.CodeAnalysis.CSharp.dll	n=13161;h=20D748F8	177	11.0329	8.2079	14.4662	16819419
pc:rows:linq	3	3.57	System.Private.CoreLib.dll	n=22475;h=21372B1F	111	17.5362	15.2041	21.4446	26196056
pc:rows:nlinq	3	3.39	CommandLine.dll	n=403;h=0DAD55A3	5000	0.1700	0.1682	0.1832	611426
pc:rows:nlinq	3	3.39	Humanizer.dll	n=735;h=ABE64147	5000	0.1609	0.1581	0.1920	566690
pc:rows:nlinq	3	3.39	Mono.Cecil.dll	n=992;h=D45F7327	5000	0.2650	0.2597	0.2880	806962
pc:rows:nlinq	3	3.39	Newtonsoft.Json.dll	n=1509;h=30587641	4297	0.4046	0.3941	0.6621	1316694
pc:rows:nlinq	3	3.39	System.Text.Json.dll	n=1337;h=15AB9B20	4820	0.3770	0.3682	0.5605	1358139
pc:rows:nlinq	3	3.39	NuGet.Packaging.dll	n=999;h=910CC3CB	5000	0.3018	0.2963	0.3830	970930
pc:rows:nlinq	3	3.39	Microsoft.CodeAnalysis.CSharp.dll	n=13161;h=20D748F8	208	9.7992	6.9712	13.0072	16159982
pc:rows:nlinq	3	3.39	System.Private.CoreLib.dll	n=22475;h=21372B1F	134	15.2944	11.5777	17.9044	25584219
pc:rows:after	3	2.86	CommandLine.dll	n=403;h=0DAD55A3	5000	0.1657	0.1637	0.1788	621730
pc:rows:after	3	2.86	Humanizer.dll	n=735;h=ABE64147	5000	0.1611	0.1601	0.1712	584962
pc:rows:after	3	2.86	Mono.Cecil.dll	n=992;h=D45F7327	5000	0.2653	0.2624	0.3065	831402
pc:rows:after	3	2.86	Newtonsoft.Json.dll	n=1509;h=30587641	4441	0.4069	0.3963	0.5989	1353541
pc:rows:after	3	2.86	System.Text.Json.dll	n=1337;h=15AB9B20	4727	0.3904	0.3782	0.5837	1390859
pc:rows:after	3	2.86	NuGet.Packaging.dll	n=999;h=910CC3CB	4927	0.3195	0.3028	0.6457	995538
pc:rows:after	3	2.86	Microsoft.CodeAnalysis.CSharp.dll	n=13161;h=20D748F8	135	13.2066	8.5475	22.8707	16476476
pc:rows:after	3	2.86	System.Private.CoreLib.dll	n=22475;h=21372B1F	124	16.1471	12.1187	19.4971	26124307
pc:window:old	3	2.82	CommandLine.dll	fail	5000	0.2000	0.1962	0.2169	613499
pc:window:old	3	2.82	Humanizer.dll	fail	5000	0.2180	0.2119	0.2707	761602
pc:window:old	3	2.82	Mono.Cecil.dll	fail	5000	0.2768	0.2691	0.3276	760058
pc:window:old	3	2.82	Newtonsoft.Json.dll	fail	2804	0.5895	0.5545	0.9915	1750856
pc:window:old	3	2.82	System.Text.Json.dll	fail	3526	0.5052	0.4937	0.7668	1662113
pc:window:old	3	2.82	NuGet.Packaging.dll	fail	3646	0.4966	0.4835	0.7511	1478737
pc:window:old	3	2.82	Microsoft.CodeAnalysis.CSharp.dll	fail	473	4.2117	4.1185	4.3668	9857385
pc:window:old	3	2.82	System.Private.CoreLib.dll	n=11;h=D844F31A	119	15.2373	14.5279	19.2442	36699331
pc:window:mat	3	3.00	CommandLine.dll	n=11;h=9289C8A6	5000	0.1576	0.1563	0.1725	621330
pc:window:mat	3	3.00	Humanizer.dll	n=11;h=13A97420	5000	0.1487	0.1479	0.1589	584562
pc:window:mat	3	3.00	Mono.Cecil.dll	n=11;h=D01076C5	5000	0.2405	0.2373	0.2931	831002
pc:window:mat	3	3.00	Newtonsoft.Json.dll	n=11;h=1E2EEF32	5000	0.3687	0.3612	0.4726	1353138
pc:window:mat	3	3.00	System.Text.Json.dll	n=11;h=BA929ADB	5000	0.3486	0.3415	0.4690	1390458
pc:window:mat	3	3.00	NuGet.Packaging.dll	n=11;h=11E00573	5000	0.2709	0.2662	0.3355	995138
pc:window:mat	3	3.00	Microsoft.CodeAnalysis.CSharp.dll	n=11;h=F4CCA210	199	10.3330	7.1856	13.6691	16476060
pc:window:mat	3	3.00	System.Private.CoreLib.dll	n=11;h=3D959E9B	133	15.0845	11.5155	18.2709	26123755
pc:window:linq	3	2.71	CommandLine.dll	n=11;h=9289C8A6	5000	0.0535	0.0532	0.0560	176450
pc:window:linq	3	2.71	Humanizer.dll	n=11;h=13A97420	5000	0.0281	0.0279	0.0285	89570
pc:window:linq	3	2.71	Mono.Cecil.dll	n=11;h=D01076C5	5000	0.0312	0.0310	0.0317	96170
pc:window:linq	3	2.71	Newtonsoft.Json.dll	n=11;h=1E2EEF32	5000	0.0313	0.0311	0.0317	94954
pc:window:linq	3	2.71	System.Text.Json.dll	n=11;h=BA929ADB	5000	0.0331	0.0329	0.0338	113418
pc:window:linq	3	2.71	NuGet.Packaging.dll	n=11;h=11E00573	5000	0.0351	0.0348	0.0361	104746
pc:window:linq	3	2.71	Microsoft.CodeAnalysis.CSharp.dll	n=11;h=F4CCA210	5000	0.0672	0.0668	0.0719	124674
pc:window:linq	3	2.71	System.Private.CoreLib.dll	n=11;h=3D959E9B	5000	0.0383	0.0380	0.0390	96858
pc:window:nlinq	3	2.71	CommandLine.dll	n=11;h=9289C8A6	5000	0.0090	0.0089	0.0094	19074
pc:window:nlinq	3	2.71	Humanizer.dll	n=11;h=13A97420	5000	0.0063	0.0062	0.0064	12890
pc:window:nlinq	3	2.71	Mono.Cecil.dll	n=11;h=D01076C5	5000	0.0076	0.0075	0.0077	15842
pc:window:nlinq	3	2.71	Newtonsoft.Json.dll	n=11;h=1E2EEF32	5000	0.0086	0.0085	0.0087	16690
pc:window:nlinq	3	2.71	System.Text.Json.dll	n=11;h=BA929ADB	5000	0.0082	0.0081	0.0083	16986
pc:window:nlinq	3	2.71	NuGet.Packaging.dll	n=11;h=11E00573	5000	0.0082	0.0080	0.0083	15378
pc:window:nlinq	3	2.71	Microsoft.CodeAnalysis.CSharp.dll	n=11;h=F4CCA210	5000	0.0205	0.0205	0.0207	15282
pc:window:nlinq	3	2.71	System.Private.CoreLib.dll	n=11;h=3D959E9B	5000	0.0093	0.0092	0.0094	11250
pc:window:after	3	2.71	CommandLine.dll	n=11;h=9289C8A6	5000	0.0073	0.0072	0.0076	19138
pc:window:after	3	2.71	Humanizer.dll	n=11;h=13A97420	5000	0.0056	0.0055	0.0057	12954
pc:window:after	3	2.71	Mono.Cecil.dll	n=11;h=D01076C5	5000	0.0066	0.0065	0.0067	15906
pc:window:after	3	2.71	Newtonsoft.Json.dll	n=11;h=1E2EEF32	5000	0.0074	0.0073	0.0076	16754
pc:window:after	3	2.71	System.Text.Json.dll	n=11;h=BA929ADB	5000	0.0063	0.0062	0.0064	17050
pc:window:after	3	2.71	NuGet.Packaging.dll	n=11;h=11E00573	5000	0.0065	0.0065	0.0067	15442
pc:window:after	3	2.71	Microsoft.CodeAnalysis.CSharp.dll	n=11;h=F4CCA210	5000	0.0117	0.0115	0.0119	15346
pc:window:after	3	2.71	System.Private.CoreLib.dll	n=11;h=3D959E9B	5000	0.0068	0.0067	0.0070	11314
pc:exists:old	3	2.71	CommandLine.dll	true	5000	0.1955	0.1919	0.2073	613499
pc:exists:old	3	2.71	Humanizer.dll	false	5000	0.2097	0.2050	0.2237	761602
pc:exists:old	3	2.71	Mono.Cecil.dll	false	5000	0.2689	0.2639	0.2894	760058
pc:exists:old	3	2.71	Newtonsoft.Json.dll	true	3379	0.5567	0.5436	0.7270	1750857
pc:exists:old	3	2.71	System.Text.Json.dll	true	3626	0.5025	0.4904	0.7165	1662120
pc:exists:old	3	2.71	NuGet.Packaging.dll	true	3688	0.4913	0.4819	0.7655	1478702
pc:exists:old	3	2.71	Microsoft.CodeAnalysis.CSharp.dll	false	481	4.1508	4.1128	4.2077	9857385
pc:exists:old	3	2.71	System.Private.CoreLib.dll	true	129	14.9450	14.5727	18.2518	36698777
pc:exists:mat	3	2.64	CommandLine.dll	true	5000	0.1559	0.1544	0.1665	620834
pc:exists:mat	3	2.64	Humanizer.dll	true	5000	0.1501	0.1472	0.1599	584066
pc:exists:mat	3	2.64	Mono.Cecil.dll	true	5000	0.2398	0.2343	0.2729	830506
pc:exists:mat	3	2.64	Newtonsoft.Json.dll	true	5000	0.3673	0.3602	0.4758	1352642
pc:exists:mat	3	2.64	System.Text.Json.dll	true	5000	0.3461	0.3380	0.4640	1389962
pc:exists:mat	3	2.64	NuGet.Packaging.dll	true	5000	0.2695	0.2638	0.3410	994642
pc:exists:mat	3	2.64	Microsoft.CodeAnalysis.CSharp.dll	true	199	10.2871	7.0910	13.4092	16475562
pc:exists:mat	3	2.64	System.Private.CoreLib.dll	true	130	15.4242	11.6302	18.4464	26123608
pc:exists:linq	3	2.65	CommandLine.dll	true	5000	0.0056	0.0055	0.0062	11490
pc:exists:linq	3	2.65	Humanizer.dll	true	5000	0.0020	0.0018	0.0020	5818
pc:exists:linq	3	2.65	Mono.Cecil.dll	true	5000	0.0020	0.0018	0.0020	5818
pc:exists:linq	3	2.65	Newtonsoft.Json.dll	true	5000	0.0020	0.0018	0.0020	5818
pc:exists:linq	3	2.65	System.Text.Json.dll	true	5000	0.0020	0.0019	0.0021	6154
pc:exists:linq	3	2.65	NuGet.Packaging.dll	true	5000	0.0041	0.0041	0.0042	9490
pc:exists:linq	3	2.65	Microsoft.CodeAnalysis.CSharp.dll	true	5000	0.0023	0.0022	0.0024	6282
pc:exists:linq	3	2.65	System.Private.CoreLib.dll	true	5000	0.0041	0.0041	0.0042	7530
pc:exists:nlinq	4	2.65	CommandLine.dll	true	5000	0.0027	0.0026	0.0032	4370
pc:exists:nlinq	4	2.65	Humanizer.dll	true	5000	0.0017	0.0016	0.0017	4370
pc:exists:nlinq	4	2.65	Mono.Cecil.dll	true	5000	0.0017	0.0016	0.0017	4370
pc:exists:nlinq	4	2.65	Newtonsoft.Json.dll	true	5000	0.0017	0.0016	0.0017	4370
pc:exists:nlinq	4	2.65	System.Text.Json.dll	true	5000	0.0017	0.0016	0.0017	4370
pc:exists:nlinq	4	2.65	NuGet.Packaging.dll	true	5000	0.0022	0.0022	0.0023	4370
pc:exists:nlinq	4	2.65	Microsoft.CodeAnalysis.CSharp.dll	true	5000	0.0017	0.0017	0.0018	4370
pc:exists:nlinq	4	2.65	System.Private.CoreLib.dll	true	5000	0.0024	0.0023	0.0025	4370
pc:exists:linq	4	2.65	CommandLine.dll	true	5000	0.0056	0.0055	0.0061	11490
pc:exists:linq	4	2.65	Humanizer.dll	true	5000	0.0020	0.0019	0.0020	5818
pc:exists:linq	4	2.65	Mono.Cecil.dll	true	5000	0.0020	0.0018	0.0020	5818
pc:exists:linq	4	2.65	Newtonsoft.Json.dll	true	5000	0.0020	0.0018	0.0020	5818
pc:exists:linq	4	2.65	System.Text.Json.dll	true	5000	0.0020	0.0019	0.0021	6154
pc:exists:linq	4	2.65	NuGet.Packaging.dll	true	5000	0.0041	0.0041	0.0042	9490
pc:exists:linq	4	2.65	Microsoft.CodeAnalysis.CSharp.dll	true	5000	0.0023	0.0022	0.0024	6282
pc:exists:linq	4	2.65	System.Private.CoreLib.dll	true	5000	0.0042	0.0042	0.0043	7530
pc:exists:mat	4	2.65	CommandLine.dll	true	5000	0.1581	0.1550	0.1686	620834
pc:exists:mat	4	2.65	Humanizer.dll	true	5000	0.1503	0.1479	0.1934	584066
pc:exists:mat	4	2.65	Mono.Cecil.dll	true	5000	0.2458	0.2369	0.3272	830506
pc:exists:mat	4	2.65	Newtonsoft.Json.dll	true	5000	0.3721	0.3611	0.4759	1352642
pc:exists:mat	4	2.65	System.Text.Json.dll	true	5000	0.3509	0.3413	0.4664	1389962
pc:exists:mat	4	2.65	NuGet.Packaging.dll	true	5000	0.2739	0.2660	0.3395	994642
pc:exists:mat	4	2.65	Microsoft.CodeAnalysis.CSharp.dll	true	201	10.2589	7.0972	13.3355	16475615
pc:exists:mat	4	2.65	System.Private.CoreLib.dll	true	127	15.3420	11.6895	18.6332	26123383
pc:exists:old	4	2.63	CommandLine.dll	true	5000	0.1953	0.1912	0.2075	613499
pc:exists:old	4	2.63	Humanizer.dll	false	5000	0.2135	0.2091	0.2310	761602
pc:exists:old	4	2.63	Mono.Cecil.dll	false	5000	0.2727	0.2673	0.3108	760058
pc:exists:old	4	2.63	Newtonsoft.Json.dll	true	3363	0.5574	0.5427	0.7245	1750858
pc:exists:old	4	2.63	System.Text.Json.dll	true	3652	0.5060	0.4954	0.7041	1662120
pc:exists:old	4	2.63	NuGet.Packaging.dll	true	3690	0.4915	0.4815	0.7760	1478653
pc:exists:old	4	2.63	Microsoft.CodeAnalysis.CSharp.dll	false	481	4.1603	4.1152	4.2056	9857385
pc:exists:old	4	2.63	System.Private.CoreLib.dll	true	130	14.8869	14.5231	18.0810	36698839
pc:window:after	4	2.78	CommandLine.dll	n=11;h=9289C8A6	5000	0.0072	0.0072	0.0076	19138
pc:window:after	4	2.78	Humanizer.dll	n=11;h=13A97420	5000	0.0056	0.0055	0.0057	12954
pc:window:after	4	2.78	Mono.Cecil.dll	n=11;h=D01076C5	5000	0.0065	0.0064	0.0066	15906
pc:window:after	4	2.78	Newtonsoft.Json.dll	n=11;h=1E2EEF32	5000	0.0073	0.0072	0.0074	16754
pc:window:after	4	2.78	System.Text.Json.dll	n=11;h=BA929ADB	5000	0.0063	0.0062	0.0064	17050
pc:window:after	4	2.78	NuGet.Packaging.dll	n=11;h=11E00573	5000	0.0065	0.0064	0.0066	15442
pc:window:after	4	2.78	Microsoft.CodeAnalysis.CSharp.dll	n=11;h=F4CCA210	5000	0.0118	0.0115	0.0120	15346
pc:window:after	4	2.78	System.Private.CoreLib.dll	n=11;h=3D959E9B	5000	0.0068	0.0067	0.0070	11314
pc:window:nlinq	4	2.78	CommandLine.dll	n=11;h=9289C8A6	5000	0.0089	0.0087	0.0096	19074
pc:window:nlinq	4	2.78	Humanizer.dll	n=11;h=13A97420	5000	0.0063	0.0062	0.0065	12890
pc:window:nlinq	4	2.78	Mono.Cecil.dll	n=11;h=D01076C5	5000	0.0075	0.0075	0.0077	15842
pc:window:nlinq	4	2.78	Newtonsoft.Json.dll	n=11;h=1E2EEF32	5000	0.0086	0.0085	0.0087	16690
pc:window:nlinq	4	2.78	System.Text.Json.dll	n=11;h=BA929ADB	5000	0.0082	0.0080	0.0083	16986
pc:window:nlinq	4	2.78	NuGet.Packaging.dll	n=11;h=11E00573	5000	0.0081	0.0080	0.0082	15378
pc:window:nlinq	4	2.78	Microsoft.CodeAnalysis.CSharp.dll	n=11;h=F4CCA210	5000	0.0205	0.0204	0.0207	15282
pc:window:nlinq	4	2.78	System.Private.CoreLib.dll	n=11;h=3D959E9B	5000	0.0092	0.0091	0.0094	11250
pc:window:linq	4	2.78	CommandLine.dll	n=11;h=9289C8A6	5000	0.0533	0.0530	0.0560	176450
pc:window:linq	4	2.78	Humanizer.dll	n=11;h=13A97420	5000	0.0281	0.0279	0.0285	89570
pc:window:linq	4	2.78	Mono.Cecil.dll	n=11;h=D01076C5	5000	0.0312	0.0310	0.0316	96170
pc:window:linq	4	2.78	Newtonsoft.Json.dll	n=11;h=1E2EEF32	5000	0.0315	0.0312	0.0318	94954
pc:window:linq	4	2.78	System.Text.Json.dll	n=11;h=BA929ADB	5000	0.0331	0.0329	0.0337	113418
pc:window:linq	4	2.78	NuGet.Packaging.dll	n=11;h=11E00573	5000	0.0351	0.0349	0.0355	104746
pc:window:linq	4	2.78	Microsoft.CodeAnalysis.CSharp.dll	n=11;h=F4CCA210	5000	0.0688	0.0671	0.0734	124674
pc:window:linq	4	2.78	System.Private.CoreLib.dll	n=11;h=3D959E9B	5000	0.0397	0.0390	0.0440	96858
pc:window:mat	4	2.78	CommandLine.dll	n=11;h=9289C8A6	5000	0.1640	0.1582	0.2470	621330
pc:window:mat	4	2.78	Humanizer.dll	n=11;h=13A97420	5000	0.1484	0.1473	0.1585	584562
pc:window:mat	4	2.78	Mono.Cecil.dll	n=11;h=D01076C5	5000	0.2403	0.2362	0.2741	831002
pc:window:mat	4	2.78	Newtonsoft.Json.dll	n=11;h=1E2EEF32	5000	0.3705	0.3634	0.4706	1353138
pc:window:mat	4	2.78	System.Text.Json.dll	n=11;h=BA929ADB	5000	0.3508	0.3427	0.4693	1390458
pc:window:mat	4	2.78	NuGet.Packaging.dll	n=11;h=11E00573	5000	0.2737	0.2668	0.3422	995138
pc:window:mat	4	2.78	Microsoft.CodeAnalysis.CSharp.dll	n=11;h=F4CCA210	204	10.1191	7.0252	13.1868	16476056
pc:window:mat	4	2.78	System.Private.CoreLib.dll	n=11;h=3D959E9B	134	14.9424	11.5396	18.0947	26123867
pc:window:old	4	2.68	CommandLine.dll	fail	5000	0.1956	0.1925	0.2064	613499
pc:window:old	4	2.68	Humanizer.dll	fail	5000	0.2116	0.2075	0.2245	761602
pc:window:old	4	2.68	Mono.Cecil.dll	fail	5000	0.2677	0.2630	0.2813	760058
pc:window:old	4	2.68	Newtonsoft.Json.dll	fail	3383	0.5557	0.5450	0.7230	1750859
pc:window:old	4	2.68	System.Text.Json.dll	fail	3644	0.5027	0.4925	0.7407	1662121
pc:window:old	4	2.68	NuGet.Packaging.dll	fail	3694	0.4914	0.4822	0.7656	1478701
pc:window:old	4	2.68	Microsoft.CodeAnalysis.CSharp.dll	fail	481	4.1614	4.1211	4.2100	9857385
pc:window:old	4	2.68	System.Private.CoreLib.dll	n=11;h=D844F31A	131	14.8571	14.5005	18.2812	36699558
pc:rows:after	4	2.54	CommandLine.dll	n=403;h=0DAD55A3	5000	0.1681	0.1652	0.1786	621730
pc:rows:after	4	2.54	Humanizer.dll	n=735;h=ABE64147	5000	0.1640	0.1620	0.1737	584962
pc:rows:after	4	2.54	Mono.Cecil.dll	n=992;h=D45F7327	5000	0.2707	0.2685	0.3071	831402
pc:rows:after	4	2.54	Newtonsoft.Json.dll	n=1509;h=30587641	4509	0.4098	0.4012	0.6037	1353541
pc:rows:after	4	2.54	System.Text.Json.dll	n=1337;h=15AB9B20	4663	0.3875	0.3769	0.5847	1390860
pc:rows:after	4	2.54	NuGet.Packaging.dll	n=999;h=910CC3CB	5000	0.3107	0.2965	0.4158	995538
pc:rows:after	4	2.54	Microsoft.CodeAnalysis.CSharp.dll	n=13161;h=20D748F8	169	11.7555	7.9088	15.7169	16476488
pc:rows:after	4	2.54	System.Private.CoreLib.dll	n=22475;h=21372B1F	112	17.3844	13.3504	21.6248	26124471
pc:rows:nlinq	4	3.44	CommandLine.dll	n=403;h=0DAD55A3	5000	0.1810	0.1745	0.2579	611426
pc:rows:nlinq	4	3.44	Humanizer.dll	n=735;h=ABE64147	5000	0.1622	0.1578	0.1907	566690
pc:rows:nlinq	4	3.44	Mono.Cecil.dll	n=992;h=D45F7327	5000	0.2779	0.2667	0.3665	806962
pc:rows:nlinq	4	3.44	Newtonsoft.Json.dll	n=1509;h=30587641	4397	0.4119	0.3958	0.6112	1316693
pc:rows:nlinq	4	3.44	System.Text.Json.dll	n=1337;h=15AB9B20	4595	0.3941	0.3776	0.5827	1358140
pc:rows:nlinq	4	3.44	NuGet.Packaging.dll	n=999;h=910CC3CB	5000	0.3025	0.2950	0.3878	970930
pc:rows:nlinq	4	3.44	Microsoft.CodeAnalysis.CSharp.dll	n=13161;h=20D748F8	206	9.7770	7.1048	12.8831	16159977
pc:rows:nlinq	4	3.44	System.Private.CoreLib.dll	n=22475;h=21372B1F	133	15.3787	11.6507	18.0008	25584260
pc:rows:linq	4	3.33	CommandLine.dll	n=403;h=0DAD55A3	5000	0.2122	0.2079	0.2249	676954
pc:rows:linq	4	3.33	Humanizer.dll	n=735;h=ABE64147	5000	0.2047	0.1997	0.2207	623170
pc:rows:linq	4	3.33	Mono.Cecil.dll	n=992;h=D45F7327	5000	0.3370	0.3304	0.3923	888962
pc:rows:linq	4	3.33	Newtonsoft.Json.dll	n=1509;h=30587641	3718	0.5031	0.5004	0.6847	1433481
pc:rows:linq	4	3.33	System.Text.Json.dll	n=1337;h=15AB9B20	4007	0.4683	0.4552	0.6261	1441752
pc:rows:linq	4	3.33	NuGet.Packaging.dll	n=999;h=910CC3CB	4889	0.3924	0.3849	0.4793	1112322
pc:rows:linq	4	3.33	Microsoft.CodeAnalysis.CSharp.dll	n=13161;h=20D748F8	187	10.6563	8.0256	13.8728	16819417
pc:rows:linq	4	3.33	System.Private.CoreLib.dll	n=22475;h=21372B1F	122	16.5106	14.6538	17.9886	26195663
pc:rows:mat	4	3.08	CommandLine.dll	n=403;h=0DAD55A3	5000	0.1579	0.1545	0.1680	620850
pc:rows:mat	4	3.08	Humanizer.dll	n=735;h=ABE64147	5000	0.1485	0.1476	0.1582	584082
pc:rows:mat	4	3.08	Mono.Cecil.dll	n=992;h=D45F7327	5000	0.2403	0.2348	0.2892	830522
pc:rows:mat	4	3.08	Newtonsoft.Json.dll	n=1509;h=30587641	5000	0.3699	0.3617	0.4915	1352658
pc:rows:mat	4	3.08	System.Text.Json.dll	n=1337;h=15AB9B20	5000	0.3470	0.3390	0.4567	1389978
pc:rows:mat	4	3.08	NuGet.Packaging.dll	n=999;h=910CC3CB	5000	0.2730	0.2668	0.3396	994658
pc:rows:mat	4	3.08	Microsoft.CodeAnalysis.CSharp.dll	n=13161;h=20D748F8	203	10.1910	7.0617	13.3908	16475578
pc:rows:mat	4	3.08	System.Private.CoreLib.dll	n=22475;h=21372B1F	132	15.1935	11.4559	18.1907	26123734
pc:rows:old	4	3.14	CommandLine.dll	n=3;h=12419554	5000	0.1945	0.1916	0.2050	613491
pc:rows:old	4	3.14	Humanizer.dll	n=0;h=811C9DC5	5000	0.2123	0.2093	0.2249	761594
pc:rows:old	4	3.14	Mono.Cecil.dll	n=0;h=811C9DC5	5000	0.2685	0.2644	0.2833	760050
pc:rows:old	4	3.14	Newtonsoft.Json.dll	n=11;h=80EFFFB3	3381	0.5561	0.5457	0.7282	1750852
pc:rows:old	4	3.14	System.Text.Json.dll	n=8;h=B5B01D1E	3666	0.5035	0.4935	0.6980	1662114
pc:rows:old	4	3.14	NuGet.Packaging.dll	n=30;h=C15624B5	3679	0.4937	0.4836	0.7691	1478651
pc:rows:old	4	3.14	Microsoft.CodeAnalysis.CSharp.dll	n=0;h=811C9DC5	477	4.1943	4.1526	4.2420	9857377
pc:rows:old	4	3.14	System.Private.CoreLib.dll	n=1770;h=8D799CBB	130	14.8774	14.5170	18.3424	36698907
pc:tail:after	4	2.96	CommandLine.dll	n=6;h=2C0D37C1	5000	0.0132	0.0130	0.0139	9874
pc:tail:after	4	2.96	Humanizer.dll	n=6;h=91D17220	5000	0.0197	0.0196	0.0199	6562
pc:tail:after	4	2.96	Mono.Cecil.dll	n=6;h=3891C1A0	5000	0.0365	0.0364	0.0372	8730
pc:tail:after	4	2.96	Newtonsoft.Json.dll	n=6;h=7111BB62	5000	0.0440	0.0438	0.0450	9258
pc:tail:after	4	2.96	System.Text.Json.dll	n=6;h=51F1B225	5000	0.0382	0.0371	0.0889	10018
pc:tail:after	4	2.96	NuGet.Packaging.dll	n=6;h=233EB48F	5000	0.0335	0.0332	0.0348	6146
pc:tail:after	4	2.96	Microsoft.CodeAnalysis.CSharp.dll	n=6;h=DBA5688B	5000	0.3667	0.3617	0.3754	8898
pc:tail:after	4	2.96	System.Private.CoreLib.dll	n=6;h=BC20A3BD	4231	0.4712	0.4668	0.4794	9039
pc:tail:nlinq	4	2.88	CommandLine.dll	n=6;h=2C0D37C1	5000	0.0240	0.0239	0.0249	10122
pc:tail:nlinq	4	2.88	Humanizer.dll	n=6;h=91D17220	5000	0.0309	0.0307	0.0317	6810
pc:tail:nlinq	4	2.88	Mono.Cecil.dll	n=6;h=3891C1A0	5000	0.0587	0.0583	0.0610	8978
pc:tail:nlinq	4	2.88	Newtonsoft.Json.dll	n=6;h=7111BB62	5000	0.0731	0.0728	0.0757	9506
pc:tail:nlinq	4	2.88	System.Text.Json.dll	n=6;h=51F1B225	5000	0.0646	0.0643	0.0671	10266
pc:tail:nlinq	4	2.88	NuGet.Packaging.dll	n=6;h=233EB48F	5000	0.0595	0.0592	0.0612	6394
pc:tail:nlinq	4	2.88	Microsoft.CodeAnalysis.CSharp.dll	n=6;h=DBA5688B	3054	0.6545	0.6457	0.6638	9141
pc:tail:nlinq	4	2.88	System.Private.CoreLib.dll	n=6;h=BC20A3BD	2678	0.7463	0.7380	0.7545	9280
pc:tail:linq	4	2.89	CommandLine.dll	n=6;h=2C0D37C1	5000	0.2147	0.2134	0.2260	653098
pc:tail:linq	4	2.89	Humanizer.dll	n=6;h=91D17220	5000	0.2035	0.2025	0.2140	574714
pc:tail:linq	4	2.89	Mono.Cecil.dll	n=6;h=3891C1A0	5000	0.3385	0.3354	0.3732	840506
pc:tail:linq	4	2.89	Newtonsoft.Json.dll	n=6;h=7111BB62	3877	0.5079	0.5009	0.5465	1335848
pc:tail:linq	4	2.89	System.Text.Json.dll	n=6;h=51F1B225	4183	0.4691	0.4589	0.5081	1344135
pc:tail:linq	4	2.89	NuGet.Packaging.dll	n=6;h=233EB48F	4903	0.4012	0.3903	0.4367	1063866
pc:tail:linq	4	2.89	Microsoft.CodeAnalysis.CSharp.dll	n=6;h=DBA5688B	365	5.4762	5.3542	5.6100	16033566
pc:tail:linq	4	2.89	System.Private.CoreLib.dll	n=6;h=BC20A3BD	242	8.2539	8.1460	8.5301	24621790
pc:tail:mat	4	2.69	CommandLine.dll	n=6;h=2C0D37C1	5000	0.1580	0.1549	0.1685	621410
pc:tail:mat	4	2.69	Humanizer.dll	n=6;h=91D17220	5000	0.1484	0.1472	0.1579	584642
pc:tail:mat	4	2.69	Mono.Cecil.dll	n=6;h=3891C1A0	5000	0.2397	0.2327	0.2678	831082
pc:tail:mat	4	2.69	Newtonsoft.Json.dll	n=6;h=7111BB62	5000	0.3673	0.3594	0.4642	1353218
pc:tail:mat	4	2.69	System.Text.Json.dll	n=6;h=51F1B225	5000	0.3462	0.3384	0.4585	1390538
pc:tail:mat	4	2.69	NuGet.Packaging.dll	n=6;h=233EB48F	5000	0.2710	0.2645	0.3373	995218
pc:tail:mat	4	2.69	Microsoft.CodeAnalysis.CSharp.dll	n=6;h=DBA5688B	202	10.1335	7.0826	13.2442	16476168
pc:tail:mat	4	2.69	System.Private.CoreLib.dll	n=6;h=BC20A3BD	135	15.0523	11.3836	18.0525	26124125
pc:tail:old	4	2.50	CommandLine.dll	n=3;h=12419554	5000	0.1937	0.1914	0.2051	613739
pc:tail:old	4	2.50	Humanizer.dll	n=0;h=811C9DC5	5000	0.2112	0.2072	0.2237	761730
pc:tail:old	4	2.50	Mono.Cecil.dll	n=0;h=811C9DC5	5000	0.2687	0.2633	0.2827	760186
pc:tail:old	4	2.50	Newtonsoft.Json.dll	n=6;h=D5BCEEDC	3420	0.5547	0.5431	0.7107	1751898
pc:tail:old	4	2.50	System.Text.Json.dll	n=6;h=DA71E8A5	3765	0.5008	0.4910	0.6565	1662649
pc:tail:old	4	2.50	NuGet.Packaging.dll	n=6;h=6FA4D21B	3700	0.4884	0.4787	0.7835	1478937
pc:tail:old	4	2.50	Microsoft.CodeAnalysis.CSharp.dll	n=0;h=811C9DC5	477	4.1865	4.1511	4.2583	9857513
pc:tail:old	4	2.50	System.Private.CoreLib.dll	n=6;h=199799C8	130	14.8640	14.5196	18.0851	36699301
pc:head:after	4	2.46	CommandLine.dll	n=6;h=38398B5E	5000	0.0032	0.0032	0.0036	10338
pc:head:after	4	2.46	Humanizer.dll	n=6;h=D93A2D05	5000	0.0025	0.0025	0.0026	8338
pc:head:after	4	2.46	Mono.Cecil.dll	n=6;h=EAFAA362	5000	0.0026	0.0025	0.0027	8106
pc:head:after	4	2.46	Newtonsoft.Json.dll	n=6;h=A4332D4B	5000	0.0025	0.0025	0.0026	8050
pc:head:after	4	2.46	System.Text.Json.dll	n=6;h=7C8B77FF	5000	0.0033	0.0033	0.0034	8538
pc:head:after	4	2.46	NuGet.Packaging.dll	n=6;h=10648FC9	5000	0.0032	0.0032	0.0034	11090
pc:head:after	4	2.46	Microsoft.CodeAnalysis.CSharp.dll	n=6;h=83A9E69E	5000	0.0025	0.0024	0.0025	7642
pc:head:after	4	2.46	System.Private.CoreLib.dll	n=6;h=8CF51FF1	5000	0.0036	0.0035	0.0037	7410
pc:head:nlinq	4	2.46	CommandLine.dll	n=6;h=38398B5E	5000	0.0043	0.0042	0.0047	10274
pc:head:nlinq	4	2.46	Humanizer.dll	n=6;h=D93A2D05	5000	0.0027	0.0026	0.0027	8274
pc:head:nlinq	4	2.46	Mono.Cecil.dll	n=6;h=EAFAA362	5000	0.0027	0.0026	0.0027	8042
pc:head:nlinq	4	2.46	Newtonsoft.Json.dll	n=6;h=A4332D4B	5000	0.0026	0.0025	0.0027	7986
pc:head:nlinq	4	2.46	System.Text.Json.dll	n=6;h=7C8B77FF	5000	0.0044	0.0043	0.0045	8474
pc:head:nlinq	4	2.46	NuGet.Packaging.dll	n=6;h=10648FC9	5000	0.0039	0.0038	0.0040	11026
pc:head:nlinq	4	2.46	Microsoft.CodeAnalysis.CSharp.dll	n=6;h=83A9E69E	5000	0.0026	0.0025	0.0027	7578
pc:head:nlinq	4	2.46	System.Private.CoreLib.dll	n=6;h=8CF51FF1	5000	0.0050	0.0049	0.0051	7346
pc:head:linq	4	2.46	CommandLine.dll	n=6;h=38398B5E	5000	0.0075	0.0074	0.0080	17810
pc:head:linq	4	2.46	Humanizer.dll	n=6;h=D93A2D05	5000	0.0033	0.0032	0.0034	10706
pc:head:linq	4	2.46	Mono.Cecil.dll	n=6;h=EAFAA362	5000	0.0032	0.0032	0.0033	10242
pc:head:linq	4	2.46	Newtonsoft.Json.dll	n=6;h=A4332D4B	5000	0.0032	0.0031	0.0033	10186
pc:head:linq	4	2.46	System.Text.Json.dll	n=6;h=7C8B77FF	5000	0.0072	0.0071	0.0074	10674
pc:head:linq	4	2.46	NuGet.Packaging.dll	n=6;h=10648FC9	5000	0.0057	0.0055	0.0057	15082
pc:head:linq	4	2.46	Microsoft.CodeAnalysis.CSharp.dll	n=6;h=83A9E69E	5000	0.0034	0.0033	0.0035	10242
pc:head:linq	4	2.46	System.Private.CoreLib.dll	n=6;h=8CF51FF1	5000	0.0105	0.0104	0.0107	18594
pc:head:mat	4	2.46	CommandLine.dll	n=6;h=38398B5E	5000	0.1568	0.1549	0.1670	621138
pc:head:mat	4	2.46	Humanizer.dll	n=6;h=D93A2D05	5000	0.1488	0.1475	0.1585	584370
pc:head:mat	4	2.46	Mono.Cecil.dll	n=6;h=EAFAA362	5000	0.2384	0.2346	0.2645	830810
pc:head:mat	4	2.46	Newtonsoft.Json.dll	n=6;h=A4332D4B	5000	0.3673	0.3606	0.4722	1352946
pc:head:mat	4	2.46	System.Text.Json.dll	n=6;h=7C8B77FF	5000	0.3492	0.3391	0.4647	1390266
pc:head:mat	4	2.46	NuGet.Packaging.dll	n=6;h=10648FC9	5000	0.2702	0.2639	0.3372	994946
pc:head:mat	4	2.46	Microsoft.CodeAnalysis.CSharp.dll	n=6;h=83A9E69E	194	10.2055	7.1042	13.4710	16475874
pc:head:mat	4	2.46	System.Private.CoreLib.dll	n=6;h=8CF51FF1	134	15.1744	11.5053	18.2167	26123627
pc:head:old	4	2.62	CommandLine.dll	n=3;h=12419554	5000	0.1950	0.1930	0.2058	613595
pc:head:old	4	2.62	Humanizer.dll	n=0;h=811C9DC5	5000	0.2130	0.2095	0.2264	761690
pc:head:old	4	2.62	Mono.Cecil.dll	n=0;h=811C9DC5	5000	0.2709	0.2656	0.2930	760146
pc:head:old	4	2.62	Newtonsoft.Json.dll	n=6;h=B04DE5BE	3396	0.5576	0.5445	0.7213	1751470
pc:head:old	4	2.62	System.Text.Json.dll	n=6;h=76C2CF24	3759	0.5055	0.4945	0.6407	1662673
pc:head:old	4	2.62	NuGet.Packaging.dll	n=6;h=EA087BB8	3684	0.4928	0.4829	0.7789	1478736
pc:head:old	4	2.62	Microsoft.CodeAnalysis.CSharp.dll	n=0;h=811C9DC5	479	4.1870	4.1011	4.2512	9857473
pc:head:old	4	2.62	System.Private.CoreLib.dll	n=6;h=45A86D54	131	14.8813	14.4862	18.1147	36699228
pc:count:after	4	2.49	CommandLine.dll	c=403	5000	0.0125	0.0124	0.0132	5018
pc:count:after	4	2.49	Humanizer.dll	c=735	5000	0.0203	0.0201	0.0205	5018
pc:count:after	4	2.49	Mono.Cecil.dll	c=992	5000	0.0382	0.0380	0.0386	5018
pc:count:after	4	2.49	Newtonsoft.Json.dll	c=1509	5000	0.0455	0.0452	0.0463	5018
pc:count:after	4	2.49	System.Text.Json.dll	c=1337	5000	0.0386	0.0384	0.0392	5018
pc:count:after	4	2.49	NuGet.Packaging.dll	c=999	5000	0.0354	0.0352	0.0357	5018
pc:count:after	4	2.49	Microsoft.CodeAnalysis.CSharp.dll	c=13161	5000	0.3925	0.3885	0.4007	5018
pc:count:after	4	2.49	System.Private.CoreLib.dll	c=22475	4023	0.4960	0.4907	0.5042	5008
pc:count:nlinq	4	2.45	CommandLine.dll	c=403	5000	0.0179	0.0178	0.0189	4362
pc:count:nlinq	4	2.45	Humanizer.dll	c=735	5000	0.0242	0.0241	0.0244	4362
pc:count:nlinq	4	2.45	Mono.Cecil.dll	c=992	5000	0.0462	0.0459	0.0467	4362
pc:count:nlinq	4	2.45	Newtonsoft.Json.dll	c=1509	5000	0.0577	0.0575	0.0601	4362
pc:count:nlinq	4	2.45	System.Text.Json.dll	c=1337	5000	0.0502	0.0500	0.0506	4362
pc:count:nlinq	4	2.45	NuGet.Packaging.dll	c=999	5000	0.0467	0.0464	0.0474	4362
pc:count:nlinq	4	2.45	Microsoft.CodeAnalysis.CSharp.dll	c=13161	3904	0.5108	0.5065	0.5189	4352
pc:count:nlinq	4	2.45	System.Private.CoreLib.dll	c=22475	3372	0.5927	0.5863	0.5996	4355
pc:count:linq	4	2.34	CommandLine.dll	c=403	5000	0.2091	0.2037	0.2197	652250
pc:count:linq	4	2.34	Humanizer.dll	c=735	5000	0.1936	0.1896	0.2032	573866
pc:count:linq	4	2.34	Mono.Cecil.dll	c=992	5000	0.3238	0.3171	0.3503	839658
pc:count:linq	4	2.34	Newtonsoft.Json.dll	c=1509	4074	0.4839	0.4739	0.5170	1335000
pc:count:linq	4	2.34	System.Text.Json.dll	c=1337	4344	0.4529	0.4433	0.4861	1343286
pc:count:linq	4	2.34	NuGet.Packaging.dll	c=999	5000	0.3880	0.3790	0.4192	1063018
pc:count:linq	4	2.34	Microsoft.CodeAnalysis.CSharp.dll	c=13161	380	5.2298	5.1924	5.3701	16032718
pc:count:linq	4	2.34	System.Private.CoreLib.dll	c=22475	241	7.9421	7.8182	8.8615	24620876
pc:count:mat	4	2.43	CommandLine.dll	c=403	5000	0.1588	0.1549	0.1694	620850
pc:count:mat	4	2.43	Humanizer.dll	c=735	5000	0.1497	0.1470	0.1588	584082
pc:count:mat	4	2.43	Mono.Cecil.dll	c=992	5000	0.2418	0.2380	0.2726	830522
pc:count:mat	4	2.43	Newtonsoft.Json.dll	c=1509	5000	0.3739	0.3702	0.4965	1352658
pc:count:mat	4	2.43	System.Text.Json.dll	c=1337	5000	0.3504	0.3452	0.4589	1389978
pc:count:mat	4	2.43	NuGet.Packaging.dll	c=999	5000	0.2735	0.2693	0.3379	994658
pc:count:mat	4	2.43	Microsoft.CodeAnalysis.CSharp.dll	c=13161	203	10.1554	7.0181	13.2643	16475614
pc:count:mat	4	2.43	System.Private.CoreLib.dll	c=22475	132	15.2851	11.6808	18.5389	26123374
pc:count:old	4	2.67	CommandLine.dll	c=3	5000	0.1944	0.1915	0.2053	613491
pc:count:old	4	2.67	Humanizer.dll	c=0	5000	0.2116	0.2075	0.2250	761594
pc:count:old	4	2.67	Mono.Cecil.dll	c=0	5000	0.2685	0.2630	0.2823	760050
pc:count:old	4	2.67	Newtonsoft.Json.dll	c=11	3383	0.5557	0.5437	0.7271	1750852
pc:count:old	4	2.67	System.Text.Json.dll	c=8	3708	0.4992	0.4890	0.6944	1662113
pc:count:old	4	2.67	NuGet.Packaging.dll	c=30	3581	0.4875	0.4767	0.7932	1478700
pc:count:old	4	2.67	Microsoft.CodeAnalysis.CSharp.dll	c=0	483	4.1396	4.0902	4.2010	9857377
pc:count:old	4	2.67	System.Private.CoreLib.dll	c=1770	131	14.8213	14.4768	18.2414	36698850
pc:exists:after	4	2.67	CommandLine.dll	true	5000	0.0019	0.0018	0.0023	5026
pc:exists:after	4	2.67	Humanizer.dll	true	5000	0.0018	0.0017	0.0018	5026
pc:exists:after	4	2.67	Mono.Cecil.dll	true	5000	0.0018	0.0017	0.0018	5026
pc:exists:after	4	2.67	Newtonsoft.Json.dll	true	5000	0.0018	0.0017	0.0019	5026
pc:exists:after	4	2.67	System.Text.Json.dll	true	5000	0.0018	0.0017	0.0019	5026
pc:exists:after	4	2.67	NuGet.Packaging.dll	true	5000	0.0019	0.0017	0.0019	5026
pc:exists:after	4	2.67	Microsoft.CodeAnalysis.CSharp.dll	true	5000	0.0018	0.0017	0.0019	5026
pc:exists:after	4	2.67	System.Private.CoreLib.dll	true	5000	0.0020	0.0019	0.0021	5026
pc:count:old	5	2.67	CommandLine.dll	c=3	5000	0.1947	0.1917	0.2064	613491
pc:count:old	5	2.67	Humanizer.dll	c=0	5000	0.2132	0.2088	0.2285	761594
pc:count:old	5	2.67	Mono.Cecil.dll	c=0	5000	0.2682	0.2638	0.2816	760050
pc:count:old	5	2.67	Newtonsoft.Json.dll	c=11	3356	0.5583	0.5457	0.7373	1750851
pc:count:old	5	2.67	System.Text.Json.dll	c=8	3718	0.5030	0.4912	0.6609	1662112
pc:count:old	5	2.67	NuGet.Packaging.dll	c=30	3663	0.4953	0.4803	0.7620	1478677
pc:count:old	5	2.67	Microsoft.CodeAnalysis.CSharp.dll	c=0	477	4.1663	4.1209	4.3159	9857377
pc:count:old	5	2.67	System.Private.CoreLib.dll	c=1770	130	14.9475	14.5455	18.3365	36698875
pc:count:mat	5	2.68	CommandLine.dll	c=403	5000	0.1557	0.1545	0.1659	620850
pc:count:mat	5	2.68	Humanizer.dll	c=735	5000	0.1483	0.1470	0.1580	584082
pc:count:mat	5	2.68	Mono.Cecil.dll	c=992	5000	0.2378	0.2335	0.2705	830522
pc:count:mat	5	2.68	Newtonsoft.Json.dll	c=1509	4825	0.3727	0.3650	0.5063	1352659
pc:count:mat	5	2.68	System.Text.Json.dll	c=1337	5000	0.3509	0.3419	0.4627	1389978
pc:count:mat	5	2.68	NuGet.Packaging.dll	c=999	5000	0.2740	0.2675	0.3368	994658
pc:count:mat	5	2.68	Microsoft.CodeAnalysis.CSharp.dll	c=13161	204	10.0838	7.0327	13.2314	16475576
pc:count:mat	5	2.68	System.Private.CoreLib.dll	c=22475	134	15.1810	11.5265	18.3169	26123322
pc:count:linq	5	2.65	CommandLine.dll	c=403	5000	0.2047	0.2037	0.2156	652250
pc:count:linq	5	2.65	Humanizer.dll	c=735	5000	0.1911	0.1900	0.2010	573866
pc:count:linq	5	2.65	Mono.Cecil.dll	c=992	5000	0.3197	0.3167	0.3495	839658
pc:count:linq	5	2.65	Newtonsoft.Json.dll	c=1509	4106	0.4793	0.4730	0.5126	1335015
pc:count:linq	5	2.65	System.Text.Json.dll	c=1337	4402	0.4460	0.4404	0.4795	1343285
pc:count:linq	5	2.65	NuGet.Packaging.dll	c=999	5000	0.3806	0.3763	0.4135	1063018
pc:count:linq	5	2.65	Microsoft.CodeAnalysis.CSharp.dll	c=13161	382	5.2156	5.1818	5.2870	16032717
pc:count:linq	5	2.65	System.Private.CoreLib.dll	c=22475	254	7.8446	7.8055	8.2043	24620984
pc:count:nlinq	5	2.50	CommandLine.dll	c=403	5000	0.0180	0.0179	0.0187	4362
pc:count:nlinq	5	2.50	Humanizer.dll	c=735	5000	0.0244	0.0243	0.0246	4362
pc:count:nlinq	5	2.50	Mono.Cecil.dll	c=992	5000	0.0464	0.0461	0.0469	4362
pc:count:nlinq	5	2.50	Newtonsoft.Json.dll	c=1509	5000	0.0585	0.0578	0.0606	4362
pc:count:nlinq	5	2.50	System.Text.Json.dll	c=1337	5000	0.0503	0.0501	0.0514	4362
pc:count:nlinq	5	2.50	NuGet.Packaging.dll	c=999	5000	0.0472	0.0471	0.0477	4362
pc:count:nlinq	5	2.50	Microsoft.CodeAnalysis.CSharp.dll	c=13161	3847	0.5183	0.5137	0.5270	4353
pc:count:nlinq	5	2.50	System.Private.CoreLib.dll	c=22475	3344	0.5976	0.5913	0.6043	4355
pc:count:after	5	2.62	CommandLine.dll	c=403	5000	0.0125	0.0123	0.0132	5018
pc:count:after	5	2.62	Humanizer.dll	c=735	5000	0.0202	0.0201	0.0204	5018
pc:count:after	5	2.62	Mono.Cecil.dll	c=992	5000	0.0381	0.0378	0.0386	5018
pc:count:after	5	2.62	Newtonsoft.Json.dll	c=1509	5000	0.0454	0.0452	0.0461	5018
pc:count:after	5	2.62	System.Text.Json.dll	c=1337	5000	0.0387	0.0385	0.0391	5018
pc:count:after	5	2.62	NuGet.Packaging.dll	c=999	5000	0.0354	0.0352	0.0357	5018
pc:count:after	5	2.62	Microsoft.CodeAnalysis.CSharp.dll	c=13161	5000	0.3917	0.3888	0.4008	5018
pc:count:after	5	2.62	System.Private.CoreLib.dll	c=22475	4017	0.4970	0.4907	0.5045	5008
pc:head:old	5	2.73	CommandLine.dll	n=3;h=12419554	5000	0.1941	0.1913	0.2049	613595
pc:head:old	5	2.73	Humanizer.dll	n=0;h=811C9DC5	5000	0.2108	0.2074	0.2230	761690
pc:head:old	5	2.73	Mono.Cecil.dll	n=0;h=811C9DC5	5000	0.2672	0.2629	0.2815	760146
pc:head:old	5	2.73	Newtonsoft.Json.dll	n=6;h=B04DE5BE	3299	0.5533	0.5419	0.7270	1751467
pc:head:old	5	2.73	System.Text.Json.dll	n=6;h=76C2CF24	3723	0.4996	0.4880	0.6734	1662335
pc:head:old	5	2.73	NuGet.Packaging.dll	n=6;h=EA087BB8	3695	0.4912	0.4812	0.7612	1478553
pc:head:old	5	2.73	Microsoft.CodeAnalysis.CSharp.dll	n=0;h=811C9DC5	478	4.1766	4.1505	4.2528	9857473
pc:head:old	5	2.73	System.Private.CoreLib.dll	n=6;h=45A86D54	130	14.9525	14.5759	18.3160	36699250
pc:head:mat	5	2.72	CommandLine.dll	n=6;h=38398B5E	5000	0.1563	0.1545	0.1670	621138
pc:head:mat	5	2.72	Humanizer.dll	n=6;h=D93A2D05	5000	0.1482	0.1472	0.1580	584370
pc:head:mat	5	2.72	Mono.Cecil.dll	n=6;h=EAFAA362	5000	0.2376	0.2340	0.2669	830810
pc:head:mat	5	2.72	Newtonsoft.Json.dll	n=6;h=A4332D4B	5000	0.3663	0.3597	0.4697	1352946
pc:head:mat	5	2.72	System.Text.Json.dll	n=6;h=7C8B77FF	5000	0.3448	0.3380	0.4589	1390266
pc:head:mat	5	2.72	NuGet.Packaging.dll	n=6;h=10648FC9	5000	0.2690	0.2632	0.3347	994946
pc:head:mat	5	2.72	Microsoft.CodeAnalysis.CSharp.dll	n=6;h=83A9E69E	203	10.1004	7.0591	13.1735	16475865
pc:head:mat	5	2.72	System.Private.CoreLib.dll	n=6;h=8CF51FF1	134	15.0822	11.5396	18.1275	26123718
pc:head:linq	5	2.53	CommandLine.dll	n=6;h=38398B5E	5000	0.0077	0.0076	0.0081	17810
pc:head:linq	5	2.53	Humanizer.dll	n=6;h=D93A2D05	5000	0.0034	0.0033	0.0035	10706
pc:head:linq	5	2.53	Mono.Cecil.dll	n=6;h=EAFAA362	5000	0.0033	0.0032	0.0034	10242
pc:head:linq	5	2.53	Newtonsoft.Json.dll	n=6;h=A4332D4B	5000	0.0032	0.0032	0.0033	10186
pc:head:linq	5	2.53	System.Text.Json.dll	n=6;h=7C8B77FF	5000	0.0074	0.0073	0.0075	10674
pc:head:linq	5	2.53	NuGet.Packaging.dll	n=6;h=10648FC9	5000	0.0059	0.0058	0.0060	15082
pc:head:linq	5	2.53	Microsoft.CodeAnalysis.CSharp.dll	n=6;h=83A9E69E	5000	0.0034	0.0033	0.0035	10242
pc:head:linq	5	2.53	System.Private.CoreLib.dll	n=6;h=8CF51FF1	5000	0.0106	0.0105	0.0108	18594
pc:head:nlinq	5	2.53	CommandLine.dll	n=6;h=38398B5E	5000	0.0042	0.0041	0.0045	10274
pc:head:nlinq	5	2.53	Humanizer.dll	n=6;h=D93A2D05	5000	0.0026	0.0026	0.0027	8274
pc:head:nlinq	5	2.53	Mono.Cecil.dll	n=6;h=EAFAA362	5000	0.0027	0.0026	0.0027	8042
pc:head:nlinq	5	2.53	Newtonsoft.Json.dll	n=6;h=A4332D4B	5000	0.0026	0.0025	0.0026	7986
pc:head:nlinq	5	2.53	System.Text.Json.dll	n=6;h=7C8B77FF	5000	0.0044	0.0043	0.0045	8474
pc:head:nlinq	5	2.53	NuGet.Packaging.dll	n=6;h=10648FC9	5000	0.0038	0.0037	0.0040	11026
pc:head:nlinq	5	2.53	Microsoft.CodeAnalysis.CSharp.dll	n=6;h=83A9E69E	5000	0.0026	0.0025	0.0027	7578
pc:head:nlinq	5	2.53	System.Private.CoreLib.dll	n=6;h=8CF51FF1	5000	0.0050	0.0049	0.0050	7346
pc:head:after	5	2.53	CommandLine.dll	n=6;h=38398B5E	5000	0.0033	0.0032	0.0038	10338
pc:head:after	5	2.53	Humanizer.dll	n=6;h=D93A2D05	5000	0.0026	0.0025	0.0027	8338
pc:head:after	5	2.53	Mono.Cecil.dll	n=6;h=EAFAA362	5000	0.0026	0.0026	0.0027	8106
pc:head:after	5	2.53	Newtonsoft.Json.dll	n=6;h=A4332D4B	5000	0.0025	0.0025	0.0026	8050
pc:head:after	5	2.53	System.Text.Json.dll	n=6;h=7C8B77FF	5000	0.0034	0.0033	0.0035	8538
pc:head:after	5	2.53	NuGet.Packaging.dll	n=6;h=10648FC9	5000	0.0032	0.0032	0.0034	11090
pc:head:after	5	2.53	Microsoft.CodeAnalysis.CSharp.dll	n=6;h=83A9E69E	5000	0.0025	0.0024	0.0025	7642
pc:head:after	5	2.53	System.Private.CoreLib.dll	n=6;h=8CF51FF1	5000	0.0036	0.0035	0.0037	7410
pc:tail:old	5	2.53	CommandLine.dll	n=3;h=12419554	5000	0.1957	0.1928	0.2064	613739
pc:tail:old	5	2.53	Humanizer.dll	n=0;h=811C9DC5	5000	0.2115	0.2078	0.2245	761730
pc:tail:old	5	2.53	Mono.Cecil.dll	n=0;h=811C9DC5	5000	0.2690	0.2642	0.2837	760186
pc:tail:old	5	2.53	Newtonsoft.Json.dll	n=6;h=D5BCEEDC	3410	0.5561	0.5456	0.7150	1751898
pc:tail:old	5	2.53	System.Text.Json.dll	n=6;h=DA71E8A5	3740	0.5030	0.4925	0.6631	1662658
pc:tail:old	5	2.53	NuGet.Packaging.dll	n=6;h=6FA4D21B	3676	0.4910	0.4805	0.7946	1478850
pc:tail:old	5	2.53	Microsoft.CodeAnalysis.CSharp.dll	n=0;h=811C9DC5	479	4.1697	4.1212	4.2432	9857513
pc:tail:old	5	2.53	System.Private.CoreLib.dll	n=6;h=199799C8	130	14.9179	14.5079	18.3722	36699649
pc:tail:mat	5	2.49	CommandLine.dll	n=6;h=2C0D37C1	5000	0.1589	0.1565	0.1692	621410
pc:tail:mat	5	2.49	Humanizer.dll	n=6;h=91D17220	5000	0.1510	0.1502	0.1605	584642
pc:tail:mat	5	2.49	Mono.Cecil.dll	n=6;h=3891C1A0	5000	0.2420	0.2372	0.2720	831082
pc:tail:mat	5	2.49	Newtonsoft.Json.dll	n=6;h=7111BB62	5000	0.3722	0.3654	0.4703	1353218
pc:tail:mat	5	2.49	System.Text.Json.dll	n=6;h=51F1B225	5000	0.3515	0.3447	0.4629	1390538
pc:tail:mat	5	2.49	NuGet.Packaging.dll	n=6;h=233EB48F	5000	0.2749	0.2696	0.3415	995218
pc:tail:mat	5	2.49	Microsoft.CodeAnalysis.CSharp.dll	n=6;h=DBA5688B	204	10.0922	7.0558	13.2451	16476139
pc:tail:mat	5	2.49	System.Private.CoreLib.dll	n=6;h=BC20A3BD	133	15.1590	11.7075	18.1950	26124001
pc:tail:linq	5	2.33	CommandLine.dll	n=6;h=2C0D37C1	5000	0.2097	0.2087	0.2206	653098
pc:tail:linq	5	2.33	Humanizer.dll	n=6;h=91D17220	5000	0.1995	0.1982	0.2095	574714
pc:tail:linq	5	2.33	Mono.Cecil.dll	n=6;h=3891C1A0	5000	0.3315	0.3283	0.3643	840506
pc:tail:linq	5	2.33	Newtonsoft.Json.dll	n=6;h=7111BB62	3956	0.4977	0.4907	0.5349	1335848
pc:tail:linq	5	2.33	System.Text.Json.dll	n=6;h=51F1B225	4243	0.4630	0.4567	0.5012	1344134
pc:tail:linq	5	2.33	NuGet.Packaging.dll	n=6;h=233EB48F	4978	0.3939	0.3894	0.4318	1063866
pc:tail:linq	5	2.33	Microsoft.CodeAnalysis.CSharp.dll	n=6;h=DBA5688B	367	5.3767	5.3474	5.6421	16033566
pc:tail:linq	5	2.33	System.Private.CoreLib.dll	n=6;h=BC20A3BD	242	8.1415	8.1042	8.4982	24621739
pc:tail:nlinq	5	2.19	CommandLine.dll	n=6;h=2C0D37C1	5000	0.0240	0.0238	0.0276	10122
pc:tail:nlinq	5	2.19	Humanizer.dll	n=6;h=91D17220	5000	0.0305	0.0303	0.0307	6810
pc:tail:nlinq	5	2.19	Mono.Cecil.dll	n=6;h=3891C1A0	5000	0.0582	0.0579	0.0604	8978
pc:tail:nlinq	5	2.19	Newtonsoft.Json.dll	n=6;h=7111BB62	5000	0.0742	0.0731	0.0768	9506
pc:tail:nlinq	5	2.19	System.Text.Json.dll	n=6;h=51F1B225	5000	0.0647	0.0643	0.0671	10266
pc:tail:nlinq	5	2.19	NuGet.Packaging.dll	n=6;h=233EB48F	5000	0.0595	0.0593	0.0619	6394
pc:tail:nlinq	5	2.19	Microsoft.CodeAnalysis.CSharp.dll	n=6;h=DBA5688B	3047	0.6550	0.6456	0.6691	9141
pc:tail:nlinq	5	2.19	System.Private.CoreLib.dll	n=6;h=BC20A3BD	2693	0.7425	0.7351	0.7498	9280
pc:tail:after	5	2.18	CommandLine.dll	n=6;h=2C0D37C1	5000	0.0133	0.0132	0.0141	9874
pc:tail:after	5	2.18	Humanizer.dll	n=6;h=91D17220	5000	0.0201	0.0200	0.0202	6562
pc:tail:after	5	2.18	Mono.Cecil.dll	n=6;h=3891C1A0	5000	0.0373	0.0371	0.0379	8730
pc:tail:after	5	2.18	Newtonsoft.Json.dll	n=6;h=7111BB62	5000	0.0448	0.0446	0.0452	9258
pc:tail:after	5	2.18	System.Text.Json.dll	n=6;h=51F1B225	5000	0.0380	0.0378	0.0387	10018
pc:tail:after	5	2.18	NuGet.Packaging.dll	n=6;h=233EB48F	5000	0.0341	0.0339	0.0343	6146
pc:tail:after	5	2.18	Microsoft.CodeAnalysis.CSharp.dll	n=6;h=DBA5688B	5000	0.3726	0.3688	0.3815	8898
pc:tail:after	5	2.18	System.Private.CoreLib.dll	n=6;h=BC20A3BD	4190	0.4758	0.4718	0.4840	9039
pc:rows:old	5	2.08	CommandLine.dll	n=3;h=12419554	5000	0.1930	0.1902	0.2044	613491
pc:rows:old	5	2.08	Humanizer.dll	n=0;h=811C9DC5	5000	0.2105	0.2067	0.2240	761594
pc:rows:old	5	2.08	Mono.Cecil.dll	n=0;h=811C9DC5	5000	0.2697	0.2633	0.2845	760050
pc:rows:old	5	2.08	Newtonsoft.Json.dll	n=11;h=80EFFFB3	3389	0.5552	0.5416	0.7248	1750851
pc:rows:old	5	2.08	System.Text.Json.dll	n=8;h=B5B01D1E	3732	0.4990	0.4887	0.6716	1662113
pc:rows:old	5	2.08	NuGet.Packaging.dll	n=30;h=C15624B5	3728	0.4875	0.4777	0.7410	1478676
pc:rows:old	5	2.08	Microsoft.CodeAnalysis.CSharp.dll	n=0;h=811C9DC5	482	4.1562	4.1050	4.2017	9857377
pc:rows:old	5	2.08	System.Private.CoreLib.dll	n=1770;h=8D799CBB	124	15.2117	14.5902	18.6983	36698695
pc:rows:mat	5	1.92	CommandLine.dll	n=403;h=0DAD55A3	5000	0.1586	0.1548	0.1690	620850
pc:rows:mat	5	1.92	Humanizer.dll	n=735;h=ABE64147	5000	0.1481	0.1472	0.1578	584082
pc:rows:mat	5	1.92	Mono.Cecil.dll	n=992;h=D45F7327	5000	0.2387	0.2336	0.2675	830522
pc:rows:mat	5	1.92	Newtonsoft.Json.dll	n=1509;h=30587641	5000	0.3697	0.3605	0.4771	1352658
pc:rows:mat	5	1.92	System.Text.Json.dll	n=1337;h=15AB9B20	5000	0.3474	0.3380	0.4551	1389978
pc:rows:mat	5	1.92	NuGet.Packaging.dll	n=999;h=910CC3CB	5000	0.2739	0.2677	0.3407	994658
pc:rows:mat	5	1.92	Microsoft.CodeAnalysis.CSharp.dll	n=13161;h=20D748F8	202	10.0822	7.1720	13.2004	16475608
pc:rows:mat	5	1.92	System.Private.CoreLib.dll	n=22475;h=21372B1F	132	15.2417	11.6809	18.3582	26123442
pc:rows:linq	5	2.01	CommandLine.dll	n=403;h=0DAD55A3	5000	0.2092	0.2078	0.2214	676954
pc:rows:linq	5	2.01	Humanizer.dll	n=735;h=ABE64147	5000	0.2036	0.1988	0.2135	623170
pc:rows:linq	5	2.01	Mono.Cecil.dll	n=992;h=D45F7327	5000	0.3375	0.3280	0.3906	888962
pc:rows:linq	5	2.01	Newtonsoft.Json.dll	n=1509;h=30587641	3720	0.5057	0.4921	0.6845	1433481
pc:rows:linq	5	2.01	System.Text.Json.dll	n=1337;h=15AB9B20	3980	0.4707	0.4587	0.6303	1441752
pc:rows:linq	5	2.01	NuGet.Packaging.dll	n=999;h=910CC3CB	4810	0.3992	0.3926	0.4865	1112323
pc:rows:linq	5	2.01	Microsoft.CodeAnalysis.CSharp.dll	n=13161;h=20D748F8	186	10.7875	8.2128	13.6886	16819413
pc:rows:linq	5	2.01	System.Private.CoreLib.dll	n=22475;h=21372B1F	123	16.4213	14.6412	17.9571	26195698
pc:rows:nlinq	5	2.22	CommandLine.dll	n=403;h=0DAD55A3	5000	0.1718	0.1690	0.1828	611426
pc:rows:nlinq	5	2.22	Humanizer.dll	n=735;h=ABE64147	5000	0.1602	0.1588	0.1699	566690
pc:rows:nlinq	5	2.22	Mono.Cecil.dll	n=992;h=D45F7327	5000	0.2636	0.2604	0.2814	806962
pc:rows:nlinq	5	2.22	Newtonsoft.Json.dll	n=1509;h=30587641	4600	0.4010	0.3944	0.5787	1316692
pc:rows:nlinq	5	2.22	System.Text.Json.dll	n=1337;h=15AB9B20	4913	0.3785	0.3721	0.5453	1358138
pc:rows:nlinq	5	2.22	NuGet.Packaging.dll	n=999;h=910CC3CB	5000	0.3034	0.2953	0.4167	970930
pc:rows:nlinq	5	2.22	Microsoft.CodeAnalysis.CSharp.dll	n=13161;h=20D748F8	208	9.9196	7.1168	12.9063	16159964
pc:rows:nlinq	5	2.22	System.Private.CoreLib.dll	n=22475;h=21372B1F	133	15.3150	11.5409	18.0137	25584264
pc:rows:after	5	2.10	CommandLine.dll	n=403;h=0DAD55A3	5000	0.1655	0.1630	0.1758	621730
pc:rows:after	5	2.10	Humanizer.dll	n=735;h=ABE64147	5000	0.1619	0.1601	0.1718	584962
pc:rows:after	5	2.10	Mono.Cecil.dll	n=992;h=D45F7327	5000	0.2681	0.2627	0.2957	831402
pc:rows:after	5	2.10	Newtonsoft.Json.dll	n=1509;h=30587641	4596	0.4061	0.3964	0.5888	1353540
pc:rows:after	5	2.10	System.Text.Json.dll	n=1337;h=15AB9B20	4844	0.3857	0.3756	0.5731	1390859
pc:rows:after	5	2.10	NuGet.Packaging.dll	n=999;h=910CC3CB	5000	0.3029	0.2977	0.3740	995538
pc:rows:after	5	2.10	Microsoft.CodeAnalysis.CSharp.dll	n=13161;h=20D748F8	194	10.4772	7.4283	13.6770	16476456
pc:rows:after	5	2.10	System.Private.CoreLib.dll	n=22475;h=21372B1F	131	15.6215	11.7838	18.4666	26124489
pc:window:old	5	2.09	CommandLine.dll	fail	5000	0.1941	0.1912	0.2053	613499
pc:window:old	5	2.09	Humanizer.dll	fail	5000	0.2105	0.2069	0.2260	761602
pc:window:old	5	2.09	Mono.Cecil.dll	fail	5000	0.2695	0.2655	0.2862	760058
pc:window:old	5	2.09	Newtonsoft.Json.dll	fail	3382	0.5556	0.5455	0.7237	1750859
pc:window:old	5	2.09	System.Text.Json.dll	fail	3687	0.5018	0.4925	0.6927	1662120
pc:window:old	5	2.09	NuGet.Packaging.dll	fail	3690	0.4900	0.4810	0.7770	1478660
pc:window:old	5	2.09	Microsoft.CodeAnalysis.CSharp.dll	fail	479	4.1729	4.1470	4.2222	9857385
pc:window:old	5	2.09	System.Private.CoreLib.dll	n=11;h=D844F31A	130	14.9189	14.5417	18.2032	36699332
pc:window:mat	5	2.13	CommandLine.dll	n=11;h=9289C8A6	5000	0.1578	0.1559	0.1702	621330
pc:window:mat	5	2.13	Humanizer.dll	n=11;h=13A97420	5000	0.1486	0.1476	0.1580	584562
pc:window:mat	5	2.13	Mono.Cecil.dll	n=11;h=D01076C5	5000	0.2388	0.2367	0.2684	831002
pc:window:mat	5	2.13	Newtonsoft.Json.dll	n=11;h=1E2EEF32	5000	0.3673	0.3607	0.4705	1353138
pc:window:mat	5	2.13	System.Text.Json.dll	n=11;h=BA929ADB	5000	0.3474	0.3408	0.4635	1390458
pc:window:mat	5	2.13	NuGet.Packaging.dll	n=11;h=11E00573	5000	0.2705	0.2648	0.3378	995138
pc:window:mat	5	2.13	Microsoft.CodeAnalysis.CSharp.dll	n=11;h=F4CCA210	202	10.1405	7.1055	13.4180	16476061
pc:window:mat	5	2.13	System.Private.CoreLib.dll	n=11;h=3D959E9B	133	15.2318	11.5831	18.4017	26123860
pc:window:linq	5	2.23	CommandLine.dll	n=11;h=9289C8A6	5000	0.0533	0.0530	0.0560	176450
pc:window:linq	5	2.23	Humanizer.dll	n=11;h=13A97420	5000	0.0280	0.0278	0.0283	89570
pc:window:linq	5	2.23	Mono.Cecil.dll	n=11;h=D01076C5	5000	0.0311	0.0309	0.0315	96170
pc:window:linq	5	2.23	Newtonsoft.Json.dll	n=11;h=1E2EEF32	5000	0.0314	0.0312	0.0321	94954
pc:window:linq	5	2.23	System.Text.Json.dll	n=11;h=BA929ADB	5000	0.0330	0.0327	0.0335	113418
pc:window:linq	5	2.23	NuGet.Packaging.dll	n=11;h=11E00573	5000	0.0349	0.0346	0.0353	104746
pc:window:linq	5	2.23	Microsoft.CodeAnalysis.CSharp.dll	n=11;h=F4CCA210	5000	0.0669	0.0665	0.0698	124674
pc:window:linq	5	2.23	System.Private.CoreLib.dll	n=11;h=3D959E9B	5000	0.0380	0.0378	0.0385	96858
pc:window:nlinq	5	2.23	CommandLine.dll	n=11;h=9289C8A6	5000	0.0089	0.0088	0.0093	19074
pc:window:nlinq	5	2.23	Humanizer.dll	n=11;h=13A97420	5000	0.0063	0.0062	0.0065	12890
pc:window:nlinq	5	2.23	Mono.Cecil.dll	n=11;h=D01076C5	5000	0.0076	0.0075	0.0077	15842
pc:window:nlinq	5	2.23	Newtonsoft.Json.dll	n=11;h=1E2EEF32	5000	0.0085	0.0085	0.0087	16690
pc:window:nlinq	5	2.23	System.Text.Json.dll	n=11;h=BA929ADB	5000	0.0082	0.0081	0.0083	16986
pc:window:nlinq	5	2.23	NuGet.Packaging.dll	n=11;h=11E00573	5000	0.0081	0.0080	0.0082	15378
pc:window:nlinq	5	2.23	Microsoft.CodeAnalysis.CSharp.dll	n=11;h=F4CCA210	5000	0.0214	0.0212	0.0215	15282
pc:window:nlinq	5	2.23	System.Private.CoreLib.dll	n=11;h=3D959E9B	5000	0.0094	0.0093	0.0095	11250
pc:window:after	5	2.23	CommandLine.dll	n=11;h=9289C8A6	5000	0.0072	0.0072	0.0075	19138
pc:window:after	5	2.23	Humanizer.dll	n=11;h=13A97420	5000	0.0055	0.0054	0.0057	12954
pc:window:after	5	2.23	Mono.Cecil.dll	n=11;h=D01076C5	5000	0.0065	0.0064	0.0066	15906
pc:window:after	5	2.23	Newtonsoft.Json.dll	n=11;h=1E2EEF32	5000	0.0073	0.0072	0.0074	16754
pc:window:after	5	2.23	System.Text.Json.dll	n=11;h=BA929ADB	5000	0.0062	0.0062	0.0063	17050
pc:window:after	5	2.23	NuGet.Packaging.dll	n=11;h=11E00573	5000	0.0065	0.0064	0.0065	15442
pc:window:after	5	2.23	Microsoft.CodeAnalysis.CSharp.dll	n=11;h=F4CCA210	5000	0.0116	0.0115	0.0117	15346
pc:window:after	5	2.23	System.Private.CoreLib.dll	n=11;h=3D959E9B	5000	0.0068	0.0067	0.0069	11314
pc:exists:old	5	2.23	CommandLine.dll	true	5000	0.1985	0.1912	0.2174	613499
pc:exists:old	5	2.23	Humanizer.dll	false	5000	0.2176	0.2090	0.2392	761602
pc:exists:old	5	2.23	Mono.Cecil.dll	false	5000	0.2716	0.2640	0.2870	760058
pc:exists:old	5	2.23	Newtonsoft.Json.dll	true	3376	0.5577	0.5440	0.7307	1750857
pc:exists:old	5	2.23	System.Text.Json.dll	true	3671	0.5092	0.4918	0.6702	1662119
pc:exists:old	5	2.23	NuGet.Packaging.dll	true	3717	0.4862	0.4779	0.7800	1478701
pc:exists:old	5	2.23	Microsoft.CodeAnalysis.CSharp.dll	false	486	4.1121	4.0865	4.1599	9857385
pc:exists:old	5	2.23	System.Private.CoreLib.dll	true	125	14.8742	14.4811	18.4312	36698882
pc:exists:mat	5	2.26	CommandLine.dll	true	5000	0.1549	0.1537	0.1579	620834
pc:exists:mat	5	2.26	Humanizer.dll	true	5000	0.1489	0.1482	0.1501	584066
pc:exists:mat	5	2.26	Mono.Cecil.dll	true	5000	0.2372	0.2336	0.2659	830506
pc:exists:mat	5	2.26	Newtonsoft.Json.dll	true	5000	0.3661	0.3596	0.4666	1352642
pc:exists:mat	5	2.26	System.Text.Json.dll	true	5000	0.3441	0.3390	0.4554	1389962
pc:exists:mat	5	2.26	NuGet.Packaging.dll	true	5000	0.2691	0.2652	0.3363	994642
pc:exists:mat	5	2.26	Microsoft.CodeAnalysis.CSharp.dll	true	199	10.2488	7.1002	13.6611	16475564
pc:exists:mat	5	2.26	System.Private.CoreLib.dll	true	133	15.1562	11.5466	18.2473	26123430
pc:exists:linq	5	2.62	CommandLine.dll	true	5000	0.0058	0.0057	0.0065	11490
pc:exists:linq	5	2.62	Humanizer.dll	true	5000	0.0020	0.0019	0.0020	5818
pc:exists:linq	5	2.62	Mono.Cecil.dll	true	5000	0.0020	0.0019	0.0020	5818
pc:exists:linq	5	2.62	Newtonsoft.Json.dll	true	5000	0.0020	0.0019	0.0020	5818
pc:exists:linq	5	2.62	System.Text.Json.dll	true	5000	0.0020	0.0019	0.0021	6154
pc:exists:linq	5	2.62	NuGet.Packaging.dll	true	5000	0.0042	0.0042	0.0044	9490
pc:exists:linq	5	2.62	Microsoft.CodeAnalysis.CSharp.dll	true	5000	0.0023	0.0022	0.0024	6282
pc:exists:linq	5	2.62	System.Private.CoreLib.dll	true	5000	0.0043	0.0042	0.0044	7530
pc:exists:nlinq	5	2.62	CommandLine.dll	true	5000	0.0027	0.0026	0.0033	4370
pc:exists:nlinq	5	2.62	Humanizer.dll	true	5000	0.0017	0.0016	0.0017	4370
pc:exists:nlinq	5	2.62	Mono.Cecil.dll	true	5000	0.0017	0.0016	0.0017	4370
pc:exists:nlinq	5	2.62	Newtonsoft.Json.dll	true	5000	0.0017	0.0016	0.0017	4370
pc:exists:nlinq	5	2.62	System.Text.Json.dll	true	5000	0.0017	0.0016	0.0017	4370
pc:exists:nlinq	5	2.62	NuGet.Packaging.dll	true	5000	0.0022	0.0022	0.0023	4370
pc:exists:nlinq	5	2.62	Microsoft.CodeAnalysis.CSharp.dll	true	5000	0.0017	0.0016	0.0018	4370
pc:exists:nlinq	5	2.62	System.Private.CoreLib.dll	true	5000	0.0024	0.0023	0.0025	4370
pc:exists:after	5	2.62	CommandLine.dll	true	5000	0.0019	0.0018	0.0024	5026
pc:exists:after	5	2.62	Humanizer.dll	true	5000	0.0018	0.0017	0.0018	5026
pc:exists:after	5	2.62	Mono.Cecil.dll	true	5000	0.0017	0.0017	0.0018	5026
pc:exists:after	5	2.62	Newtonsoft.Json.dll	true	5000	0.0017	0.0017	0.0018	5026
pc:exists:after	5	2.62	System.Text.Json.dll	true	5000	0.0018	0.0017	0.0018	5026
pc:exists:after	5	2.62	NuGet.Packaging.dll	true	5000	0.0018	0.0017	0.0019	5026
pc:exists:after	5	2.62	Microsoft.CodeAnalysis.CSharp.dll	true	5000	0.0018	0.0017	0.0018	5026
pc:exists:after	5	2.62	System.Private.CoreLib.dll	true	5000	0.0020	0.0019	0.0021	5026
pc:count:old	6	2.62	CommandLine.dll	c=3	5000	0.1946	0.1918	0.2057	613491
pc:count:old	6	2.62	Humanizer.dll	c=0	5000	0.2147	0.2104	0.2267	761594
pc:count:old	6	2.62	Mono.Cecil.dll	c=0	5000	0.2719	0.2659	0.2883	760050
pc:count:old	6	2.62	Newtonsoft.Json.dll	c=11	3392	0.5544	0.5414	0.7237	1750851
pc:count:old	6	2.62	System.Text.Json.dll	c=8	3676	0.5063	0.4966	0.6768	1662113
pc:count:old	6	2.62	NuGet.Packaging.dll	c=30	3664	0.4920	0.4822	0.8024	1478700
pc:count:old	6	2.62	Microsoft.CodeAnalysis.CSharp.dll	c=0	481	4.1610	4.1133	4.2061	9857377
pc:count:old	6	2.62	System.Private.CoreLib.dll	c=1770	130	14.8991	14.5213	18.2263	36698932
pc:exists:after	6	2.56	CommandLine.dll	true	5000	0.0019	0.0018	0.0025	5026
pc:exists:after	6	2.56	Humanizer.dll	true	5000	0.0017	0.0016	0.0018	5026
pc:exists:after	6	2.56	Mono.Cecil.dll	true	5000	0.0017	0.0016	0.0018	5026
pc:exists:after	6	2.56	Newtonsoft.Json.dll	true	5000	0.0017	0.0016	0.0018	5026
pc:exists:after	6	2.56	System.Text.Json.dll	true	5000	0.0017	0.0017	0.0018	5026
pc:exists:after	6	2.56	NuGet.Packaging.dll	true	5000	0.0018	0.0017	0.0019	5026
pc:exists:after	6	2.56	Microsoft.CodeAnalysis.CSharp.dll	true	5000	0.0017	0.0016	0.0018	5026
pc:exists:after	6	2.56	System.Private.CoreLib.dll	true	5000	0.0020	0.0019	0.0021	5026
pc:exists:nlinq	6	2.56	CommandLine.dll	true	5000	0.0027	0.0026	0.0033	4370
pc:exists:nlinq	6	2.56	Humanizer.dll	true	5000	0.0017	0.0016	0.0017	4370
pc:exists:nlinq	6	2.56	Mono.Cecil.dll	true	5000	0.0017	0.0016	0.0017	4370
pc:exists:nlinq	6	2.56	Newtonsoft.Json.dll	true	5000	0.0017	0.0016	0.0017	4370
pc:exists:nlinq	6	2.56	System.Text.Json.dll	true	5000	0.0017	0.0016	0.0017	4370
pc:exists:nlinq	6	2.56	NuGet.Packaging.dll	true	5000	0.0022	0.0021	0.0023	4370
pc:exists:nlinq	6	2.56	Microsoft.CodeAnalysis.CSharp.dll	true	5000	0.0017	0.0016	0.0018	4370
pc:exists:nlinq	6	2.56	System.Private.CoreLib.dll	true	5000	0.0024	0.0023	0.0025	4370
pc:exists:linq	6	2.56	CommandLine.dll	true	5000	0.0056	0.0055	0.0062	11490
pc:exists:linq	6	2.56	Humanizer.dll	true	5000	0.0020	0.0018	0.0020	5818
pc:exists:linq	6	2.56	Mono.Cecil.dll	true	5000	0.0020	0.0018	0.0020	5818
pc:exists:linq	6	2.56	Newtonsoft.Json.dll	true	5000	0.0020	0.0018	0.0020	5818
pc:exists:linq	6	2.56	System.Text.Json.dll	true	5000	0.0020	0.0019	0.0020	6154
pc:exists:linq	6	2.56	NuGet.Packaging.dll	true	5000	0.0041	0.0041	0.0042	9490
pc:exists:linq	6	2.56	Microsoft.CodeAnalysis.CSharp.dll	true	5000	0.0023	0.0022	0.0023	6282
pc:exists:linq	6	2.56	System.Private.CoreLib.dll	true	5000	0.0041	0.0040	0.0042	7530
pc:exists:mat	6	2.56	CommandLine.dll	true	5000	0.1576	0.1542	0.1681	620834
pc:exists:mat	6	2.56	Humanizer.dll	true	5000	0.1479	0.1471	0.1576	584066
pc:exists:mat	6	2.56	Mono.Cecil.dll	true	5000	0.2382	0.2333	0.2651	830506
pc:exists:mat	6	2.56	Newtonsoft.Json.dll	true	5000	0.3666	0.3596	0.4708	1352642
pc:exists:mat	6	2.56	System.Text.Json.dll	true	5000	0.3459	0.3393	0.4579	1389962
pc:exists:mat	6	2.56	NuGet.Packaging.dll	true	5000	0.2690	0.2641	0.3367	994642
pc:exists:mat	6	2.56	Microsoft.CodeAnalysis.CSharp.dll	true	204	10.0168	7.0284	13.1492	16475561
pc:exists:mat	6	2.56	System.Private.CoreLib.dll	true	132	15.1428	11.7136	18.5030	26123474
pc:exists:old	6	2.66	CommandLine.dll	true	5000	0.1947	0.1915	0.2053	613499
pc:exists:old	6	2.66	Humanizer.dll	false	5000	0.2109	0.2056	0.2230	761602
pc:exists:old	6	2.66	Mono.Cecil.dll	false	5000	0.2677	0.2622	0.2812	760058
pc:exists:old	6	2.66	Newtonsoft.Json.dll	true	3377	0.5569	0.5452	0.7268	1750857
pc:exists:old	6	2.66	System.Text.Json.dll	true	3652	0.5052	0.4957	0.7068	1662121
pc:exists:old	6	2.66	NuGet.Packaging.dll	true	3696	0.4938	0.4851	0.7263	1478693
pc:exists:old	6	2.66	Microsoft.CodeAnalysis.CSharp.dll	false	479	4.1763	4.1007	4.2362	9857385
pc:exists:old	6	2.66	System.Private.CoreLib.dll	true	131	14.8637	14.4645	18.0761	36698912
pc:window:after	6	2.48	CommandLine.dll	n=11;h=9289C8A6	5000	0.0073	0.0072	0.0075	19138
pc:window:after	6	2.48	Humanizer.dll	n=11;h=13A97420	5000	0.0056	0.0055	0.0057	12954
pc:window:after	6	2.48	Mono.Cecil.dll	n=11;h=D01076C5	5000	0.0065	0.0065	0.0067	15906
pc:window:after	6	2.48	Newtonsoft.Json.dll	n=11;h=1E2EEF32	5000	0.0073	0.0072	0.0074	16754
pc:window:after	6	2.48	System.Text.Json.dll	n=11;h=BA929ADB	5000	0.0063	0.0062	0.0064	17050
pc:window:after	6	2.48	NuGet.Packaging.dll	n=11;h=11E00573	5000	0.0065	0.0065	0.0066	15442
pc:window:after	6	2.48	Microsoft.CodeAnalysis.CSharp.dll	n=11;h=F4CCA210	5000	0.0116	0.0115	0.0117	15346
pc:window:after	6	2.48	System.Private.CoreLib.dll	n=11;h=3D959E9B	5000	0.0068	0.0067	0.0070	11314
pc:window:nlinq	6	2.48	CommandLine.dll	n=11;h=9289C8A6	5000	0.0089	0.0088	0.0093	19074
pc:window:nlinq	6	2.48	Humanizer.dll	n=11;h=13A97420	5000	0.0062	0.0062	0.0064	12890
pc:window:nlinq	6	2.48	Mono.Cecil.dll	n=11;h=D01076C5	5000	0.0075	0.0075	0.0076	15842
pc:window:nlinq	6	2.48	Newtonsoft.Json.dll	n=11;h=1E2EEF32	5000	0.0085	0.0084	0.0086	16690
pc:window:nlinq	6	2.48	System.Text.Json.dll	n=11;h=BA929ADB	5000	0.0080	0.0079	0.0082	16986
pc:window:nlinq	6	2.48	NuGet.Packaging.dll	n=11;h=11E00573	5000	0.0080	0.0079	0.0081	15378
pc:window:nlinq	6	2.48	Microsoft.CodeAnalysis.CSharp.dll	n=11;h=F4CCA210	5000	0.0200	0.0199	0.0202	15282
pc:window:nlinq	6	2.48	System.Private.CoreLib.dll	n=11;h=3D959E9B	5000	0.0091	0.0090	0.0092	11250
pc:window:linq	6	2.48	CommandLine.dll	n=11;h=9289C8A6	5000	0.0545	0.0542	0.0571	176450
pc:window:linq	6	2.48	Humanizer.dll	n=11;h=13A97420	5000	0.0286	0.0284	0.0290	89570
pc:window:linq	6	2.48	Mono.Cecil.dll	n=11;h=D01076C5	5000	0.0320	0.0317	0.0325	96170
pc:window:linq	6	2.48	Newtonsoft.Json.dll	n=11;h=1E2EEF32	5000	0.0322	0.0319	0.0327	94954
pc:window:linq	6	2.48	System.Text.Json.dll	n=11;h=BA929ADB	5000	0.0340	0.0338	0.0346	113418
pc:window:linq	6	2.48	NuGet.Packaging.dll	n=11;h=11E00573	5000	0.0359	0.0356	0.0365	104746
pc:window:linq	6	2.48	Microsoft.CodeAnalysis.CSharp.dll	n=11;h=F4CCA210	5000	0.0695	0.0691	0.0726	124674
pc:window:linq	6	2.48	System.Private.CoreLib.dll	n=11;h=3D959E9B	5000	0.0390	0.0387	0.0397	96858
pc:window:mat	6	2.37	CommandLine.dll	n=11;h=9289C8A6	5000	0.1574	0.1554	0.1678	621330
pc:window:mat	6	2.37	Humanizer.dll	n=11;h=13A97420	5000	0.1486	0.1475	0.1586	584562
pc:window:mat	6	2.37	Mono.Cecil.dll	n=11;h=D01076C5	5000	0.2425	0.2366	0.2715	831002
pc:window:mat	6	2.37	Newtonsoft.Json.dll	n=11;h=1E2EEF32	5000	0.3700	0.3606	0.4714	1353138
pc:window:mat	6	2.37	System.Text.Json.dll	n=11;h=BA929ADB	5000	0.3502	0.3411	0.5050	1390458
pc:window:mat	6	2.37	NuGet.Packaging.dll	n=11;h=11E00573	5000	0.2719	0.2655	0.3380	995138
pc:window:mat	6	2.37	Microsoft.CodeAnalysis.CSharp.dll	n=11;h=F4CCA210	199	10.1289	7.1020	13.5082	16476075
pc:window:mat	6	2.37	System.Private.CoreLib.dll	n=11;h=3D959E9B	133	15.0633	11.6515	18.3580	26123940
pc:window:old	6	2.38	CommandLine.dll	fail	5000	0.1946	0.1909	0.2054	613499
pc:window:old	6	2.38	Humanizer.dll	fail	5000	0.2123	0.2079	0.2255	761602
pc:window:old	6	2.38	Mono.Cecil.dll	fail	5000	0.2685	0.2641	0.2883	760058
pc:window:old	6	2.38	Newtonsoft.Json.dll	fail	3373	0.5561	0.5413	0.7337	1750857
pc:window:old	6	2.38	System.Text.Json.dll	fail	3724	0.5026	0.4902	0.6648	1662122
pc:window:old	6	2.38	NuGet.Packaging.dll	fail	3697	0.4906	0.4788	0.7482	1478703
pc:window:old	6	2.38	Microsoft.CodeAnalysis.CSharp.dll	fail	484	4.1382	4.0827	4.1913	9857385
pc:window:old	6	2.38	System.Private.CoreLib.dll	n=11;h=D844F31A	130	14.8854	14.4825	18.1213	36699143
pc:rows:after	6	2.38	CommandLine.dll	n=403;h=0DAD55A3	5000	0.1660	0.1642	0.1790	621730
pc:rows:after	6	2.38	Humanizer.dll	n=735;h=ABE64147	5000	0.1621	0.1610	0.1720	584962
pc:rows:after	6	2.38	Mono.Cecil.dll	n=992;h=D45F7327	5000	0.2662	0.2635	0.3039	831402
pc:rows:after	6	2.38	Newtonsoft.Json.dll	n=1509;h=30587641	4639	0.4015	0.3968	0.5854	1353540
pc:rows:after	6	2.38	System.Text.Json.dll	n=1337;h=15AB9B20	4870	0.3819	0.3765	0.5717	1390858
pc:rows:after	6	2.38	NuGet.Packaging.dll	n=999;h=910CC3CB	5000	0.3000	0.2946	0.3941	995538
pc:rows:after	6	2.38	Microsoft.CodeAnalysis.CSharp.dll	n=13161;h=20D748F8	195	10.4455	7.3927	14.0065	16476461
pc:rows:after	6	2.38	System.Private.CoreLib.dll	n=22475;h=21372B1F	128	16.0905	11.8867	19.2049	26124126
pc:rows:nlinq	6	2.39	CommandLine.dll	n=403;h=0DAD55A3	5000	0.1693	0.1670	0.1815	611426
pc:rows:nlinq	6	2.39	Humanizer.dll	n=735;h=ABE64147	5000	0.1610	0.1580	0.1707	566690
pc:rows:nlinq	6	2.39	Mono.Cecil.dll	n=992;h=D45F7327	5000	0.2634	0.2578	0.2780	806962
pc:rows:nlinq	6	2.39	Newtonsoft.Json.dll	n=1509;h=30587641	4579	0.4028	0.3945	0.5845	1316692
pc:rows:nlinq	6	2.39	System.Text.Json.dll	n=1337;h=15AB9B20	4924	0.3778	0.3690	0.5476	1358138
pc:rows:nlinq	6	2.39	NuGet.Packaging.dll	n=999;h=910CC3CB	5000	0.3013	0.2932	0.3679	970930
pc:rows:nlinq	6	2.39	Microsoft.CodeAnalysis.CSharp.dll	n=13161;h=20D748F8	201	10.2140	7.1749	13.2842	16159991
pc:rows:nlinq	6	2.39	System.Private.CoreLib.dll	n=22475;h=21372B1F	133	15.6844	11.5340	18.1987	25584290
pc:rows:linq	6	2.46	CommandLine.dll	n=403;h=0DAD55A3	5000	0.2103	0.2087	0.2215	676954
pc:rows:linq	6	2.46	Humanizer.dll	n=735;h=ABE64147	5000	0.2003	0.1990	0.2116	623170
pc:rows:linq	6	2.46	Mono.Cecil.dll	n=992;h=D45F7327	5000	0.3322	0.3288	0.3853	888962
pc:rows:linq	6	2.46	Newtonsoft.Json.dll	n=1509;h=30587641	3768	0.4983	0.4918	0.6795	1433481
pc:rows:linq	6	2.46	System.Text.Json.dll	n=1337;h=15AB9B20	4021	0.4653	0.4585	0.6267	1441752
pc:rows:linq	6	2.46	NuGet.Packaging.dll	n=999;h=910CC3CB	4878	0.3934	0.3868	0.4793	1112322
pc:rows:linq	6	2.46	Microsoft.CodeAnalysis.CSharp.dll	n=13161;h=20D748F8	186	10.6768	8.0488	14.3102	16819417
pc:rows:linq	6	2.46	System.Private.CoreLib.dll	n=22475;h=21372B1F	113	17.5526	14.7989	19.2423	26196116
pc:rows:mat	6	2.34	CommandLine.dll	n=403;h=0DAD55A3	5000	0.1582	0.1555	0.1686	620850
pc:rows:mat	6	2.34	Humanizer.dll	n=735;h=ABE64147	5000	0.1500	0.1472	0.1587	584082
pc:rows:mat	6	2.34	Mono.Cecil.dll	n=992;h=D45F7327	5000	0.2414	0.2369	0.2703	830522
pc:rows:mat	6	2.34	Newtonsoft.Json.dll	n=1509;h=30587641	5000	0.3726	0.3647	0.4829	1352658
pc:rows:mat	6	2.34	System.Text.Json.dll	n=1337;h=15AB9B20	5000	0.3523	0.3455	0.4618	1389978
pc:rows:mat	6	2.34	NuGet.Packaging.dll	n=999;h=910CC3CB	5000	0.2750	0.2698	0.3422	994658
pc:rows:mat	6	2.34	Microsoft.CodeAnalysis.CSharp.dll	n=13161;h=20D748F8	197	10.2443	7.0846	13.7520	16475580
pc:rows:mat	6	2.34	System.Private.CoreLib.dll	n=22475;h=21372B1F	131	15.5845	11.6521	18.6900	26123517
pc:rows:old	6	2.67	CommandLine.dll	n=3;h=12419554	5000	0.1941	0.1915	0.2046	613491
pc:rows:old	6	2.67	Humanizer.dll	n=0;h=811C9DC5	5000	0.2102	0.2064	0.2232	761594
pc:rows:old	6	2.67	Mono.Cecil.dll	n=0;h=811C9DC5	5000	0.2681	0.2642	0.2842	760050
pc:rows:old	6	2.67	Newtonsoft.Json.dll	n=11;h=80EFFFB3	3409	0.5508	0.5400	0.7235	1750852
pc:rows:old	6	2.67	System.Text.Json.dll	n=8;h=B5B01D1E	3721	0.5003	0.4904	0.6724	1662112
pc:rows:old	6	2.67	NuGet.Packaging.dll	n=30;h=C15624B5	3705	0.4900	0.4801	0.7418	1478683
pc:rows:old	6	2.67	Microsoft.CodeAnalysis.CSharp.dll	n=0;h=811C9DC5	484	4.1317	4.0836	4.1860	9857377
pc:rows:old	6	2.67	System.Private.CoreLib.dll	n=1770;h=8D799CBB	130	14.8305	14.4957	18.6885	36698838
pc:tail:after	6	2.37	CommandLine.dll	n=6;h=2C0D37C1	5000	0.0131	0.0130	0.0140	9874
pc:tail:after	6	2.37	Humanizer.dll	n=6;h=91D17220	5000	0.0197	0.0196	0.0198	6562
pc:tail:after	6	2.37	Mono.Cecil.dll	n=6;h=3891C1A0	5000	0.0365	0.0364	0.0382	8730
pc:tail:after	6	2.37	Newtonsoft.Json.dll	n=6;h=7111BB62	5000	0.0442	0.0440	0.0446	9258
pc:tail:after	6	2.37	System.Text.Json.dll	n=6;h=51F1B225	5000	0.0371	0.0369	0.0382	10018
pc:tail:after	6	2.37	NuGet.Packaging.dll	n=6;h=233EB48F	5000	0.0333	0.0331	0.0340	6146
pc:tail:after	6	2.37	Microsoft.CodeAnalysis.CSharp.dll	n=6;h=DBA5688B	5000	0.3647	0.3619	0.3738	8898
pc:tail:after	6	2.37	System.Private.CoreLib.dll	n=6;h=BC20A3BD	4224	0.4721	0.4674	0.4800	9039
pc:tail:nlinq	6	2.34	CommandLine.dll	n=6;h=2C0D37C1	5000	0.0242	0.0242	0.0251	10122
pc:tail:nlinq	6	2.34	Humanizer.dll	n=6;h=91D17220	5000	0.0312	0.0311	0.0314	6810
pc:tail:nlinq	6	2.34	Mono.Cecil.dll	n=6;h=3891C1A0	5000	0.0592	0.0590	0.0615	8978
pc:tail:nlinq	6	2.34	Newtonsoft.Json.dll	n=6;h=7111BB62	5000	0.0735	0.0728	0.0766	9506
pc:tail:nlinq	6	2.34	System.Text.Json.dll	n=6;h=51F1B225	5000	0.0653	0.0650	0.0692	10266
pc:tail:nlinq	6	2.34	NuGet.Packaging.dll	n=6;h=233EB48F	5000	0.0605	0.0600	0.0630	6394
pc:tail:nlinq	6	2.34	Microsoft.CodeAnalysis.CSharp.dll	n=6;h=DBA5688B	3017	0.6627	0.6550	0.6704	9141
pc:tail:nlinq	6	2.34	System.Private.CoreLib.dll	n=6;h=BC20A3BD	2622	0.7618	0.7536	0.7730	9281
pc:tail:linq	6	2.23	CommandLine.dll	n=6;h=2C0D37C1	5000	0.2152	0.2138	0.2273	653098
pc:tail:linq	6	2.23	Humanizer.dll	n=6;h=91D17220	5000	0.2041	0.2028	0.2149	574714
pc:tail:linq	6	2.23	Mono.Cecil.dll	n=6;h=3891C1A0	5000	0.3376	0.3306	0.3685	840506
pc:tail:linq	6	2.23	Newtonsoft.Json.dll	n=6;h=7111BB62	3911	0.5034	0.4924	0.5417	1335848
pc:tail:linq	6	2.23	System.Text.Json.dll	n=6;h=51F1B225	4165	0.4723	0.4632	0.5106	1344135
pc:tail:linq	6	2.23	NuGet.Packaging.dll	n=6;h=233EB48F	4891	0.4019	0.3915	0.4388	1063866
pc:tail:linq	6	2.23	Microsoft.CodeAnalysis.CSharp.dll	n=6;h=DBA5688B	364	5.4786	5.3932	5.6735	16033567
pc:tail:linq	6	2.23	System.Private.CoreLib.dll	n=6;h=BC20A3BD	241	8.2842	8.2317	8.6142	24621750
pc:tail:mat	6	2.19	CommandLine.dll	n=6;h=2C0D37C1	5000	0.1603	0.1592	0.1702	621410
pc:tail:mat	6	2.19	Humanizer.dll	n=6;h=91D17220	5000	0.1507	0.1499	0.1604	584642
pc:tail:mat	6	2.19	Mono.Cecil.dll	n=6;h=3891C1A0	5000	0.2426	0.2387	0.2727	831082
pc:tail:mat	6	2.19	Newtonsoft.Json.dll	n=6;h=7111BB62	5000	0.3723	0.3654	0.4725	1353218
pc:tail:mat	6	2.19	System.Text.Json.dll	n=6;h=51F1B225	5000	0.3513	0.3437	0.4631	1390538
pc:tail:mat	6	2.19	NuGet.Packaging.dll	n=6;h=233EB48F	5000	0.2742	0.2682	0.3418	995218
pc:tail:mat	6	2.19	Microsoft.CodeAnalysis.CSharp.dll	n=6;h=DBA5688B	185	10.5817	7.1169	14.1618	16476140
pc:tail:mat	6	2.19	System.Private.CoreLib.dll	n=6;h=BC20A3BD	131	15.5039	11.6869	18.7560	26124116
pc:tail:old	6	2.32	CommandLine.dll	n=3;h=12419554	5000	0.1960	0.1928	0.2070	613739
pc:tail:old	6	2.32	Humanizer.dll	n=0;h=811C9DC5	5000	0.2112	0.2060	0.2254	761730
pc:tail:old	6	2.32	Mono.Cecil.dll	n=0;h=811C9DC5	5000	0.2679	0.2630	0.2847	760186
pc:tail:old	6	2.32	Newtonsoft.Json.dll	n=6;h=D5BCEEDC	3416	0.5549	0.5450	0.7110	1751896
pc:tail:old	6	2.32	System.Text.Json.dll	n=6;h=DA71E8A5	3717	0.5060	0.4960	0.6687	1662656
pc:tail:old	6	2.32	NuGet.Packaging.dll	n=6;h=6FA4D21B	3685	0.4948	0.4852	0.7540	1478908
pc:tail:old	6	2.32	Microsoft.CodeAnalysis.CSharp.dll	n=0;h=811C9DC5	478	4.1903	4.0993	4.2578	9857513
pc:tail:old	6	2.32	System.Private.CoreLib.dll	n=6;h=199799C8	129	15.0057	14.5865	18.7699	36699397
pc:head:after	6	2.17	CommandLine.dll	n=6;h=38398B5E	5000	0.0032	0.0032	0.0038	10338
pc:head:after	6	2.17	Humanizer.dll	n=6;h=D93A2D05	5000	0.0026	0.0025	0.0026	8338
pc:head:after	6	2.17	Mono.Cecil.dll	n=6;h=EAFAA362	5000	0.0026	0.0025	0.0027	8106
pc:head:after	6	2.17	Newtonsoft.Json.dll	n=6;h=A4332D4B	5000	0.0025	0.0025	0.0026	8050
pc:head:after	6	2.17	System.Text.Json.dll	n=6;h=7C8B77FF	5000	0.0033	0.0033	0.0034	8538
pc:head:after	6	2.17	NuGet.Packaging.dll	n=6;h=10648FC9	5000	0.0032	0.0032	0.0034	11090
pc:head:after	6	2.17	Microsoft.CodeAnalysis.CSharp.dll	n=6;h=83A9E69E	5000	0.0025	0.0024	0.0025	7642
pc:head:after	6	2.17	System.Private.CoreLib.dll	n=6;h=8CF51FF1	5000	0.0036	0.0035	0.0037	7410
pc:head:nlinq	6	2.17	CommandLine.dll	n=6;h=38398B5E	5000	0.0043	0.0042	0.0048	10274
pc:head:nlinq	6	2.17	Humanizer.dll	n=6;h=D93A2D05	5000	0.0027	0.0027	0.0027	8274
pc:head:nlinq	6	2.17	Mono.Cecil.dll	n=6;h=EAFAA362	5000	0.0027	0.0027	0.0028	8042
pc:head:nlinq	6	2.17	Newtonsoft.Json.dll	n=6;h=A4332D4B	5000	0.0026	0.0025	0.0027	7986
pc:head:nlinq	6	2.17	System.Text.Json.dll	n=6;h=7C8B77FF	5000	0.0045	0.0044	0.0047	8474
pc:head:nlinq	6	2.17	NuGet.Packaging.dll	n=6;h=10648FC9	5000	0.0039	0.0038	0.0040	11026
pc:head:nlinq	6	2.17	Microsoft.CodeAnalysis.CSharp.dll	n=6;h=83A9E69E	5000	0.0026	0.0025	0.0028	7578
pc:head:nlinq	6	2.17	System.Private.CoreLib.dll	n=6;h=8CF51FF1	5000	0.0050	0.0049	0.0050	7346
pc:head:linq	6	2.17	CommandLine.dll	n=6;h=38398B5E	5000	0.0074	0.0073	0.0080	17810
pc:head:linq	6	2.17	Humanizer.dll	n=6;h=D93A2D05	5000	0.0033	0.0032	0.0034	10706
pc:head:linq	6	2.17	Mono.Cecil.dll	n=6;h=EAFAA362	5000	0.0032	0.0031	0.0033	10242
pc:head:linq	6	2.17	Newtonsoft.Json.dll	n=6;h=A4332D4B	5000	0.0031	0.0031	0.0032	10186
pc:head:linq	6	2.17	System.Text.Json.dll	n=6;h=7C8B77FF	5000	0.0072	0.0070	0.0073	10674
pc:head:linq	6	2.17	NuGet.Packaging.dll	n=6;h=10648FC9	5000	0.0057	0.0056	0.0058	15082
pc:head:linq	6	2.17	Microsoft.CodeAnalysis.CSharp.dll	n=6;h=83A9E69E	5000	0.0034	0.0033	0.0035	10242
pc:head:linq	6	2.17	System.Private.CoreLib.dll	n=6;h=8CF51FF1	5000	0.0101	0.0100	0.0103	18594
pc:head:mat	6	2.17	CommandLine.dll	n=6;h=38398B5E	5000	0.1562	0.1542	0.1662	621138
pc:head:mat	6	2.17	Humanizer.dll	n=6;h=D93A2D05	5000	0.1483	0.1470	0.1580	584370
pc:head:mat	6	2.17	Mono.Cecil.dll	n=6;h=EAFAA362	5000	0.2385	0.2345	0.2675	830810
pc:head:mat	6	2.17	Newtonsoft.Json.dll	n=6;h=A4332D4B	5000	0.3695	0.3625	0.4771	1352946
pc:head:mat	6	2.17	System.Text.Json.dll	n=6;h=7C8B77FF	5000	0.3471	0.3399	0.4633	1390266
pc:head:mat	6	2.17	NuGet.Packaging.dll	n=6;h=10648FC9	5000	0.2725	0.2660	0.3377	994946
pc:head:mat	6	2.17	Microsoft.CodeAnalysis.CSharp.dll	n=6;h=83A9E69E	196	10.2074	7.1171	14.0410	16475865
pc:head:mat	6	2.17	System.Private.CoreLib.dll	n=6;h=8CF51FF1	130	15.5481	11.5863	18.8207	26123717
pc:head:old	6	2.27	CommandLine.dll	n=3;h=12419554	5000	0.1945	0.1921	0.2054	613595
pc:head:old	6	2.27	Humanizer.dll	n=0;h=811C9DC5	5000	0.2124	0.2089	0.2242	761690
pc:head:old	6	2.27	Mono.Cecil.dll	n=0;h=811C9DC5	5000	0.2737	0.2654	0.2985	760146
pc:head:old	6	2.27	Newtonsoft.Json.dll	n=6;h=B04DE5BE	3389	0.5574	0.5457	0.7197	1751468
pc:head:old	6	2.27	System.Text.Json.dll	n=6;h=76C2CF24	3787	0.5003	0.4906	0.6364	1662724
pc:head:old	6	2.27	NuGet.Packaging.dll	n=6;h=EA087BB8	3690	0.4918	0.4820	0.7569	1478722
pc:head:old	6	2.27	Microsoft.CodeAnalysis.CSharp.dll	n=0;h=811C9DC5	478	4.1794	4.1376	4.2465	9857473
pc:head:old	6	2.27	System.Private.CoreLib.dll	n=6;h=45A86D54	129	14.9093	14.5077	18.8189	36699327
pc:count:after	6	2.30	CommandLine.dll	c=403	5000	0.0125	0.0124	0.0133	5018
pc:count:after	6	2.30	Humanizer.dll	c=735	5000	0.0203	0.0201	0.0205	5018
pc:count:after	6	2.30	Mono.Cecil.dll	c=992	5000	0.0385	0.0382	0.0390	5018
pc:count:after	6	2.30	Newtonsoft.Json.dll	c=1509	5000	0.0455	0.0452	0.0463	5018
pc:count:after	6	2.30	System.Text.Json.dll	c=1337	5000	0.0388	0.0385	0.0392	5018
pc:count:after	6	2.30	NuGet.Packaging.dll	c=999	5000	0.0356	0.0353	0.0360	5018
pc:count:after	6	2.30	Microsoft.CodeAnalysis.CSharp.dll	c=13161	5000	0.3938	0.3898	0.4027	5018
pc:count:after	6	2.30	System.Private.CoreLib.dll	c=22475	4014	0.4968	0.4925	0.5051	5008
pc:count:nlinq	6	2.28	CommandLine.dll	c=403	5000	0.0179	0.0177	0.0187	4362
pc:count:nlinq	6	2.28	Humanizer.dll	c=735	5000	0.0244	0.0241	0.0246	4362
pc:count:nlinq	6	2.28	Mono.Cecil.dll	c=992	5000	0.0462	0.0461	0.0467	4362
pc:count:nlinq	6	2.28	Newtonsoft.Json.dll	c=1509	5000	0.0578	0.0576	0.0586	4362
pc:count:nlinq	6	2.28	System.Text.Json.dll	c=1337	5000	0.0503	0.0501	0.0517	4362
pc:count:nlinq	6	2.28	NuGet.Packaging.dll	c=999	5000	0.0465	0.0463	0.0478	4362
pc:count:nlinq	6	2.28	Microsoft.CodeAnalysis.CSharp.dll	c=13161	3888	0.5144	0.5066	0.5235	4352
pc:count:nlinq	6	2.28	System.Private.CoreLib.dll	c=22475	3373	0.5927	0.5862	0.5994	4355
pc:count:linq	6	2.33	CommandLine.dll	c=403	5000	0.2043	0.2028	0.2158	652250
pc:count:linq	6	2.33	Humanizer.dll	c=735	5000	0.1906	0.1893	0.2019	573866
pc:count:linq	6	2.33	Mono.Cecil.dll	c=992	5000	0.3183	0.3155	0.3487	839658
pc:count:linq	6	2.33	Newtonsoft.Json.dll	c=1509	4116	0.4781	0.4718	0.5122	1335015
pc:count:linq	6	2.33	System.Text.Json.dll	c=1337	4311	0.4469	0.4390	0.4815	1343286
pc:count:linq	6	2.33	NuGet.Packaging.dll	c=999	5000	0.3806	0.3760	0.4140	1063018
pc:count:linq	6	2.33	Microsoft.CodeAnalysis.CSharp.dll	c=13161	383	5.2017	5.1649	5.2532	16032717
pc:count:linq	6	2.33	System.Private.CoreLib.dll	c=22475	254	7.8454	7.8122	8.1730	24620935
pc:count:mat	6	2.27	CommandLine.dll	c=403	5000	0.1560	0.1547	0.1662	620850
pc:count:mat	6	2.27	Humanizer.dll	c=735	5000	0.1484	0.1473	0.1579	584082
pc:count:mat	6	2.27	Mono.Cecil.dll	c=992	5000	0.2385	0.2347	0.2705	830522
pc:count:mat	6	2.27	Newtonsoft.Json.dll	c=1509	5000	0.3700	0.3644	0.4918	1352658
pc:count:mat	6	2.27	System.Text.Json.dll	c=1337	5000	0.3464	0.3391	0.4559	1389978
pc:count:mat	6	2.27	NuGet.Packaging.dll	c=999	5000	0.2702	0.2643	0.3364	994658
pc:count:mat	6	2.27	Microsoft.CodeAnalysis.CSharp.dll	c=13161	197	10.0271	7.1138	13.9137	16475580
pc:count:mat	6	2.27	System.Private.CoreLib.dll	c=22475	131	15.6741	11.5388	18.7095	26123416
