pc:exists:linq	1	2.53	CommandLine.dll	true	5000	0.0079	0.0065	0.0122	11490
pc:exists:linq	1	2.53	Humanizer.dll	true	5000	0.0021	0.0019	0.0022	5818
pc:exists:linq	1	2.53	Mono.Cecil.dll	true	5000	0.0018	0.0017	0.0020	5818
pc:exists:linq	1	2.53	Newtonsoft.Json.dll	true	5000	0.0018	0.0017	0.0020	5818
pc:exists:linq	1	2.53	System.Text.Json.dll	true	5000	0.0019	0.0017	0.0020	6154
pc:exists:linq	1	2.53	NuGet.Packaging.dll	true	5000	0.0041	0.0037	0.0042	9490
pc:exists:linq	1	2.53	Microsoft.CodeAnalysis.CSharp.dll	true	5000	0.0021	0.0020	0.0023	6282
pc:exists:linq	1	2.53	System.Private.CoreLib.dll	true	5000	0.0041	0.0037	0.0042	7530
pc:exists:nlinq	1	2.53	CommandLine.dll	true	5000	0.0026	0.0024	0.0031	4370
pc:exists:nlinq	1	2.53	Humanizer.dll	true	5000	0.0016	0.0015	0.0017	4370
pc:exists:nlinq	1	2.53	Mono.Cecil.dll	true	5000	0.0016	0.0014	0.0017	4370
pc:exists:nlinq	1	2.53	Newtonsoft.Json.dll	true	5000	0.0016	0.0015	0.0017	4370
pc:exists:nlinq	1	2.53	System.Text.Json.dll	true	5000	0.0016	0.0015	0.0017	4370
pc:exists:nlinq	1	2.53	NuGet.Packaging.dll	true	5000	0.0022	0.0020	0.0023	4370
pc:exists:nlinq	1	2.53	Microsoft.CodeAnalysis.CSharp.dll	true	5000	0.0017	0.0015	0.0018	4370
pc:exists:nlinq	1	2.53	System.Private.CoreLib.dll	true	5000	0.0024	0.0022	0.0025	4370
pc:exists:after	1	2.53	CommandLine.dll	true	5000	0.0017	0.0016	0.0023	5026
pc:exists:after	1	2.53	Humanizer.dll	true	5000	0.0017	0.0015	0.0018	5026
pc:exists:after	1	2.53	Mono.Cecil.dll	true	5000	0.0017	0.0015	0.0018	5026
pc:exists:after	1	2.53	Newtonsoft.Json.dll	true	5000	0.0017	0.0015	0.0018	5026
pc:exists:after	1	2.53	System.Text.Json.dll	true	5000	0.0017	0.0015	0.0018	5026
pc:exists:after	1	2.53	NuGet.Packaging.dll	true	5000	0.0017	0.0016	0.0019	5026
pc:exists:after	1	2.53	Microsoft.CodeAnalysis.CSharp.dll	true	5000	0.0017	0.0015	0.0018	5026
pc:exists:after	1	2.53	System.Private.CoreLib.dll	true	5000	0.0020	0.0018	0.0021	5026
pa:exists:old	1	2.53	CommandLine.dll	true	5000	0.1924	0.1853	0.1955	613465
pa:exists:old	1	2.53	Humanizer.dll	false	5000	0.2088	0.2030	0.2137	761658
pa:exists:old	1	2.53	Mono.Cecil.dll	false	5000	0.2650	0.2584	0.2706	760114
pa:exists:old	1	2.53	Newtonsoft.Json.dll	true	3473	0.5442	0.5331	0.7095	1751198
pa:exists:old	1	2.53	System.Text.Json.dll	true	3795	0.4952	0.4818	0.6567	1662134
pa:exists:old	1	2.53	NuGet.Packaging.dll	true	3748	0.4815	0.4713	0.7746	1478359
pa:exists:old	1	2.53	Microsoft.CodeAnalysis.CSharp.dll	false	488	4.1012	4.0497	4.1590	9857441
pa:exists:old	1	2.53	System.Private.CoreLib.dll	true	134	14.4447	13.9356	18.0552	36602058
pa:exists:nlinq	1	2.69	CommandLine.dll	true	5000	0.0376	0.0373	0.0379	152322
pa:exists:nlinq	1	2.69	Humanizer.dll	false	5000	0.0922	0.0916	0.0935	301202
pa:exists:nlinq	1	2.69	Mono.Cecil.dll	false	5000	0.0912	0.0881	0.0920	104690
pa:exists:nlinq	1	2.69	Newtonsoft.Json.dll	true	5000	0.0346	0.0341	0.0349	152898
pa:exists:nlinq	1	2.69	System.Text.Json.dll	true	5000	0.0045	0.0044	0.0047	5058
pa:exists:nlinq	1	2.69	NuGet.Packaging.dll	true	5000	0.0236	0.0234	0.0240	68354
pa:exists:nlinq	1	2.69	Microsoft.CodeAnalysis.CSharp.dll	false	1269	1.5697	1.5502	1.6068	2331122
pa:exists:nlinq	1	2.69	System.Private.CoreLib.dll	true	1489	1.3055	1.2739	1.3412	3885262
pa:exists:after	1	2.72	CommandLine.dll	true	5000	0.0347	0.0345	0.0352	152978
pa:exists:after	1	2.72	Humanizer.dll	false	5000	0.0842	0.0835	0.0848	301858
pa:exists:after	1	2.72	Mono.Cecil.dll	false	5000	0.0710	0.0702	0.0735	105346
pa:exists:after	1	2.72	Newtonsoft.Json.dll	true	5000	0.0334	0.0331	0.0337	153554
pa:exists:after	1	2.72	System.Text.Json.dll	true	5000	0.0034	0.0033	0.0035	5714
pa:exists:after	1	2.72	NuGet.Packaging.dll	true	5000	0.0218	0.0215	0.0220	69010
pa:exists:after	1	2.72	Microsoft.CodeAnalysis.CSharp.dll	false	1462	1.3678	1.3385	1.4060	2331774
pa:exists:after	1	2.72	System.Private.CoreLib.dll	true	1616	1.2328	1.2126	1.2663	3885916
pc:count:naive	1	2.74	CommandLine.dll	c=403	5000	0.1656	0.1626	0.1678	621730
pc:count:naive	1	2.74	Humanizer.dll	c=735	5000	0.1617	0.1609	0.1630	584962
pc:count:naive	1	2.74	Mono.Cecil.dll	c=992	5000	0.2664	0.2620	0.2895	831402
pc:count:naive	1	2.74	Newtonsoft.Json.dll	c=1509	4654	0.4017	0.3967	0.5847	1353540
pc:count:naive	1	2.74	System.Text.Json.dll	c=1337	4900	0.3812	0.3788	0.5669	1390858
pc:count:naive	1	2.74	NuGet.Packaging.dll	c=999	5000	0.2995	0.2953	0.3672	995538
pc:count:naive	1	2.74	Microsoft.CodeAnalysis.CSharp.dll	c=13161	199	10.0672	7.1607	13.7251	16476455
pc:count:naive	1	2.74	System.Private.CoreLib.dll	c=22475	130	15.7312	11.5620	18.7209	26124228
pc:count:linq	1	3.03	CommandLine.dll	c=403	5000	0.2038	0.2026	0.2079	652250
pc:count:linq	1	3.03	Humanizer.dll	c=735	5000	0.1910	0.1900	0.1926	573866
pc:count:linq	1	3.03	Mono.Cecil.dll	c=992	5000	0.3181	0.3166	0.3399	839658
pc:count:linq	1	3.03	Newtonsoft.Json.dll	c=1509	4132	0.4764	0.4738	0.5106	1335015
pc:count:linq	1	3.03	System.Text.Json.dll	c=1337	4426	0.4436	0.4422	0.4781	1343285
pc:count:linq	1	3.03	NuGet.Packaging.dll	c=999	5000	0.3805	0.3789	0.4142	1063018
pc:count:linq	1	3.03	Microsoft.CodeAnalysis.CSharp.dll	c=13161	385	5.1845	5.1523	5.2586	16032717
pc:count:linq	1	3.03	System.Private.CoreLib.dll	c=22475	257	7.7556	7.7233	8.0917	24620871
pc:count:nlinq	1	2.94	CommandLine.dll	c=403	5000	0.0178	0.0177	0.0185	4362
pc:count:nlinq	1	2.94	Humanizer.dll	c=735	5000	0.0242	0.0241	0.0243	4362
pc:count:nlinq	1	2.94	Mono.Cecil.dll	c=992	5000	0.0461	0.0459	0.0465	4362
pc:count:nlinq	1	2.94	Newtonsoft.Json.dll	c=1509	5000	0.0577	0.0575	0.0580	4362
pc:count:nlinq	1	2.94	System.Text.Json.dll	c=1337	5000	0.0502	0.0500	0.0506	4362
pc:count:nlinq	1	2.94	NuGet.Packaging.dll	c=999	5000	0.0470	0.0469	0.0473	4362
pc:count:nlinq	1	2.94	Microsoft.CodeAnalysis.CSharp.dll	c=13161	3911	0.5136	0.5065	0.5149	4352
pc:count:nlinq	1	2.94	System.Private.CoreLib.dll	c=22475	3401	0.5872	0.5853	0.5925	4355
pc:count:after	1	2.94	CommandLine.dll	c=403	5000	0.0125	0.0124	0.0130	5018
pc:count:after	1	2.94	Humanizer.dll	c=735	5000	0.0203	0.0201	0.0205	5018
pc:count:after	1	2.94	Mono.Cecil.dll	c=992	5000	0.0382	0.0380	0.0385	5018
pc:count:after	1	2.94	Newtonsoft.Json.dll	c=1509	5000	0.0457	0.0455	0.0460	5018
pc:count:after	1	2.94	System.Text.Json.dll	c=1337	5000	0.0388	0.0386	0.0391	5018
pc:count:after	1	2.94	NuGet.Packaging.dll	c=999	5000	0.0358	0.0356	0.0360	5018
pc:count:after	1	2.94	Microsoft.CodeAnalysis.CSharp.dll	c=13161	5000	0.3900	0.3876	0.3919	5018
pc:count:after	1	2.94	System.Private.CoreLib.dll	c=22475	4062	0.4926	0.4884	0.4946	5008
pa:count:old	1	2.87	CommandLine.dll	c=3	5000	0.1922	0.1890	0.1976	613459
pa:count:old	1	2.87	Humanizer.dll	c=0	5000	0.2087	0.2055	0.2160	761650
pa:count:old	1	2.87	Mono.Cecil.dll	c=0	5000	0.2664	0.2632	0.2723	760106
pa:count:old	1	2.87	Newtonsoft.Json.dll	c=11	3452	0.5471	0.5388	0.7105	1751160
pa:count:old	1	2.87	System.Text.Json.dll	c=8	3800	0.4969	0.4902	0.6496	1662152
pa:count:old	1	2.87	NuGet.Packaging.dll	c=22	3753	0.4847	0.4782	0.7357	1478448
pa:count:old	1	2.87	Microsoft.CodeAnalysis.CSharp.dll	c=0	486	4.1053	4.0592	4.1922	9857433
pa:count:old	1	2.87	System.Private.CoreLib.dll	c=31	132	14.5487	14.2331	18.3489	36601890
pa:count:nlinq	1	2.89	CommandLine.dll	c=3	5000	0.0696	0.0692	0.0701	258842
pa:count:nlinq	1	2.89	Humanizer.dll	c=0	5000	0.0872	0.0869	0.0879	301194
pa:count:nlinq	1	2.89	Mono.Cecil.dll	c=0	5000	0.0792	0.0786	0.0805	104682
pa:count:nlinq	1	2.89	Newtonsoft.Json.dll	c=11	5000	0.2439	0.2429	0.2532	793514
pa:count:nlinq	1	2.89	System.Text.Json.dll	c=8	5000	0.2194	0.2182	0.2224	784538
pa:count:nlinq	1	2.89	NuGet.Packaging.dll	c=22	5000	0.1178	0.1169	0.1536	269466
pa:count:nlinq	1	2.89	Microsoft.CodeAnalysis.CSharp.dll	c=0	1370	1.4528	1.4422	1.4926	2331112
pa:count:nlinq	1	2.89	System.Private.CoreLib.dll	c=31	598	3.3462	3.3302	3.3709	8874491
pa:count:after	1	2.91	CommandLine.dll	c=3	5000	0.0640	0.0637	0.0645	259498
pa:count:after	1	2.91	Humanizer.dll	c=0	5000	0.0844	0.0840	0.0852	301850
pa:count:after	1	2.91	Mono.Cecil.dll	c=0	5000	0.0715	0.0710	0.0727	105338
pa:count:after	1	2.91	Newtonsoft.Json.dll	c=11	5000	0.2316	0.2301	0.2367	794170
pa:count:after	1	2.91	System.Text.Json.dll	c=8	5000	0.2070	0.2054	0.2106	785194
pa:count:after	1	2.91	NuGet.Packaging.dll	c=22	5000	0.1070	0.1059	0.1078	270122
pa:count:after	1	2.91	Microsoft.CodeAnalysis.CSharp.dll	c=0	1447	1.3758	1.3632	1.4151	2331766
pa:count:after	1	2.91	System.Private.CoreLib.dll	c=31	605	3.3097	3.2872	3.3349	8875147
pc:head:naive	1	2.92	CommandLine.dll	n=6;h=38398B5E	5000	0.1666	0.1659	0.1744	621994
pc:head:naive	1	2.92	Humanizer.dll	n=6;h=D93A2D05	5000	0.1609	0.1599	0.1660	585226
pc:head:naive	1	2.92	Mono.Cecil.dll	n=6;h=EAFAA362	5000	0.2639	0.2614	0.2940	831666
pc:head:naive	1	2.92	Newtonsoft.Json.dll	n=6;h=A4332D4B	4682	0.3986	0.3964	0.5811	1353804
pc:head:naive	1	2.92	System.Text.Json.dll	n=6;h=7C8B77FF	4927	0.3785	0.3751	0.5690	1391122
pc:head:naive	1	2.92	NuGet.Packaging.dll	n=6;h=10648FC9	5000	0.2998	0.2957	0.3650	995802
pc:head:naive	1	2.92	Microsoft.CodeAnalysis.CSharp.dll	n=6;h=83A9E69E	197	10.2432	7.2245	13.8277	16476731
pc:head:naive	1	2.92	System.Private.CoreLib.dll	n=6;h=8CF51FF1	130	15.8120	11.7623	18.8433	26124616
pc:head:linq	1	3.02	CommandLine.dll	n=6;h=38398B5E	5000	0.0075	0.0074	0.0077	17810
pc:head:linq	1	3.02	Humanizer.dll	n=6;h=D93A2D05	5000	0.0033	0.0032	0.0035	10706
pc:head:linq	1	3.02	Mono.Cecil.dll	n=6;h=EAFAA362	5000	0.0032	0.0032	0.0034	10242
pc:head:linq	1	3.02	Newtonsoft.Json.dll	n=6;h=A4332D4B	5000	0.0032	0.0031	0.0033	10186
pc:head:linq	1	3.02	System.Text.Json.dll	n=6;h=7C8B77FF	5000	0.0073	0.0072	0.0075	10674
pc:head:linq	1	3.02	NuGet.Packaging.dll	n=6;h=10648FC9	5000	0.0057	0.0056	0.0058	15082
pc:head:linq	1	3.02	Microsoft.CodeAnalysis.CSharp.dll	n=6;h=83A9E69E	5000	0.0034	0.0033	0.0035	10242
pc:head:linq	1	3.02	System.Private.CoreLib.dll	n=6;h=8CF51FF1	5000	0.0101	0.0100	0.0102	18594
pc:head:nlinq	1	3.02	CommandLine.dll	n=6;h=38398B5E	5000	0.0042	0.0041	0.0044	10274
pc:head:nlinq	1	3.02	Humanizer.dll	n=6;h=D93A2D05	5000	0.0027	0.0026	0.0027	8274
pc:head:nlinq	1	3.02	Mono.Cecil.dll	n=6;h=EAFAA362	5000	0.0027	0.0027	0.0027	8042
pc:head:nlinq	1	3.02	Newtonsoft.Json.dll	n=6;h=A4332D4B	5000	0.0026	0.0026	0.0027	7986
pc:head:nlinq	1	3.02	System.Text.Json.dll	n=6;h=7C8B77FF	5000	0.0042	0.0042	0.0043	8474
pc:head:nlinq	1	3.02	NuGet.Packaging.dll	n=6;h=10648FC9	5000	0.0039	0.0038	0.0040	11026
pc:head:nlinq	1	3.02	Microsoft.CodeAnalysis.CSharp.dll	n=6;h=83A9E69E	5000	0.0026	0.0024	0.0027	7578
pc:head:nlinq	1	3.02	System.Private.CoreLib.dll	n=6;h=8CF51FF1	5000	0.0047	0.0047	0.0048	7346
pc:head:after	1	3.02	CommandLine.dll	n=6;h=38398B5E	5000	0.0032	0.0031	0.0035	10338
pc:head:after	1	3.02	Humanizer.dll	n=6;h=D93A2D05	5000	0.0025	0.0025	0.0026	8338
pc:head:after	1	3.02	Mono.Cecil.dll	n=6;h=EAFAA362	5000	0.0026	0.0025	0.0027	8106
pc:head:after	1	3.02	Newtonsoft.Json.dll	n=6;h=A4332D4B	5000	0.0025	0.0025	0.0026	8050
pc:head:after	1	3.02	System.Text.Json.dll	n=6;h=7C8B77FF	5000	0.0033	0.0033	0.0034	8538
pc:head:after	1	3.02	NuGet.Packaging.dll	n=6;h=10648FC9	5000	0.0032	0.0031	0.0033	11090
pc:head:after	1	3.02	Microsoft.CodeAnalysis.CSharp.dll	n=6;h=83A9E69E	5000	0.0025	0.0024	0.0025	7642
pc:head:after	1	3.02	System.Private.CoreLib.dll	n=6;h=8CF51FF1	5000	0.0036	0.0035	0.0037	7410
pa:head:old	1	3.02	CommandLine.dll	n=3;names=003D5581	5000	0.1927	0.1893	0.1966	613687
pa:head:old	1	3.02	Humanizer.dll	n=0;names=811C9DC5	5000	0.2099	0.2067	0.2207	761746
pa:head:old	1	3.02	Mono.Cecil.dll	n=0;names=811C9DC5	5000	0.2677	0.2629	0.2739	760202
pa:head:old	1	3.02	Newtonsoft.Json.dll	n=6;names=D2C3079F	3432	0.5517	0.5435	0.7070	1751529
pa:head:old	1	3.02	System.Text.Json.dll	n=6;names=E380D9F1	3771	0.4990	0.4907	0.6515	1662501
pa:head:old	1	3.02	NuGet.Packaging.dll	n=6;names=C5650123	3746	0.4853	0.4761	0.7334	1478608
pa:head:old	1	3.02	Microsoft.CodeAnalysis.CSharp.dll	n=0;names=811C9DC5	481	4.1501	4.1142	4.2338	9857529
pa:head:old	1	3.02	System.Private.CoreLib.dll	n=6;names=712F80E9	132	14.6392	14.2731	18.4199	36602415
pa:head:nlinq	1	3.01	CommandLine.dll	n=3;names=003D5581	5000	0.0741	0.0737	0.0763	265946
pa:head:nlinq	1	3.01	Humanizer.dll	n=0;names=811C9DC5	5000	0.0915	0.0910	0.0923	301394
pa:head:nlinq	1	3.01	Mono.Cecil.dll	n=0;names=811C9DC5	5000	0.0893	0.0887	0.0900	104882
pa:head:nlinq	1	3.01	Newtonsoft.Json.dll	n=6;names=D2C3079F	5000	0.1722	0.1711	0.1754	576642
pa:head:nlinq	1	3.01	System.Text.Json.dll	n=6;names=E380D9F1	5000	0.1562	0.1537	0.1583	601850
pa:head:nlinq	1	3.01	NuGet.Packaging.dll	n=6;names=C5650123	5000	0.0419	0.0417	0.0421	122242
pa:head:nlinq	1	3.01	Microsoft.CodeAnalysis.CSharp.dll	n=0;names=811C9DC5	1283	1.5515	1.5379	1.5908	2331313
pa:head:nlinq	1	3.01	System.Private.CoreLib.dll	n=6;names=712F80E9	1530	1.2964	1.2830	1.3318	3902149
pa:head:after	1	2.93	CommandLine.dll	n=3;names=003D5581	5000	0.0652	0.0649	0.0656	266106
pa:head:after	1	2.93	Humanizer.dll	n=0;names=811C9DC5	5000	0.0846	0.0838	0.0852	301458
pa:head:after	1	2.93	Mono.Cecil.dll	n=0;names=811C9DC5	5000	0.0727	0.0715	0.0732	104946
pa:head:after	1	2.93	Newtonsoft.Json.dll	n=6;names=D2C3079F	5000	0.1597	0.1590	0.1619	576706
pa:head:after	1	2.93	System.Text.Json.dll	n=6;names=E380D9F1	5000	0.1453	0.1439	0.1468	601914
pa:head:after	1	2.93	NuGet.Packaging.dll	n=6;names=C5650123	5000	0.0384	0.0382	0.0387	122306
pa:head:after	1	2.93	Microsoft.CodeAnalysis.CSharp.dll	n=0;names=811C9DC5	1426	1.3968	1.3825	1.4343	2331375
pa:head:after	1	2.93	System.Private.CoreLib.dll	n=6;names=712F80E9	1580	1.2571	1.2409	1.2914	3902212
pc:tail:naive	1	2.87	CommandLine.dll	n=6;h=2C0D37C1	5000	0.1660	0.1652	0.1681	622266
pc:tail:naive	1	2.87	Humanizer.dll	n=6;h=91D17220	5000	0.1620	0.1614	0.1639	585498
pc:tail:naive	1	2.87	Mono.Cecil.dll	n=6;h=3891C1A0	5000	0.2630	0.2599	0.3047	831938
pc:tail:naive	1	2.87	Newtonsoft.Json.dll	n=6;h=7111BB62	4650	0.4014	0.3977	0.5839	1354076
pc:tail:naive	1	2.87	System.Text.Json.dll	n=6;h=51F1B225	4735	0.3792	0.3752	0.5767	1391395
pc:tail:naive	1	2.87	NuGet.Packaging.dll	n=6;h=233EB48F	5000	0.3009	0.2971	0.3586	996074
pc:tail:naive	1	2.87	Microsoft.CodeAnalysis.CSharp.dll	n=6;h=DBA5688B	193	10.4255	7.2547	14.1876	16477023
pc:tail:naive	1	2.87	System.Private.CoreLib.dll	n=6;h=BC20A3BD	130	15.7995	11.7191	18.6527	26124728
pc:tail:linq	1	2.89	CommandLine.dll	n=6;h=2C0D37C1	5000	0.2091	0.2075	0.2115	653098
pc:tail:linq	1	2.89	Humanizer.dll	n=6;h=91D17220	5000	0.2004	0.1992	0.2020	574714
pc:tail:linq	1	2.89	Mono.Cecil.dll	n=6;h=3891C1A0	5000	0.3308	0.3293	0.3676	840506
pc:tail:linq	1	2.89	Newtonsoft.Json.dll	n=6;h=7111BB62	3971	0.4939	0.4913	0.5328	1335848
pc:tail:linq	1	2.89	System.Text.Json.dll	n=6;h=51F1B225	4258	0.4599	0.4577	0.4992	1344134
pc:tail:linq	1	2.89	NuGet.Packaging.dll	n=6;h=233EB48F	5000	0.3917	0.3897	0.4305	1063866
pc:tail:linq	1	2.89	Microsoft.CodeAnalysis.CSharp.dll	n=6;h=DBA5688B	374	5.3243	5.3002	5.4653	16033566
pc:tail:linq	1	2.89	System.Private.CoreLib.dll	n=6;h=BC20A3BD	248	8.0286	8.0037	8.3821	24621724
pc:tail:nlinq	1	2.84	CommandLine.dll	n=6;h=2C0D37C1	5000	0.0240	0.0239	0.0247	10122
pc:tail:nlinq	1	2.84	Humanizer.dll	n=6;h=91D17220	5000	0.0307	0.0306	0.0309	6810
pc:tail:nlinq	1	2.84	Mono.Cecil.dll	n=6;h=3891C1A0	5000	0.0583	0.0580	0.0591	8978
pc:tail:nlinq	1	2.84	Newtonsoft.Json.dll	n=6;h=7111BB62	5000	0.0740	0.0730	0.0745	9506
pc:tail:nlinq	1	2.84	System.Text.Json.dll	n=6;h=51F1B225	5000	0.0643	0.0641	0.0648	10266
pc:tail:nlinq	1	2.84	NuGet.Packaging.dll	n=6;h=233EB48F	5000	0.0591	0.0588	0.0598	6394
pc:tail:nlinq	1	2.84	Microsoft.CodeAnalysis.CSharp.dll	n=6;h=DBA5688B	3083	0.6461	0.6419	0.6555	9141
pc:tail:nlinq	1	2.84	System.Private.CoreLib.dll	n=6;h=BC20A3BD	2712	0.7368	0.7322	0.7429	9280
pc:tail:after	1	2.77	CommandLine.dll	n=6;h=2C0D37C1	5000	0.0131	0.0130	0.0136	9874
pc:tail:after	1	2.77	Humanizer.dll	n=6;h=91D17220	5000	0.0197	0.0197	0.0199	6562
pc:tail:after	1	2.77	Mono.Cecil.dll	n=6;h=3891C1A0	5000	0.0366	0.0364	0.0368	8730
pc:tail:after	1	2.77	Newtonsoft.Json.dll	n=6;h=7111BB62	5000	0.0447	0.0445	0.0449	9258
pc:tail:after	1	2.77	System.Text.Json.dll	n=6;h=51F1B225	5000	0.0380	0.0377	0.0382	10018
pc:tail:after	1	2.77	NuGet.Packaging.dll	n=6;h=233EB48F	5000	0.0342	0.0340	0.0344	6146
pc:tail:after	1	2.77	Microsoft.CodeAnalysis.CSharp.dll	n=6;h=DBA5688B	5000	0.3632	0.3558	0.3710	8898
pc:tail:after	1	2.77	System.Private.CoreLib.dll	n=6;h=BC20A3BD	4275	0.4680	0.4626	0.4697	9038
pa:tail:old	1	2.95	CommandLine.dll	n=3;names=003D5581	5000	0.1921	0.1896	0.1965	613855
pa:tail:old	1	2.95	Humanizer.dll	n=0;names=811C9DC5	5000	0.2090	0.2061	0.2135	761786
pa:tail:old	1	2.95	Mono.Cecil.dll	n=0;names=811C9DC5	5000	0.2683	0.2641	0.3010	760242
pa:tail:old	1	2.95	Newtonsoft.Json.dll	n=6;names=DBFE2D1D	3397	0.5525	0.5439	0.7205	1751877
pa:tail:old	1	2.95	System.Text.Json.dll	n=6;names=D5D3B3F0	3727	0.4953	0.4880	0.6926	1662659
pa:tail:old	1	2.95	NuGet.Packaging.dll	n=6;names=42CFFD24	3760	0.4835	0.4753	0.7362	1478948
pa:tail:old	1	2.95	Microsoft.CodeAnalysis.CSharp.dll	n=0;names=811C9DC5	484	4.1365	4.0863	4.2122	9857569
pa:tail:old	1	2.95	System.Private.CoreLib.dll	n=6;names=09E175C7	131	14.6432	14.2907	18.5009	36602408
pa:tail:nlinq	1	2.97	CommandLine.dll	n=3;names=003D5581	5000	0.0736	0.0732	0.0741	266218
pa:tail:nlinq	1	2.97	Humanizer.dll	n=0;names=811C9DC5	5000	0.0900	0.0892	0.0906	301570
pa:tail:nlinq	1	2.97	Mono.Cecil.dll	n=0;names=811C9DC5	5000	0.0872	0.0864	0.0877	105058
pa:tail:nlinq	1	2.97	Newtonsoft.Json.dll	n=6;names=DBFE2D1D	5000	0.2529	0.2507	0.2641	802250
pa:tail:nlinq	1	2.97	System.Text.Json.dll	n=6;names=D5D3B3F0	5000	0.2270	0.2257	0.2312	791786
pa:tail:nlinq	1	2.97	NuGet.Packaging.dll	n=6;names=42CFFD24	5000	0.1283	0.1269	0.1294	278370
pa:tail:nlinq	1	2.97	Microsoft.CodeAnalysis.CSharp.dll	n=0;names=811C9DC5	1305	1.5247	1.5117	1.5652	2331489
pa:tail:nlinq	1	2.97	System.Private.CoreLib.dll	n=6;names=09E175C7	585	3.4151	3.3981	3.4429	8879172
pa:tail:after	1	3.04	CommandLine.dll	n=3;names=003D5581	5000	0.0645	0.0642	0.0650	265970
pa:tail:after	1	3.04	Humanizer.dll	n=0;names=811C9DC5	5000	0.0827	0.0822	0.0839	301346
pa:tail:after	1	3.04	Mono.Cecil.dll	n=0;names=811C9DC5	5000	0.0692	0.0683	0.0707	104834
pa:tail:after	1	3.04	Newtonsoft.Json.dll	n=6;names=DBFE2D1D	5000	0.2300	0.2285	0.2394	802002
pa:tail:after	1	3.04	System.Text.Json.dll	n=6;names=D5D3B3F0	5000	0.2056	0.2031	0.2101	791538
pa:tail:after	1	3.04	NuGet.Packaging.dll	n=6;names=42CFFD24	5000	0.1068	0.1062	0.1081	278122
pa:tail:after	1	3.04	Microsoft.CodeAnalysis.CSharp.dll	n=0;names=811C9DC5	1487	1.3392	1.3253	1.3776	2331262
pa:tail:after	1	3.04	System.Private.CoreLib.dll	n=6;names=09E175C7	591	3.2683	3.2429	3.3299	8878924
pc:rows:naive	1	3.12	CommandLine.dll	n=403;h=0DAD55A3	5000	0.1638	0.1627	0.1662	621730
pc:rows:naive	1	3.12	Humanizer.dll	n=735;h=ABE64147	5000	0.1608	0.1602	0.1622	584962
pc:rows:naive	1	3.12	Mono.Cecil.dll	n=992;h=D45F7327	5000	0.2642	0.2630	0.3049	831402
pc:rows:naive	1	3.12	Newtonsoft.Json.dll	n=1509;h=30587641	4675	0.3987	0.3968	0.5840	1353540
pc:rows:naive	1	3.12	System.Text.Json.dll	n=1337;h=15AB9B20	4916	0.3776	0.3752	0.5694	1390858
pc:rows:naive	1	3.12	NuGet.Packaging.dll	n=999;h=910CC3CB	5000	0.2965	0.2923	0.3666	995538
pc:rows:naive	1	3.12	Microsoft.CodeAnalysis.CSharp.dll	n=13161;h=20D748F8	194	10.3472	7.3051	14.1402	16476480
pc:rows:naive	1	3.12	System.Private.CoreLib.dll	n=22475;h=21372B1F	131	15.8027	11.6130	18.6854	26124208
pc:rows:linq	1	3.25	CommandLine.dll	n=403;h=0DAD55A3	5000	0.2075	0.2060	0.2107	676954
pc:rows:linq	1	3.25	Humanizer.dll	n=735;h=ABE64147	5000	0.1994	0.1986	0.2016	623170
pc:rows:linq	1	3.25	Mono.Cecil.dll	n=992;h=D45F7327	5000	0.3290	0.3275	0.3804	888962
pc:rows:linq	1	3.25	Newtonsoft.Json.dll	n=1509;h=30587641	3807	0.4925	0.4895	0.6712	1433481
pc:rows:linq	1	3.25	System.Text.Json.dll	n=1337;h=15AB9B20	4065	0.4582	0.4561	0.6200	1441752
pc:rows:linq	1	3.25	NuGet.Packaging.dll	n=999;h=910CC3CB	4938	0.3892	0.3845	0.4757	1112322
pc:rows:linq	1	3.25	Microsoft.CodeAnalysis.CSharp.dll	n=13161;h=20D748F8	187	10.6988	7.8899	14.1461	16819452
pc:rows:linq	1	3.25	System.Private.CoreLib.dll	n=22475;h=21372B1F	121	16.6559	14.6215	18.5480	26195645
pc:rows:nlinq	1	3.13	CommandLine.dll	n=403;h=0DAD55A3	5000	0.1673	0.1665	0.1697	611426
pc:rows:nlinq	1	3.13	Humanizer.dll	n=735;h=ABE64147	5000	0.1583	0.1577	0.1594	566690
pc:rows:nlinq	1	3.13	Mono.Cecil.dll	n=992;h=D45F7327	5000	0.2590	0.2580	0.2688	806962
pc:rows:nlinq	1	3.13	Newtonsoft.Json.dll	n=1509;h=30587641	4689	0.3930	0.3907	0.5705	1316692
pc:rows:nlinq	1	3.13	System.Text.Json.dll	n=1337;h=15AB9B20	5000	0.3685	0.3651	0.5331	1358138
pc:rows:nlinq	1	3.13	NuGet.Packaging.dll	n=999;h=910CC3CB	5000	0.2959	0.2921	0.3565	970930
pc:rows:nlinq	1	3.13	Microsoft.CodeAnalysis.CSharp.dll	n=13161;h=20D748F8	203	9.9859	6.9962	13.3347	16160022
pc:rows:nlinq	1	3.13	System.Private.CoreLib.dll	n=22475;h=21372B1F	135	15.3318	11.2017	17.9550	25584206
pc:rows:after	1	2.96	CommandLine.dll	n=403;h=0DAD55A3	5000	0.1644	0.1622	0.1662	621730
pc:rows:after	1	2.96	Humanizer.dll	n=735;h=ABE64147	5000	0.1613	0.1606	0.1630	584962
pc:rows:after	1	2.96	Mono.Cecil.dll	n=992;h=D45F7327	5000	0.2659	0.2645	0.2954	831402
pc:rows:after	1	2.96	Newtonsoft.Json.dll	n=1509;h=30587641	4654	0.4007	0.3988	0.5861	1353540
pc:rows:after	1	2.96	System.Text.Json.dll	n=1337;h=15AB9B20	4906	0.3798	0.3776	0.5701	1390858
pc:rows:after	1	2.96	NuGet.Packaging.dll	n=999;h=910CC3CB	5000	0.2977	0.2932	0.3681	995538
pc:rows:after	1	2.96	Microsoft.CodeAnalysis.CSharp.dll	n=13161;h=20D748F8	195	10.2796	7.2792	14.0065	16476500
pc:rows:after	1	2.96	System.Private.CoreLib.dll	n=22475;h=21372B1F	130	15.8238	11.6950	18.7153	26124230
pa:rows:old	1	2.90	CommandLine.dll	n=3;names=003D5581	5000	0.1922	0.1905	0.1962	613459
pa:rows:old	1	2.90	Humanizer.dll	n=0;names=811C9DC5	5000	0.2101	0.2067	0.2151	761650
pa:rows:old	1	2.90	Mono.Cecil.dll	n=0;names=811C9DC5	5000	0.2665	0.2635	0.2715	760106
pa:rows:old	1	2.90	Newtonsoft.Json.dll	n=11;names=DF6BFB0D	3439	0.5495	0.5402	0.7137	1751159
pa:rows:old	1	2.90	System.Text.Json.dll	n=8;names=1113A289	3630	0.4990	0.4904	0.6763	1662150
pa:rows:old	1	2.90	NuGet.Packaging.dll	n=22;names=D7AF274C	3731	0.4857	0.4771	0.7663	1478452
pa:rows:old	1	2.90	Microsoft.CodeAnalysis.CSharp.dll	n=0;names=811C9DC5	483	4.1443	4.0913	4.2027	9857433
pa:rows:old	1	2.90	System.Private.CoreLib.dll	n=31;names=A234A9CC	132	14.6031	14.2466	18.4105	36601960
pa:rows:nlinq	1	3.47	CommandLine.dll	n=3;names=003D5581	5000	0.0738	0.0733	0.0743	265898
pa:rows:nlinq	1	3.47	Humanizer.dll	n=0;names=811C9DC5	5000	0.0907	0.0903	0.0916	301226
pa:rows:nlinq	1	3.47	Mono.Cecil.dll	n=0;names=811C9DC5	5000	0.0868	0.0864	0.0875	104714
pa:rows:nlinq	1	3.47	Newtonsoft.Json.dll	n=11;names=DF6BFB0D	5000	0.2557	0.2530	0.2659	807970
pa:rows:nlinq	1	3.47	System.Text.Json.dll	n=8;names=1113A289	5000	0.2297	0.2275	0.2348	793594
pa:rows:nlinq	1	3.47	NuGet.Packaging.dll	n=22;names=D7AF274C	5000	0.1358	0.1352	0.1372	310178
pa:rows:nlinq	1	3.47	Microsoft.CodeAnalysis.CSharp.dll	n=0;names=811C9DC5	1293	1.5384	1.5288	1.5774	2331145
pa:rows:nlinq	1	3.47	System.Private.CoreLib.dll	n=31;names=A234A9CC	582	3.4388	3.4213	3.4645	8899332
pa:rows:after	1	3.33	CommandLine.dll	n=3;names=003D5581	5000	0.0710	0.0705	0.0715	266818
pa:rows:after	1	3.33	Humanizer.dll	n=0;names=811C9DC5	5000	0.0936	0.0930	0.0952	302170
pa:rows:after	1	3.33	Mono.Cecil.dll	n=0;names=811C9DC5	5000	0.0924	0.0921	0.0933	105658
pa:rows:after	1	3.33	Newtonsoft.Json.dll	n=11;names=DF6BFB0D	5000	0.2605	0.2585	0.2722	808866
pa:rows:after	1	3.33	System.Text.Json.dll	n=8;names=1113A289	5000	0.2375	0.2366	0.2440	794202
pa:rows:after	1	3.33	NuGet.Packaging.dll	n=22;names=D7AF274C	5000	0.1377	0.1346	0.1391	311338
pa:rows:after	1	3.33	Microsoft.CodeAnalysis.CSharp.dll	n=0;names=811C9DC5	1246	1.5972	1.5869	1.6374	2332090
pa:rows:after	1	3.33	System.Private.CoreLib.dll	n=31;names=A234A9CC	571	3.5037	3.4841	3.5230	8900709
pc:window:naive	1	3.20	CommandLine.dll	n=11;h=9289C8A6	5000	0.1654	0.1646	0.1676	622186
pc:window:naive	1	3.20	Humanizer.dll	n=11;h=13A97420	5000	0.1613	0.1605	0.1628	585418
pc:window:naive	1	3.20	Mono.Cecil.dll	n=11;h=D01076C5	5000	0.2636	0.2620	0.3027	831858
pc:window:naive	1	3.20	Newtonsoft.Json.dll	n=11;h=1E2EEF32	4664	0.3993	0.3960	0.5794	1353996
pc:window:naive	1	3.20	System.Text.Json.dll	n=11;h=BA929ADB	4934	0.3775	0.3727	0.5658	1391314
pc:window:naive	1	3.20	NuGet.Packaging.dll	n=11;h=11E00573	5000	0.2995	0.2947	0.3592	995994
pc:window:naive	1	3.20	Microsoft.CodeAnalysis.CSharp.dll	n=11;h=F4CCA210	193	10.4061	7.3049	14.0980	16476918
pc:window:naive	1	3.20	System.Private.CoreLib.dll	n=11;h=3D959E9B	128	15.9249	11.7374	18.8442	26124911
pc:window:linq	1	3.02	CommandLine.dll	n=11;h=9289C8A6	5000	0.0533	0.0531	0.0537	176450
pc:window:linq	1	3.02	Humanizer.dll	n=11;h=13A97420	5000	0.0282	0.0280	0.0285	89570
pc:window:linq	1	3.02	Mono.Cecil.dll	n=11;h=D01076C5	5000	0.0312	0.0310	0.0316	96170
pc:window:linq	1	3.02	Newtonsoft.Json.dll	n=11;h=1E2EEF32	5000	0.0315	0.0313	0.0319	94954
pc:window:linq	1	3.02	System.Text.Json.dll	n=11;h=BA929ADB	5000	0.0332	0.0329	0.0338	113418
pc:window:linq	1	3.02	NuGet.Packaging.dll	n=11;h=11E00573	5000	0.0351	0.0349	0.0355	104746
pc:window:linq	1	3.02	Microsoft.CodeAnalysis.CSharp.dll	n=11;h=F4CCA210	5000	0.0672	0.0669	0.0679	124674
pc:window:linq	1	3.02	System.Private.CoreLib.dll	n=11;h=3D959E9B	5000	0.0383	0.0380	0.0387	96858
pc:window:nlinq	1	2.93	CommandLine.dll	n=11;h=9289C8A6	5000	0.0090	0.0089	0.0093	19074
pc:window:nlinq	1	2.93	Humanizer.dll	n=11;h=13A97420	5000	0.0063	0.0062	0.0064	12890
pc:window:nlinq	1	2.93	Mono.Cecil.dll	n=11;h=D01076C5	5000	0.0076	0.0075	0.0077	15842
pc:window:nlinq	1	2.93	Newtonsoft.Json.dll	n=11;h=1E2EEF32	5000	0.0086	0.0085	0.0087	16690
pc:window:nlinq	1	2.93	System.Text.Json.dll	n=11;h=BA929ADB	5000	0.0082	0.0081	0.0083	16986
pc:window:nlinq	1	2.93	NuGet.Packaging.dll	n=11;h=11E00573	5000	0.0081	0.0080	0.0083	15378
pc:window:nlinq	1	2.93	Microsoft.CodeAnalysis.CSharp.dll	n=11;h=F4CCA210	5000	0.0201	0.0200	0.0214	15282
pc:window:nlinq	1	2.93	System.Private.CoreLib.dll	n=11;h=3D959E9B	5000	0.0092	0.0090	0.0093	11250
pc:window:after	1	2.93	CommandLine.dll	n=11;h=9289C8A6	5000	0.0073	0.0072	0.0075	19138
pc:window:after	1	2.93	Humanizer.dll	n=11;h=13A97420	5000	0.0056	0.0055	0.0057	12954
pc:window:after	1	2.93	Mono.Cecil.dll	n=11;h=D01076C5	5000	0.0065	0.0065	0.0066	15906
pc:window:after	1	2.93	Newtonsoft.Json.dll	n=11;h=1E2EEF32	5000	0.0073	0.0072	0.0074	16754
pc:window:after	1	2.93	System.Text.Json.dll	n=11;h=BA929ADB	5000	0.0062	0.0062	0.0064	17050
pc:window:after	1	2.93	NuGet.Packaging.dll	n=11;h=11E00573	5000	0.0065	0.0064	0.0066	15442
pc:window:after	1	2.93	Microsoft.CodeAnalysis.CSharp.dll	n=11;h=F4CCA210	5000	0.0116	0.0115	0.0117	15346
pc:window:after	1	2.93	System.Private.CoreLib.dll	n=11;h=3D959E9B	5000	0.0068	0.0067	0.0069	11314
pa:window:old	1	2.93	CommandLine.dll	fail	5000	0.1937	0.1898	0.1971	613465
pa:window:old	1	2.93	Humanizer.dll	fail	5000	0.2099	0.2067	0.2140	761658
pa:window:old	1	2.93	Mono.Cecil.dll	fail	5000	0.2667	0.2638	0.2713	760114
pa:window:old	1	2.93	Newtonsoft.Json.dll	fail	3434	0.5493	0.5407	0.7215	1751195
pa:window:old	1	2.93	System.Text.Json.dll	fail	3763	0.4972	0.4896	0.6673	1662132
pa:window:old	1	2.93	NuGet.Packaging.dll	fail	3716	0.4856	0.4783	0.7755	1478366
pa:window:old	1	2.93	Microsoft.CodeAnalysis.CSharp.dll	fail	483	4.1310	4.1086	4.2032	9857441
pa:window:old	1	2.93	System.Private.CoreLib.dll	fail	131	14.6763	14.2898	18.5774	36602100
pa:window:nlinq	1	2.86	CommandLine.dll	fail	5000	0.0738	0.0734	0.0743	258850
pa:window:nlinq	1	2.86	Humanizer.dll	fail	5000	0.0933	0.0928	0.0953	301202
pa:window:nlinq	1	2.86	Mono.Cecil.dll	fail	5000	0.0911	0.0903	0.0920	104690
pa:window:nlinq	1	2.86	Newtonsoft.Json.dll	fail	5000	0.2557	0.2543	0.2734	793522
pa:window:nlinq	1	2.86	System.Text.Json.dll	fail	5000	0.2307	0.2298	0.2356	784546
pa:window:nlinq	1	2.86	NuGet.Packaging.dll	fail	5000	0.1319	0.1313	0.1333	269474
pa:window:nlinq	1	2.86	Microsoft.CodeAnalysis.CSharp.dll	fail	1172	1.5896	1.5692	1.6550	2331124
pa:window:nlinq	1	2.86	System.Private.CoreLib.dll	fail	546	3.4827	3.4301	3.6750	8874502
pa:window:after	1	2.88	CommandLine.dll	fail	5000	0.0641	0.0637	0.0647	259210
pa:window:after	1	2.88	Humanizer.dll	fail	5000	0.0847	0.0841	0.0859	301562
pa:window:after	1	2.88	Mono.Cecil.dll	fail	5000	0.0730	0.0722	0.0770	105050
pa:window:after	1	2.88	Newtonsoft.Json.dll	fail	5000	0.2333	0.2292	0.2472	793882
pa:window:after	1	2.88	System.Text.Json.dll	fail	5000	0.2025	0.2016	0.2142	784906
pa:window:after	1	2.88	NuGet.Packaging.dll	fail	5000	0.1082	0.1038	0.1091	269834
pa:window:after	1	2.88	Microsoft.CodeAnalysis.CSharp.dll	fail	1428	1.3928	1.3792	1.4319	2331479
pa:window:after	1	2.88	System.Private.CoreLib.dll	fail	601	3.3187	3.2985	3.3577	8874859
pc:exists:naive	1	2.74	CommandLine.dll	true	5000	0.1661	0.1647	0.1688	621738
pc:exists:naive	1	2.74	Humanizer.dll	true	5000	0.1611	0.1604	0.1629	584970
pc:exists:naive	1	2.74	Mono.Cecil.dll	true	5000	0.2640	0.2612	0.3268	831410
pc:exists:naive	1	2.74	Newtonsoft.Json.dll	true	4639	0.4022	0.3985	0.5862	1353548
pc:exists:naive	1	2.74	System.Text.Json.dll	true	4901	0.3794	0.3745	0.5676	1390866
pc:exists:naive	1	2.74	NuGet.Packaging.dll	true	5000	0.3000	0.2956	0.3658	995546
pc:exists:naive	1	2.74	Microsoft.CodeAnalysis.CSharp.dll	true	196	10.3490	7.3219	13.9447	16476488
pc:exists:naive	1	2.74	System.Private.CoreLib.dll	true	129	15.9216	11.8142	18.9426	26124555
pc:exists:linq	2	2.71	CommandLine.dll	true	5000	0.0056	0.0055	0.0062	11490
pc:exists:linq	2	2.71	Humanizer.dll	true	5000	0.0020	0.0019	0.0020	5818
pc:exists:linq	2	2.71	Mono.Cecil.dll	true	5000	0.0020	0.0018	0.0020	5818
pc:exists:linq	2	2.71	Newtonsoft.Json.dll	true	5000	0.0020	0.0019	0.0020	5818
pc:exists:linq	2	2.71	System.Text.Json.dll	true	5000	0.0020	0.0019	0.0021	6154
pc:exists:linq	2	2.71	NuGet.Packaging.dll	true	5000	0.0042	0.0041	0.0043	9490
pc:exists:linq	2	2.71	Microsoft.CodeAnalysis.CSharp.dll	true	5000	0.0023	0.0022	0.0024	6282
pc:exists:linq	2	2.71	System.Private.CoreLib.dll	true	5000	0.0042	0.0042	0.0043	7530
pc:exists:naive	2	2.71	CommandLine.dll	true	5000	0.1660	0.1651	0.1723	621738
pc:exists:naive	2	2.71	Humanizer.dll	true	5000	0.1617	0.1610	0.1631	584970
pc:exists:naive	2	2.71	Mono.Cecil.dll	true	5000	0.2648	0.2605	0.2940	831410
pc:exists:naive	2	2.71	Newtonsoft.Json.dll	true	4602	0.4001	0.3950	0.5870	1353548
pc:exists:naive	2	2.71	System.Text.Json.dll	true	4953	0.3750	0.3722	0.5641	1390866
pc:exists:naive	2	2.71	NuGet.Packaging.dll	true	5000	0.2982	0.2930	0.3669	995546
pc:exists:naive	2	2.71	Microsoft.CodeAnalysis.CSharp.dll	true	195	10.1658	7.2518	14.1580	16476468
pc:exists:naive	2	2.71	System.Private.CoreLib.dll	true	129	15.9377	11.7621	18.9818	26124277
pa:window:after	2	2.71	CommandLine.dll	fail	5000	0.0643	0.0639	0.0664	259210
pa:window:after	2	2.71	Humanizer.dll	fail	5000	0.0839	0.0833	0.0849	301562
pa:window:after	2	2.71	Mono.Cecil.dll	fail	5000	0.0730	0.0727	0.0734	105050
pa:window:after	2	2.71	Newtonsoft.Json.dll	fail	5000	0.2315	0.2290	0.2646	793882
pa:window:after	2	2.71	System.Text.Json.dll	fail	5000	0.2075	0.2023	0.2430	784906
pa:window:after	2	2.71	NuGet.Packaging.dll	fail	5000	0.1078	0.1074	0.1087	269834
pa:window:after	2	2.71	Microsoft.CodeAnalysis.CSharp.dll	fail	1425	1.3946	1.3820	1.4340	2331479
pa:window:after	2	2.71	System.Private.CoreLib.dll	fail	604	3.3126	3.2936	3.3338	8874859
pa:window:nlinq	2	2.75	CommandLine.dll	fail	5000	0.0733	0.0730	0.0738	258850
pa:window:nlinq	2	2.75	Humanizer.dll	fail	5000	0.0930	0.0924	0.0938	301202
pa:window:nlinq	2	2.75	Mono.Cecil.dll	fail	5000	0.0897	0.0891	0.0904	104690
pa:window:nlinq	2	2.75	Newtonsoft.Json.dll	fail	5000	0.2565	0.2548	0.2893	793522
pa:window:nlinq	2	2.75	System.Text.Json.dll	fail	5000	0.2312	0.2280	0.2365	784546
pa:window:nlinq	2	2.75	NuGet.Packaging.dll	fail	5000	0.1287	0.1277	0.1314	269474
pa:window:nlinq	2	2.75	Microsoft.CodeAnalysis.CSharp.dll	fail	1257	1.5816	1.5680	1.6230	2331122
pa:window:nlinq	2	2.75	System.Private.CoreLib.dll	fail	575	3.4571	3.4403	3.5220	8874500
pa:window:old	2	2.77	CommandLine.dll	fail	5000	0.1935	0.1910	0.2113	613465
pa:window:old	2	2.77	Humanizer.dll	fail	5000	0.2104	0.2072	0.2204	761658
pa:window:old	2	2.77	Mono.Cecil.dll	fail	5000	0.2650	0.2617	0.2800	760114
pa:window:old	2	2.77	Newtonsoft.Json.dll	fail	3441	0.5479	0.5392	0.7208	1751197
pa:window:old	2	2.77	System.Text.Json.dll	fail	3785	0.4928	0.4853	0.6715	1662135
pa:window:old	2	2.77	NuGet.Packaging.dll	fail	3551	0.4854	0.4770	0.8307	1478344
pa:window:old	2	2.77	Microsoft.CodeAnalysis.CSharp.dll	fail	482	4.1404	4.1060	4.2222	9857441
pa:window:old	2	2.77	System.Private.CoreLib.dll	fail	132	14.6291	14.2805	18.4799	36602140
pc:window:after	2	2.60	CommandLine.dll	n=11;h=9289C8A6	5000	0.0072	0.0072	0.0075	19138
pc:window:after	2	2.60	Humanizer.dll	n=11;h=13A97420	5000	0.0056	0.0055	0.0059	12954
pc:window:after	2	2.60	Mono.Cecil.dll	n=11;h=D01076C5	5000	0.0067	0.0065	0.0068	15906
pc:window:after	2	2.60	Newtonsoft.Json.dll	n=11;h=1E2EEF32	5000	0.0077	0.0075	0.0080	16754
pc:window:after	2	2.60	System.Text.Json.dll	n=11;h=BA929ADB	5000	0.0066	0.0064	0.0069	17050
pc:window:after	2	2.60	NuGet.Packaging.dll	n=11;h=11E00573	5000	0.0069	0.0066	0.0071	15442
pc:window:after	2	2.60	Microsoft.CodeAnalysis.CSharp.dll	n=11;h=F4CCA210	5000	0.0125	0.0118	0.0248	15346
pc:window:after	2	2.60	System.Private.CoreLib.dll	n=11;h=3D959E9B	5000	0.0078	0.0071	0.0080	11314
pc:window:nlinq	2	2.60	CommandLine.dll	n=11;h=9289C8A6	5000	0.0100	0.0090	0.0129	19074
pc:window:nlinq	2	2.60	Humanizer.dll	n=11;h=13A97420	5000	0.0063	0.0062	0.0065	12890
pc:window:nlinq	2	2.60	Mono.Cecil.dll	n=11;h=D01076C5	5000	0.0075	0.0075	0.0077	15842
pc:window:nlinq	2	2.60	Newtonsoft.Json.dll	n=11;h=1E2EEF32	5000	0.0086	0.0085	0.0087	16690
pc:window:nlinq	2	2.60	System.Text.Json.dll	n=11;h=BA929ADB	5000	0.0082	0.0081	0.0084	16986
pc:window:nlinq	2	2.60	NuGet.Packaging.dll	n=11;h=11E00573	5000	0.0080	0.0080	0.0082	15378
pc:window:nlinq	2	2.60	Microsoft.CodeAnalysis.CSharp.dll	n=11;h=F4CCA210	5000	0.0206	0.0205	0.0219	15282
pc:window:nlinq	2	2.60	System.Private.CoreLib.dll	n=11;h=3D959E9B	5000	0.0092	0.0090	0.0094	11250
pc:window:linq	2	2.60	CommandLine.dll	n=11;h=9289C8A6	5000	0.0533	0.0530	0.0537	176450
pc:window:linq	2	2.60	Humanizer.dll	n=11;h=13A97420	5000	0.0281	0.0279	0.0284	89570
pc:window:linq	2	2.60	Mono.Cecil.dll	n=11;h=D01076C5	5000	0.0311	0.0309	0.0315	96170
pc:window:linq	2	2.60	Newtonsoft.Json.dll	n=11;h=1E2EEF32	5000	0.0315	0.0312	0.0318	94954
pc:window:linq	2	2.60	System.Text.Json.dll	n=11;h=BA929ADB	5000	0.0332	0.0330	0.0335	113418
pc:window:linq	2	2.60	NuGet.Packaging.dll	n=11;h=11E00573	5000	0.0352	0.0350	0.0356	104746
pc:window:linq	2	2.60	Microsoft.CodeAnalysis.CSharp.dll	n=11;h=F4CCA210	5000	0.0673	0.0670	0.0684	124674
pc:window:linq	2	2.60	System.Private.CoreLib.dll	n=11;h=3D959E9B	5000	0.0382	0.0380	0.0386	96858
pc:window:naive	2	2.60	CommandLine.dll	n=11;h=9289C8A6	5000	0.1644	0.1632	0.1663	622186
pc:window:naive	2	2.60	Humanizer.dll	n=11;h=13A97420	5000	0.1616	0.1608	0.1666	585418
pc:window:naive	2	2.60	Mono.Cecil.dll	n=11;h=D01076C5	5000	0.2632	0.2619	0.2908	831858
pc:window:naive	2	2.60	Newtonsoft.Json.dll	n=11;h=1E2EEF32	4681	0.3970	0.3939	0.5791	1353996
pc:window:naive	2	2.60	System.Text.Json.dll	n=11;h=BA929ADB	4947	0.3767	0.3726	0.5654	1391314
pc:window:naive	2	2.60	NuGet.Packaging.dll	n=11;h=11E00573	5000	0.2985	0.2949	0.3579	995994
pc:window:naive	2	2.60	Microsoft.CodeAnalysis.CSharp.dll	n=11;h=F4CCA210	192	10.5665	7.4177	14.1782	16476945
pc:window:naive	2	2.60	System.Private.CoreLib.dll	n=11;h=3D959E9B	130	15.8054	11.6803	18.7078	26124925
pa:rows:after	2	2.60	CommandLine.dll	n=3;names=003D5581	5000	0.0706	0.0701	0.0714	266818
pa:rows:after	2	2.60	Humanizer.dll	n=0;names=811C9DC5	5000	0.0929	0.0924	0.0941	302170
pa:rows:after	2	2.60	Mono.Cecil.dll	n=0;names=811C9DC5	5000	0.0924	0.0920	0.0953	105658
pa:rows:after	2	2.60	Newtonsoft.Json.dll	n=11;names=DF6BFB0D	5000	0.2585	0.2562	0.2775	808866
pa:rows:after	2	2.60	System.Text.Json.dll	n=8;names=1113A289	5000	0.2345	0.2304	0.2455	794202
pa:rows:after	2	2.60	NuGet.Packaging.dll	n=22;names=D7AF274C	5000	0.1380	0.1371	0.1393	311338
pa:rows:after	2	2.60	Microsoft.CodeAnalysis.CSharp.dll	n=0;names=811C9DC5	1243	1.6010	1.5882	1.6420	2332090
pa:rows:after	2	2.60	System.Private.CoreLib.dll	n=31;names=A234A9CC	571	3.5020	3.4739	3.5375	8900709
pa:rows:nlinq	2	2.51	CommandLine.dll	n=3;names=003D5581	5000	0.0737	0.0732	0.0741	265898
pa:rows:nlinq	2	2.51	Humanizer.dll	n=0;names=811C9DC5	5000	0.0902	0.0898	0.0908	301226
pa:rows:nlinq	2	2.51	Mono.Cecil.dll	n=0;names=811C9DC5	5000	0.0862	0.0854	0.0877	104714
pa:rows:nlinq	2	2.51	Newtonsoft.Json.dll	n=11;names=DF6BFB0D	5000	0.2548	0.2532	0.2648	807970
pa:rows:nlinq	2	2.51	System.Text.Json.dll	n=8;names=1113A289	5000	0.2296	0.2281	0.2454	793594
pa:rows:nlinq	2	2.51	NuGet.Packaging.dll	n=22;names=D7AF274C	5000	0.1365	0.1353	0.1435	310178
pa:rows:nlinq	2	2.51	Microsoft.CodeAnalysis.CSharp.dll	n=0;names=811C9DC5	1293	1.5383	1.5266	1.5779	2331145
pa:rows:nlinq	2	2.51	System.Private.CoreLib.dll	n=31;names=A234A9CC	582	3.4357	3.4190	3.4699	8899332
pa:rows:old	2	2.55	CommandLine.dll	n=3;names=003D5581	5000	0.1925	0.1903	0.2105	613459
pa:rows:old	2	2.55	Humanizer.dll	n=0;names=811C9DC5	5000	0.2087	0.2058	0.2134	761650
pa:rows:old	2	2.55	Mono.Cecil.dll	n=0;names=811C9DC5	5000	0.2672	0.2623	0.2744	760106
pa:rows:old	2	2.55	Newtonsoft.Json.dll	n=11;names=DF6BFB0D	3424	0.5517	0.5406	0.7139	1751158
pa:rows:old	2	2.55	System.Text.Json.dll	n=8;names=1113A289	3761	0.5005	0.4899	0.6599	1662170
pa:rows:old	2	2.55	NuGet.Packaging.dll	n=22;names=D7AF274C	3583	0.4889	0.4766	0.8082	1478390
pa:rows:old	2	2.55	Microsoft.CodeAnalysis.CSharp.dll	n=0;names=811C9DC5	480	4.1777	4.1023	4.2572	9857433
pa:rows:old	2	2.55	System.Private.CoreLib.dll	n=31;names=A234A9CC	131	14.7240	14.3497	18.7223	36602182
pc:rows:after	2	2.65	CommandLine.dll	n=403;h=0DAD55A3	5000	0.1645	0.1631	0.1953	621730
pc:rows:after	2	2.65	Humanizer.dll	n=735;h=ABE64147	5000	0.1627	0.1616	0.1763	584962
pc:rows:after	2	2.65	Mono.Cecil.dll	n=992;h=D45F7327	5000	0.2660	0.2645	0.2927	831402
pc:rows:after	2	2.65	Newtonsoft.Json.dll	n=1509;h=30587641	4651	0.4011	0.3955	0.5847	1353540
pc:rows:after	2	2.65	System.Text.Json.dll	n=1337;h=15AB9B20	4925	0.3789	0.3744	0.5677	1390858
pc:rows:after	2	2.65	NuGet.Packaging.dll	n=999;h=910CC3CB	5000	0.3004	0.2955	0.4205	995538
pc:rows:after	2	2.65	Microsoft.CodeAnalysis.CSharp.dll	n=13161;h=20D748F8	191	10.6085	7.3679	14.1693	16476459
pc:rows:after	2	2.65	System.Private.CoreLib.dll	n=22475;h=21372B1F	129	15.9147	11.7401	18.8825	26124432
pc:rows:nlinq	2	2.66	CommandLine.dll	n=403;h=0DAD55A3	5000	0.1683	0.1667	0.1715	611426
pc:rows:nlinq	2	2.66	Humanizer.dll	n=735;h=ABE64147	5000	0.1576	0.1568	0.1616	566690
pc:rows:nlinq	2	2.66	Mono.Cecil.dll	n=992;h=D45F7327	5000	0.2603	0.2575	0.2708	806962
pc:rows:nlinq	2	2.66	Newtonsoft.Json.dll	n=1509;h=30587641	3948	0.3973	0.3937	0.6143	1316680
pc:rows:nlinq	2	2.66	System.Text.Json.dll	n=1337;h=15AB9B20	4033	0.3885	0.3699	0.6398	1358128
pc:rows:nlinq	2	2.66	NuGet.Packaging.dll	n=999;h=910CC3CB	4917	0.3219	0.3056	0.5497	970930
pc:rows:nlinq	2	2.66	Microsoft.CodeAnalysis.CSharp.dll	n=13161;h=20D748F8	189	10.8060	7.6340	14.2388	16159985
pc:rows:nlinq	2	2.66	System.Private.CoreLib.dll	n=22475;h=21372B1F	113	16.6592	12.5225	21.3540	25584290
pc:rows:linq	2	2.88	CommandLine.dll	n=403;h=0DAD55A3	5000	0.2137	0.2087	0.2588	676954
pc:rows:linq	2	2.88	Humanizer.dll	n=735;h=ABE64147	5000	0.2051	0.1997	0.2364	623170
pc:rows:linq	2	2.88	Mono.Cecil.dll	n=992;h=D45F7327	5000	0.3437	0.3313	0.4290	888962
pc:rows:linq	2	2.88	Newtonsoft.Json.dll	n=1509;h=30587641	3650	0.5102	0.4943	0.7091	1433482
pc:rows:linq	2	2.88	System.Text.Json.dll	n=1337;h=15AB9B20	3834	0.4731	0.4585	0.6637	1441753
pc:rows:linq	2	2.88	NuGet.Packaging.dll	n=999;h=910CC3CB	4691	0.3961	0.3881	0.5038	1112324
pc:rows:linq	2	2.88	Microsoft.CodeAnalysis.CSharp.dll	n=13161;h=20D748F8	175	11.3177	8.4736	14.9351	16819415
pc:rows:linq	2	2.88	System.Private.CoreLib.dll	n=22475;h=21372B1F	113	17.6016	15.1264	19.8064	26195679
pc:rows:naive	2	2.90	CommandLine.dll	n=403;h=0DAD55A3	5000	0.1702	0.1651	0.2268	621730
pc:rows:naive	2	2.90	Humanizer.dll	n=735;h=ABE64147	5000	0.1629	0.1615	0.1829	584962
pc:rows:naive	2	2.90	Mono.Cecil.dll	n=992;h=D45F7327	5000	0.2690	0.2652	0.3325	831402
pc:rows:naive	2	2.90	Newtonsoft.Json.dll	n=1509;h=30587641	4622	0.4027	0.3982	0.5880	1353540
pc:rows:naive	2	2.90	System.Text.Json.dll	n=1337;h=15AB9B20	4858	0.3833	0.3772	0.5730	1390859
pc:rows:naive	2	2.90	NuGet.Packaging.dll	n=999;h=910CC3CB	5000	0.2996	0.2936	0.3715	995538
pc:rows:naive	2	2.90	Microsoft.CodeAnalysis.CSharp.dll	n=13161;h=20D748F8	197	10.3340	7.3590	13.5252	16476488
pc:rows:naive	2	2.90	System.Private.CoreLib.dll	n=22475;h=21372B1F	131	15.6566	11.6652	18.3265	26124376
pa:tail:after	2	2.68	CommandLine.dll	n=3;names=003D5581	5000	0.0646	0.0642	0.0700	265970
pa:tail:after	2	2.68	Humanizer.dll	n=0;names=811C9DC5	5000	0.0824	0.0816	0.0887	301346
pa:tail:after	2	2.68	Mono.Cecil.dll	n=0;names=811C9DC5	5000	0.0700	0.0697	0.0727	104834
pa:tail:after	2	2.68	Newtonsoft.Json.dll	n=6;names=DBFE2D1D	5000	0.2306	0.2272	0.2495	802002
pa:tail:after	2	2.68	System.Text.Json.dll	n=6;names=D5D3B3F0	5000	0.2038	0.2000	0.2191	791538
pa:tail:after	2	2.68	NuGet.Packaging.dll	n=6;names=42CFFD24	5000	0.1056	0.1020	0.1122	278122
pa:tail:after	2	2.68	Microsoft.CodeAnalysis.CSharp.dll	n=0;names=811C9DC5	1479	1.3453	1.3302	1.3850	2331262
pa:tail:after	2	2.68	System.Private.CoreLib.dll	n=6;names=09E175C7	605	3.3046	3.2753	3.3383	8878923
pa:tail:nlinq	2	2.55	CommandLine.dll	n=3;names=003D5581	5000	0.0731	0.0727	0.0787	266218
pa:tail:nlinq	2	2.55	Humanizer.dll	n=0;names=811C9DC5	5000	0.0905	0.0897	0.0968	301570
pa:tail:nlinq	2	2.55	Mono.Cecil.dll	n=0;names=811C9DC5	5000	0.0855	0.0851	0.0897	105058
pa:tail:nlinq	2	2.55	Newtonsoft.Json.dll	n=6;names=DBFE2D1D	5000	0.2527	0.2501	0.2682	802250
pa:tail:nlinq	2	2.55	System.Text.Json.dll	n=6;names=D5D3B3F0	5000	0.2282	0.2246	0.2487	791786
pa:tail:nlinq	2	2.55	NuGet.Packaging.dll	n=6;names=42CFFD24	5000	0.1280	0.1270	0.1357	278370
pa:tail:nlinq	2	2.55	Microsoft.CodeAnalysis.CSharp.dll	n=0;names=811C9DC5	1297	1.5362	1.5153	1.5795	2331489
pa:tail:nlinq	2	2.55	System.Private.CoreLib.dll	n=6;names=09E175C7	560	3.4448	3.4171	3.6252	8879173
pa:tail:old	2	2.55	CommandLine.dll	n=3;names=003D5581	5000	0.1920	0.1891	0.2027	613855
pa:tail:old	2	2.55	Humanizer.dll	n=0;names=811C9DC5	5000	0.2092	0.2051	0.2214	761786
pa:tail:old	2	2.55	Mono.Cecil.dll	n=0;names=811C9DC5	5000	0.2668	0.2613	0.2808	760242
pa:tail:old	2	2.55	Newtonsoft.Json.dll	n=6;names=DBFE2D1D	3398	0.5546	0.5435	0.7251	1751877
pa:tail:old	2	2.55	System.Text.Json.dll	n=6;names=D5D3B3F0	3614	0.5005	0.4882	0.7345	1662660
pa:tail:old	2	2.55	NuGet.Packaging.dll	n=6;names=42CFFD24	3740	0.4857	0.4756	0.7534	1478940
pa:tail:old	2	2.55	Microsoft.CodeAnalysis.CSharp.dll	n=0;names=811C9DC5	478	4.1624	4.1197	4.2527	9857569
pa:tail:old	2	2.55	System.Private.CoreLib.dll	n=6;names=09E175C7	131	14.6706	14.3547	18.1040	36602732
pc:tail:after	2	2.35	CommandLine.dll	n=6;h=2C0D37C1	5000	0.0132	0.0131	0.0138	9874
pc:tail:after	2	2.35	Humanizer.dll	n=6;h=91D17220	5000	0.0198	0.0197	0.0200	6562
pc:tail:after	2	2.35	Mono.Cecil.dll	n=6;h=3891C1A0	5000	0.0368	0.0367	0.0372	8730
pc:tail:after	2	2.35	Newtonsoft.Json.dll	n=6;h=7111BB62	5000	0.0440	0.0437	0.0453	9258
pc:tail:after	2	2.35	System.Text.Json.dll	n=6;h=51F1B225	5000	0.0371	0.0369	0.0379	10018
pc:tail:after	2	2.35	NuGet.Packaging.dll	n=6;h=233EB48F	5000	0.0331	0.0330	0.0337	6146
pc:tail:after	2	2.35	Microsoft.CodeAnalysis.CSharp.dll	n=6;h=DBA5688B	5000	0.3586	0.3563	0.3677	8898
pc:tail:after	2	2.35	System.Private.CoreLib.dll	n=6;h=BC20A3BD	4251	0.4691	0.4642	0.4780	9038
pc:tail:nlinq	2	2.41	CommandLine.dll	n=6;h=2C0D37C1	5000	0.0238	0.0237	0.0249	10122
pc:tail:nlinq	2	2.41	Humanizer.dll	n=6;h=91D17220	5000	0.0305	0.0304	0.0313	6810
pc:tail:nlinq	2	2.41	Mono.Cecil.dll	n=6;h=3891C1A0	5000	0.0580	0.0579	0.0585	8978
pc:tail:nlinq	2	2.41	Newtonsoft.Json.dll	n=6;h=7111BB62	5000	0.0730	0.0728	0.0757	9506
pc:tail:nlinq	2	2.41	System.Text.Json.dll	n=6;h=51F1B225	5000	0.0644	0.0641	0.0669	10266
pc:tail:nlinq	2	2.41	NuGet.Packaging.dll	n=6;h=233EB48F	5000	0.0591	0.0589	0.0597	6394
pc:tail:nlinq	2	2.41	Microsoft.CodeAnalysis.CSharp.dll	n=6;h=DBA5688B	3016	0.6516	0.6432	0.6707	9141
pc:tail:nlinq	2	2.41	System.Private.CoreLib.dll	n=6;h=BC20A3BD	2695	0.7423	0.7340	0.7496	9280
pc:tail:linq	2	2.37	CommandLine.dll	n=6;h=2C0D37C1	5000	0.2095	0.2076	0.2202	653098
pc:tail:linq	2	2.37	Humanizer.dll	n=6;h=91D17220	5000	0.2006	0.1996	0.2108	574714
pc:tail:linq	2	2.37	Mono.Cecil.dll	n=6;h=3891C1A0	5000	0.3367	0.3299	0.3722	840506
pc:tail:linq	2	2.37	Newtonsoft.Json.dll	n=6;h=7111BB62	3943	0.4993	0.4925	0.5374	1335848
pc:tail:linq	2	2.37	System.Text.Json.dll	n=6;h=51F1B225	4221	0.4640	0.4569	0.5030	1344135
pc:tail:linq	2	2.37	NuGet.Packaging.dll	n=6;h=233EB48F	4923	0.3970	0.3894	0.4327	1063866
pc:tail:linq	2	2.37	Microsoft.CodeAnalysis.CSharp.dll	n=6;h=DBA5688B	372	5.3544	5.3064	5.5405	16033566
pc:tail:linq	2	2.37	System.Private.CoreLib.dll	n=6;h=BC20A3BD	245	8.1135	8.0675	8.4468	24621731
pc:tail:naive	2	3.64	CommandLine.dll	n=6;h=2C0D37C1	5000	0.1666	0.1645	0.1770	622266
pc:tail:naive	2	3.64	Humanizer.dll	n=6;h=91D17220	5000	0.1618	0.1607	0.1717	585498
pc:tail:naive	2	3.64	Mono.Cecil.dll	n=6;h=3891C1A0	5000	0.2655	0.2620	0.2981	831938
pc:tail:naive	2	3.64	Newtonsoft.Json.dll	n=6;h=7111BB62	4630	0.4027	0.3959	0.5857	1354076
pc:tail:naive	2	3.64	System.Text.Json.dll	n=6;h=51F1B225	4900	0.3804	0.3738	0.5707	1391394
pc:tail:naive	2	3.64	NuGet.Packaging.dll	n=6;h=233EB48F	5000	0.3017	0.2954	0.3910	996074
pc:tail:naive	2	3.64	Microsoft.CodeAnalysis.CSharp.dll	n=6;h=DBA5688B	197	10.4057	7.4017	13.5415	16477068
pc:tail:naive	2	3.64	System.Private.CoreLib.dll	n=6;h=BC20A3BD	132	15.4323	11.7172	18.2651	26124957
pa:head:after	2	3.39	CommandLine.dll	n=3;names=003D5581	5000	0.0655	0.0650	0.0706	266106
pa:head:after	2	3.39	Humanizer.dll	n=0;names=811C9DC5	5000	0.0843	0.0837	0.0906	301458
pa:head:after	2	3.39	Mono.Cecil.dll	n=0;names=811C9DC5	5000	0.0735	0.0725	0.0767	104946
pa:head:after	2	3.39	Newtonsoft.Json.dll	n=6;names=D2C3079F	5000	0.1597	0.1581	0.1698	576706
pa:head:after	2	3.39	System.Text.Json.dll	n=6;names=E380D9F1	5000	0.1460	0.1450	0.1560	601914
pa:head:after	2	3.39	NuGet.Packaging.dll	n=6;names=C5650123	5000	0.0384	0.0382	0.0389	122306
pa:head:after	2	3.39	Microsoft.CodeAnalysis.CSharp.dll	n=0;names=811C9DC5	1424	1.3964	1.3820	1.4353	2331375
pa:head:after	2	3.39	System.Private.CoreLib.dll	n=6;names=712F80E9	1585	1.2553	1.2365	1.2884	3902212
pa:head:nlinq	2	3.25	CommandLine.dll	n=3;names=003D5581	5000	0.0751	0.0740	0.0757	265946
pa:head:nlinq	2	3.25	Humanizer.dll	n=0;names=811C9DC5	5000	0.0912	0.0905	0.0924	301394
pa:head:nlinq	2	3.25	Mono.Cecil.dll	n=0;names=811C9DC5	5000	0.0882	0.0875	0.1612	104882
pa:head:nlinq	2	3.25	Newtonsoft.Json.dll	n=6;names=D2C3079F	5000	0.1720	0.1709	0.1738	576642
pa:head:nlinq	2	3.25	System.Text.Json.dll	n=6;names=E380D9F1	5000	0.1563	0.1556	0.1579	601850
pa:head:nlinq	2	3.25	NuGet.Packaging.dll	n=6;names=C5650123	5000	0.0430	0.0427	0.0434	122242
pa:head:nlinq	2	3.25	Microsoft.CodeAnalysis.CSharp.dll	n=0;names=811C9DC5	1272	1.5580	1.5450	1.5995	2331313
pa:head:nlinq	2	3.25	System.Private.CoreLib.dll	n=6;names=712F80E9	1519	1.3050	1.2941	1.3408	3902149
pa:head:old	2	3.15	CommandLine.dll	n=3;names=003D5581	5000	0.1912	0.1892	0.1946	613687
pa:head:old	2	3.15	Humanizer.dll	n=0;names=811C9DC5	5000	0.2095	0.2060	0.2166	761746
pa:head:old	2	3.15	Mono.Cecil.dll	n=0;names=811C9DC5	5000	0.2662	0.2617	0.2765	760202
pa:head:old	2	3.15	Newtonsoft.Json.dll	n=6;names=D2C3079F	3434	0.5509	0.5431	0.7020	1751532
pa:head:old	2	3.15	System.Text.Json.dll	n=6;names=E380D9F1	3792	0.4972	0.4904	0.6501	1662504
pa:head:old	2	3.15	NuGet.Packaging.dll	n=6;names=C5650123	3745	0.4861	0.4792	0.7265	1478661
pa:head:old	2	3.15	Microsoft.CodeAnalysis.CSharp.dll	n=0;names=811C9DC5	481	4.1512	4.1277	4.2257	9857529
pa:head:old	2	3.15	System.Private.CoreLib.dll	n=6;names=712F80E9	131	14.7801	14.3961	18.0443	36602241
pc:head:after	2	3.48	CommandLine.dll	n=6;h=38398B5E	5000	0.0032	0.0032	0.0035	10338
pc:head:after	2	3.48	Humanizer.dll	n=6;h=D93A2D05	5000	0.0026	0.0025	0.0026	8338
pc:head:after	2	3.48	Mono.Cecil.dll	n=6;h=EAFAA362	5000	0.0026	0.0026	0.0027	8106
pc:head:after	2	3.48	Newtonsoft.Json.dll	n=6;h=A4332D4B	5000	0.0025	0.0025	0.0026	8050
pc:head:after	2	3.48	System.Text.Json.dll	n=6;h=7C8B77FF	5000	0.0034	0.0033	0.0034	8538
pc:head:after	2	3.48	NuGet.Packaging.dll	n=6;h=10648FC9	5000	0.0032	0.0032	0.0034	11090
pc:head:after	2	3.48	Microsoft.CodeAnalysis.CSharp.dll	n=6;h=83A9E69E	5000	0.0025	0.0024	0.0025	7642
pc:head:after	2	3.48	System.Private.CoreLib.dll	n=6;h=8CF51FF1	5000	0.0036	0.0035	0.0037	7410
pc:head:nlinq	2	3.48	CommandLine.dll	n=6;h=38398B5E	5000	0.0042	0.0041	0.0046	10274
pc:head:nlinq	2	3.48	Humanizer.dll	n=6;h=D93A2D05	5000	0.0026	0.0026	0.0027	8274
pc:head:nlinq	2	3.48	Mono.Cecil.dll	n=6;h=EAFAA362	5000	0.0027	0.0026	0.0027	8042
pc:head:nlinq	2	3.48	Newtonsoft.Json.dll	n=6;h=A4332D4B	5000	0.0026	0.0025	0.0027	7986
pc:head:nlinq	2	3.48	System.Text.Json.dll	n=6;h=7C8B77FF	5000	0.0042	0.0042	0.0044	8474
pc:head:nlinq	2	3.48	NuGet.Packaging.dll	n=6;h=10648FC9	5000	0.0038	0.0037	0.0040	11026
pc:head:nlinq	2	3.48	Microsoft.CodeAnalysis.CSharp.dll	n=6;h=83A9E69E	5000	0.0026	0.0025	0.0027	7578
pc:head:nlinq	2	3.48	System.Private.CoreLib.dll	n=6;h=8CF51FF1	5000	0.0048	0.0047	0.0049	7346
pc:head:linq	2	3.48	CommandLine.dll	n=6;h=38398B5E	5000	0.0075	0.0073	0.0082	17810
pc:head:linq	2	3.48	Humanizer.dll	n=6;h=D93A2D05	5000	0.0033	0.0032	0.0034	10706
pc:head:linq	2	3.48	Mono.Cecil.dll	n=6;h=EAFAA362	5000	0.0032	0.0031	0.0033	10242
pc:head:linq	2	3.48	Newtonsoft.Json.dll	n=6;h=A4332D4B	5000	0.0032	0.0031	0.0033	10186
pc:head:linq	2	3.48	System.Text.Json.dll	n=6;h=7C8B77FF	5000	0.0072	0.0071	0.0073	10674
pc:head:linq	2	3.48	NuGet.Packaging.dll	n=6;h=10648FC9	5000	0.0057	0.0056	0.0058	15082
pc:head:linq	2	3.48	Microsoft.CodeAnalysis.CSharp.dll	n=6;h=83A9E69E	5000	0.0034	0.0033	0.0035	10242
pc:head:linq	2	3.48	System.Private.CoreLib.dll	n=6;h=8CF51FF1	5000	0.0101	0.0100	0.0102	18594
pc:head:naive	2	3.48	CommandLine.dll	n=6;h=38398B5E	5000	0.1651	0.1632	0.1757	621994
pc:head:naive	2	3.48	Humanizer.dll	n=6;h=D93A2D05	5000	0.1611	0.1598	0.1712	585226
pc:head:naive	2	3.48	Mono.Cecil.dll	n=6;h=EAFAA362	5000	0.2637	0.2598	0.2939	831666
pc:head:naive	2	3.48	Newtonsoft.Json.dll	n=6;h=A4332D4B	4656	0.4006	0.3947	0.5823	1353804
pc:head:naive	2	3.48	System.Text.Json.dll	n=6;h=7C8B77FF	4903	0.3799	0.3736	0.5697	1391122
pc:head:naive	2	3.48	NuGet.Packaging.dll	n=6;h=10648FC9	5000	0.3002	0.2962	0.3591	995802
pc:head:naive	2	3.48	Microsoft.CodeAnalysis.CSharp.dll	n=6;h=83A9E69E	198	10.2463	7.3295	13.5297	16476719
pc:head:naive	2	3.48	System.Private.CoreLib.dll	n=6;h=8CF51FF1	131	15.5822	11.7267	18.4279	26124485
pa:count:after	2	3.25	CommandLine.dll	c=3	5000	0.0636	0.0632	0.0685	259498
pa:count:after	2	3.25	Humanizer.dll	c=0	5000	0.0840	0.0834	0.0903	301850
pa:count:after	2	3.25	Mono.Cecil.dll	c=0	5000	0.0717	0.0705	0.0759	105338
pa:count:after	2	3.25	Newtonsoft.Json.dll	c=11	5000	0.2315	0.2288	0.2472	794170
pa:count:after	2	3.25	System.Text.Json.dll	c=8	5000	0.2089	0.2020	0.2478	785194
pa:count:after	2	3.25	NuGet.Packaging.dll	c=22	5000	0.1030	0.1022	0.1094	270122
pa:count:after	2	3.25	Microsoft.CodeAnalysis.CSharp.dll	c=0	1433	1.3887	1.3702	1.4310	2331767
pa:count:after	2	3.25	System.Private.CoreLib.dll	c=31	602	3.3259	3.2970	3.3515	8875147
pa:count:nlinq	2	3.05	CommandLine.dll	c=3	5000	0.0686	0.0682	0.0693	258842
pa:count:nlinq	2	3.05	Humanizer.dll	c=0	5000	0.0872	0.0866	0.0883	301194
pa:count:nlinq	2	3.05	Mono.Cecil.dll	c=0	5000	0.0790	0.0786	0.0807	104682
pa:count:nlinq	2	3.05	Newtonsoft.Json.dll	c=11	5000	0.2429	0.2418	0.2525	793514
pa:count:nlinq	2	3.05	System.Text.Json.dll	c=8	5000	0.2182	0.2170	0.2261	784538
pa:count:nlinq	2	3.05	NuGet.Packaging.dll	c=22	5000	0.1181	0.1172	0.1242	269466
pa:count:nlinq	2	3.05	Microsoft.CodeAnalysis.CSharp.dll	c=0	1353	1.4706	1.4542	1.5127	2331112
pa:count:nlinq	2	3.05	System.Private.CoreLib.dll	c=31	593	3.3682	3.3365	3.4111	8874492
pa:count:old	2	3.13	CommandLine.dll	c=3	5000	0.1932	0.1908	0.2047	613459
pa:count:old	2	3.13	Humanizer.dll	c=0	5000	0.2117	0.2069	0.2257	761650
pa:count:old	2	3.13	Mono.Cecil.dll	c=0	5000	0.2690	0.2643	0.2842	760106
pa:count:old	2	3.13	Newtonsoft.Json.dll	c=11	3396	0.5562	0.5445	0.7226	1751157
pa:count:old	2	3.13	System.Text.Json.dll	c=8	3708	0.5031	0.4914	0.6751	1662190
pa:count:old	2	3.13	NuGet.Packaging.dll	c=22	3699	0.4862	0.4766	0.7958	1478394
pa:count:old	2	3.13	Microsoft.CodeAnalysis.CSharp.dll	c=0	462	4.1735	4.1341	4.2928	9857434
pa:count:old	2	3.13	System.Private.CoreLib.dll	c=31	132	14.7062	14.3058	18.0913	36602129
pc:count:after	2	2.96	CommandLine.dll	c=403	5000	0.0127	0.0125	0.0134	5018
pc:count:after	2	2.96	Humanizer.dll	c=735	5000	0.0204	0.0202	0.0206	5018
pc:count:after	2	2.96	Mono.Cecil.dll	c=992	5000	0.0383	0.0379	0.0387	5018
pc:count:after	2	2.96	Newtonsoft.Json.dll	c=1509	5000	0.0457	0.0454	0.0471	5018
pc:count:after	2	2.96	System.Text.Json.dll	c=1337	5000	0.0386	0.0384	0.0390	5018
pc:count:after	2	2.96	NuGet.Packaging.dll	c=999	5000	0.0357	0.0352	0.0364	5018
pc:count:after	2	2.96	Microsoft.CodeAnalysis.CSharp.dll	c=13161	5000	0.3905	0.3860	0.3995	5018
pc:count:after	2	2.96	System.Private.CoreLib.dll	c=22475	4021	0.4960	0.4906	0.5052	5008
pc:count:nlinq	2	3.04	CommandLine.dll	c=403	5000	0.0178	0.0177	0.0186	4362
pc:count:nlinq	2	3.04	Humanizer.dll	c=735	5000	0.0242	0.0241	0.0244	4362
pc:count:nlinq	2	3.04	Mono.Cecil.dll	c=992	5000	0.0460	0.0458	0.0465	4362
pc:count:nlinq	2	3.04	Newtonsoft.Json.dll	c=1509	5000	0.0577	0.0575	0.0600	4362
pc:count:nlinq	2	3.04	System.Text.Json.dll	c=1337	5000	0.0503	0.0500	0.0513	4362
pc:count:nlinq	2	3.04	NuGet.Packaging.dll	c=999	5000	0.0470	0.0468	0.0476	4362
pc:count:nlinq	2	3.04	Microsoft.CodeAnalysis.CSharp.dll	c=13161	3899	0.5108	0.5068	0.5205	4352
pc:count:nlinq	2	3.04	System.Private.CoreLib.dll	c=22475	3303	0.5943	0.5875	0.6027	4355
pc:count:linq	2	2.88	CommandLine.dll	c=403	5000	0.2046	0.2037	0.2156	652250
pc:count:linq	2	2.88	Humanizer.dll	c=735	5000	0.1914	0.1902	0.2024	573866
pc:count:linq	2	2.88	Mono.Cecil.dll	c=992	5000	0.3210	0.3178	0.3512	839658
pc:count:linq	2	2.88	Newtonsoft.Json.dll	c=1509	4088	0.4807	0.4752	0.5143	1335000
pc:count:linq	2	2.88	System.Text.Json.dll	c=1337	4374	0.4490	0.4415	0.4831	1343286
pc:count:linq	2	2.88	NuGet.Packaging.dll	c=999	5000	0.3827	0.3775	0.4157	1063018
pc:count:linq	2	2.88	Microsoft.CodeAnalysis.CSharp.dll	c=13161	383	5.2067	5.1775	5.2871	16032717
pc:count:linq	2	2.88	System.Private.CoreLib.dll	c=22475	254	7.8281	7.7807	8.1782	24620886
pc:count:naive	2	2.75	CommandLine.dll	c=403	5000	0.1657	0.1626	0.1758	621730
pc:count:naive	2	2.75	Humanizer.dll	c=735	5000	0.1620	0.1612	0.1722	584962
pc:count:naive	2	2.75	Mono.Cecil.dll	c=992	5000	0.2665	0.2627	0.2927	831402
pc:count:naive	2	2.75	Newtonsoft.Json.dll	c=1509	4605	0.4045	0.3982	0.5912	1353540
pc:count:naive	2	2.75	System.Text.Json.dll	c=1337	4871	0.3820	0.3767	0.5732	1390858
pc:count:naive	2	2.75	NuGet.Packaging.dll	c=999	5000	0.2996	0.2940	0.3722	995538
pc:count:naive	2	2.75	Microsoft.CodeAnalysis.CSharp.dll	c=13161	191	10.7352	7.5128	13.7825	16476456
pc:count:naive	2	2.75	System.Private.CoreLib.dll	c=22475	131	15.6548	11.8802	18.4072	26124296
pa:exists:after	2	2.59	CommandLine.dll	true	5000	0.0348	0.0345	0.0355	152978
pa:exists:after	2	2.59	Humanizer.dll	false	5000	0.0837	0.0830	0.0897	301858
pa:exists:after	2	2.59	Mono.Cecil.dll	false	5000	0.0714	0.0707	0.0743	105346
pa:exists:after	2	2.59	Newtonsoft.Json.dll	true	5000	0.0335	0.0333	0.0339	153554
pa:exists:after	2	2.59	System.Text.Json.dll	true	5000	0.0034	0.0033	0.0035	5714
pa:exists:after	2	2.59	NuGet.Packaging.dll	true	5000	0.0217	0.0215	0.0219	69010
pa:exists:after	2	2.59	Microsoft.CodeAnalysis.CSharp.dll	false	1439	1.3828	1.3660	1.4235	2331774
pa:exists:after	2	2.59	System.Private.CoreLib.dll	true	1589	1.2524	1.2328	1.2874	3885916
pa:exists:nlinq	2	2.54	CommandLine.dll	true	5000	0.0374	0.0372	0.0380	152322
pa:exists:nlinq	2	2.54	Humanizer.dll	false	5000	0.0932	0.0924	0.0997	301202
pa:exists:nlinq	2	2.54	Mono.Cecil.dll	false	5000	0.0904	0.0888	0.0947	104690
pa:exists:nlinq	2	2.54	Newtonsoft.Json.dll	true	5000	0.0344	0.0341	0.0348	152898
pa:exists:nlinq	2	2.54	System.Text.Json.dll	true	5000	0.0045	0.0044	0.0047	5058
pa:exists:nlinq	2	2.54	NuGet.Packaging.dll	true	5000	0.0239	0.0237	0.0242	68354
pa:exists:nlinq	2	2.54	Microsoft.CodeAnalysis.CSharp.dll	false	1235	1.6132	1.5958	1.6535	2331122
pa:exists:nlinq	2	2.54	System.Private.CoreLib.dll	true	1508	1.3234	1.2996	1.3558	3885261
pa:exists:old	2	2.42	CommandLine.dll	true	5000	0.1925	0.1899	0.2039	613465
pa:exists:old	2	2.42	Humanizer.dll	false	5000	0.2107	0.2073	0.2237	761658
pa:exists:old	2	2.42	Mono.Cecil.dll	false	5000	0.2674	0.2627	0.2869	760114
pa:exists:old	2	2.42	Newtonsoft.Json.dll	true	3399	0.5550	0.5442	0.7293	1751196
pa:exists:old	2	2.42	System.Text.Json.dll	true	3743	0.5001	0.4890	0.6726	1662136
pa:exists:old	2	2.42	NuGet.Packaging.dll	true	3579	0.4886	0.4767	0.8037	1478347
pa:exists:old	2	2.42	Microsoft.CodeAnalysis.CSharp.dll	false	481	4.1584	4.1087	4.2303	9857441
pa:exists:old	2	2.42	System.Private.CoreLib.dll	true	131	14.7498	14.3607	18.0942	36602007
pc:exists:after	2	2.42	CommandLine.dll	true	5000	0.0019	0.0018	0.0025	5026
pc:exists:after	2	2.42	Humanizer.dll	true	5000	0.0018	0.0017	0.0018	5026
pc:exists:after	2	2.42	Mono.Cecil.dll	true	5000	0.0018	0.0017	0.0018	5026
pc:exists:after	2	2.42	Newtonsoft.Json.dll	true	5000	0.0018	0.0017	0.0018	5026
pc:exists:after	2	2.42	System.Text.Json.dll	true	5000	0.0018	0.0017	0.0018	5026
pc:exists:after	2	2.42	NuGet.Packaging.dll	true	5000	0.0018	0.0017	0.0019	5026
pc:exists:after	2	2.42	Microsoft.CodeAnalysis.CSharp.dll	true	5000	0.0018	0.0017	0.0019	5026
pc:exists:after	2	2.42	System.Private.CoreLib.dll	true	5000	0.0020	0.0020	0.0021	5026
pc:exists:nlinq	2	2.42	CommandLine.dll	true	5000	0.0027	0.0026	0.0033	4370
pc:exists:nlinq	2	2.42	Humanizer.dll	true	5000	0.0017	0.0016	0.0017	4370
pc:exists:nlinq	2	2.42	Mono.Cecil.dll	true	5000	0.0017	0.0016	0.0017	4370
pc:exists:nlinq	2	2.42	Newtonsoft.Json.dll	true	5000	0.0017	0.0016	0.0017	4370
pc:exists:nlinq	2	2.42	System.Text.Json.dll	true	5000	0.0017	0.0016	0.0017	4370
pc:exists:nlinq	2	2.42	NuGet.Packaging.dll	true	5000	0.0022	0.0022	0.0023	4370
pc:exists:nlinq	2	2.42	Microsoft.CodeAnalysis.CSharp.dll	true	5000	0.0018	0.0017	0.0018	4370
pc:exists:nlinq	2	2.42	System.Private.CoreLib.dll	true	5000	0.0025	0.0023	0.0025	4370
pc:exists:after	3	2.42	CommandLine.dll	true	5000	0.0019	0.0018	0.0025	5026
pc:exists:after	3	2.42	Humanizer.dll	true	5000	0.0018	0.0017	0.0019	5026
pc:exists:after	3	2.42	Mono.Cecil.dll	true	5000	0.0018	0.0017	0.0019	5026
pc:exists:after	3	2.42	Newtonsoft.Json.dll	true	5000	0.0018	0.0017	0.0019	5026
pc:exists:after	3	2.42	System.Text.Json.dll	true	5000	0.0018	0.0017	0.0019	5026
pc:exists:after	3	2.42	NuGet.Packaging.dll	true	5000	0.0018	0.0017	0.0019	5026
pc:exists:after	3	2.42	Microsoft.CodeAnalysis.CSharp.dll	true	5000	0.0018	0.0017	0.0019	5026
pc:exists:after	3	2.42	System.Private.CoreLib.dll	true	5000	0.0020	0.0020	0.0021	5026
pa:exists:old	3	2.42	CommandLine.dll	true	5000	0.1949	0.1920	0.2065	613465
pa:exists:old	3	2.42	Humanizer.dll	false	5000	0.2114	0.2062	0.2245	761658
pa:exists:old	3	2.42	Mono.Cecil.dll	false	5000	0.2704	0.2661	0.2842	760114
pa:exists:old	3	2.42	Newtonsoft.Json.dll	true	3411	0.5531	0.5414	0.7277	1751196
pa:exists:old	3	2.42	System.Text.Json.dll	true	3730	0.5001	0.4890	0.6818	1662134
pa:exists:old	3	2.42	NuGet.Packaging.dll	true	3707	0.4894	0.4787	0.7692	1478356
pa:exists:old	3	2.42	Microsoft.CodeAnalysis.CSharp.dll	false	480	4.1715	4.1100	4.2441	9857441
pa:exists:old	3	2.42	System.Private.CoreLib.dll	true	131	14.7568	14.3860	17.9626	36602272
pa:exists:nlinq	3	2.51	CommandLine.dll	true	5000	0.0372	0.0370	0.0377	152322
pa:exists:nlinq	3	2.51	Humanizer.dll	false	5000	0.0922	0.0914	0.0987	301202
pa:exists:nlinq	3	2.51	Mono.Cecil.dll	false	5000	0.0903	0.0892	0.0950	104690
pa:exists:nlinq	3	2.51	Newtonsoft.Json.dll	true	5000	0.0344	0.0341	0.0347	152898
pa:exists:nlinq	3	2.51	System.Text.Json.dll	true	5000	0.0045	0.0044	0.0047	5058
pa:exists:nlinq	3	2.51	NuGet.Packaging.dll	true	5000	0.0236	0.0234	0.0238	68354
pa:exists:nlinq	3	2.51	Microsoft.CodeAnalysis.CSharp.dll	false	1243	1.6034	1.5851	1.6445	2331122
pa:exists:nlinq	3	2.51	System.Private.CoreLib.dll	true	1512	1.3179	1.2975	1.3513	3885261
pa:exists:after	3	2.63	CommandLine.dll	true	5000	0.0349	0.0347	0.0353	152978
pa:exists:after	3	2.63	Humanizer.dll	false	5000	0.0837	0.0831	0.0894	301858
pa:exists:after	3	2.63	Mono.Cecil.dll	false	5000	0.0722	0.0717	0.0754	105346
pa:exists:after	3	2.63	Newtonsoft.Json.dll	true	5000	0.0336	0.0333	0.0340	153554
pa:exists:after	3	2.63	System.Text.Json.dll	true	5000	0.0034	0.0033	0.0035	5714
pa:exists:after	3	2.63	NuGet.Packaging.dll	true	5000	0.0216	0.0214	0.0218	69010
pa:exists:after	3	2.63	Microsoft.CodeAnalysis.CSharp.dll	false	1440	1.3812	1.3648	1.4235	2331774
pa:exists:after	3	2.63	System.Private.CoreLib.dll	true	1582	1.2628	1.2291	1.2923	3885916
pc:count:naive	3	2.61	CommandLine.dll	c=403	5000	0.1642	0.1630	0.1743	621730
pc:count:naive	3	2.61	Humanizer.dll	c=735	5000	0.1606	0.1596	0.1703	584962
pc:count:naive	3	2.61	Mono.Cecil.dll	c=992	5000	0.2645	0.2622	0.3066	831402
pc:count:naive	3	2.61	Newtonsoft.Json.dll	c=1509	4636	0.4015	0.3963	0.5903	1353540
pc:count:naive	3	2.61	System.Text.Json.dll	c=1337	4894	0.3802	0.3751	0.5705	1390858
pc:count:naive	3	2.61	NuGet.Packaging.dll	c=999	5000	0.2988	0.2930	0.3735	995538
pc:count:naive	3	2.61	Microsoft.CodeAnalysis.CSharp.dll	c=13161	198	10.2844	7.3060	13.6411	16476474
pc:count:naive	3	2.61	System.Private.CoreLib.dll	c=22475	131	15.6216	11.7586	18.4375	26124271
pc:count:linq	3	2.59	CommandLine.dll	c=403	5000	0.2042	0.2031	0.2151	652250
pc:count:linq	3	2.59	Humanizer.dll	c=735	5000	0.1907	0.1895	0.2004	573866
pc:count:linq	3	2.59	Mono.Cecil.dll	c=992	5000	0.3182	0.3165	0.3493	839658
pc:count:linq	3	2.59	Newtonsoft.Json.dll	c=1509	4118	0.4768	0.4728	0.5102	1335015
pc:count:linq	3	2.59	System.Text.Json.dll	c=1337	4397	0.4467	0.4405	0.4797	1343285
pc:count:linq	3	2.59	NuGet.Packaging.dll	c=999	5000	0.3798	0.3770	0.4129	1063018
pc:count:linq	3	2.59	Microsoft.CodeAnalysis.CSharp.dll	c=13161	383	5.2056	5.1721	5.2720	16032717
pc:count:linq	3	2.59	System.Private.CoreLib.dll	c=22475	255	7.7982	7.7539	8.1445	24620973
pc:count:nlinq	3	2.67	CommandLine.dll	c=403	5000	0.0180	0.0179	0.0187	4362
pc:count:nlinq	3	2.67	Humanizer.dll	c=735	5000	0.0244	0.0242	0.0246	4362
pc:count:nlinq	3	2.67	Mono.Cecil.dll	c=992	5000	0.0464	0.0462	0.0470	4362
pc:count:nlinq	3	2.67	Newtonsoft.Json.dll	c=1509	5000	0.0583	0.0581	0.0594	4362
pc:count:nlinq	3	2.67	System.Text.Json.dll	c=1337	5000	0.0508	0.0501	0.0514	4362
pc:count:nlinq	3	2.67	NuGet.Packaging.dll	c=999	5000	0.0470	0.0468	0.0475	4362
pc:count:nlinq	3	2.67	Microsoft.CodeAnalysis.CSharp.dll	c=13161	3859	0.5170	0.5124	0.5253	4353
pc:count:nlinq	3	2.67	System.Private.CoreLib.dll	c=22475	3231	0.5953	0.5889	0.6088	4356
pc:count:after	3	2.61	CommandLine.dll	c=403	5000	0.0125	0.0123	0.0131	5018
pc:count:after	3	2.61	Humanizer.dll	c=735	5000	0.0202	0.0201	0.0204	5018
pc:count:after	3	2.61	Mono.Cecil.dll	c=992	5000	0.0380	0.0378	0.0383	5018
pc:count:after	3	2.61	Newtonsoft.Json.dll	c=1509	5000	0.0456	0.0453	0.0462	5018
pc:count:after	3	2.61	System.Text.Json.dll	c=1337	5000	0.0387	0.0385	0.0391	5018
pc:count:after	3	2.61	NuGet.Packaging.dll	c=999	5000	0.0357	0.0355	0.0360	5018
pc:count:after	3	2.61	Microsoft.CodeAnalysis.CSharp.dll	c=13161	5000	0.3899	0.3857	0.3988	5018
pc:count:after	3	2.61	System.Private.CoreLib.dll	c=22475	4043	0.4923	0.4883	0.5022	5008
pa:count:old	3	2.48	CommandLine.dll	c=3	5000	0.1929	0.1905	0.2041	613459
pa:count:old	3	2.48	Humanizer.dll	c=0	5000	0.2101	0.2063	0.2230	761650
pa:count:old	3	2.48	Mono.Cecil.dll	c=0	5000	0.2685	0.2640	0.2840	760106
pa:count:old	3	2.48	Newtonsoft.Json.dll	c=11	3386	0.5574	0.5469	0.7245	1751159
pa:count:old	3	2.48	System.Text.Json.dll	c=8	3753	0.5032	0.4928	0.6547	1662191
pa:count:old	3	2.48	NuGet.Packaging.dll	c=22	3683	0.4921	0.4799	0.7730	1478325
pa:count:old	3	2.48	Microsoft.CodeAnalysis.CSharp.dll	c=0	478	4.1844	4.1314	4.2570	9857433
pa:count:old	3	2.48	System.Private.CoreLib.dll	c=31	131	14.7835	14.4065	18.1710	36602146
pa:count:nlinq	3	2.52	CommandLine.dll	c=3	5000	0.0689	0.0685	0.0746	258842
pa:count:nlinq	3	2.52	Humanizer.dll	c=0	5000	0.0872	0.0868	0.0931	301194
pa:count:nlinq	3	2.52	Mono.Cecil.dll	c=0	5000	0.0799	0.0795	0.0840	104682
pa:count:nlinq	3	2.52	Newtonsoft.Json.dll	c=11	5000	0.2437	0.2412	0.2634	793514
pa:count:nlinq	3	2.52	System.Text.Json.dll	c=8	5000	0.2181	0.2159	0.2322	784538
pa:count:nlinq	3	2.52	NuGet.Packaging.dll	c=22	5000	0.1177	0.1172	0.1197	269466
pa:count:nlinq	3	2.52	Microsoft.CodeAnalysis.CSharp.dll	c=0	1351	1.4728	1.4555	1.5155	2331112
pa:count:nlinq	3	2.52	System.Private.CoreLib.dll	c=31	591	3.3847	3.3567	3.4208	8874492
pa:count:after	3	2.55	CommandLine.dll	c=3	5000	0.0638	0.0634	0.0689	259498
pa:count:after	3	2.55	Humanizer.dll	c=0	5000	0.0837	0.0832	0.0894	301850
pa:count:after	3	2.55	Mono.Cecil.dll	c=0	5000	0.0713	0.0709	0.0752	105338
pa:count:after	3	2.55	Newtonsoft.Json.dll	c=11	5000	0.2299	0.2277	0.2459	794170
pa:count:after	3	2.55	System.Text.Json.dll	c=8	5000	0.2051	0.2033	0.2179	785194
pa:count:after	3	2.55	NuGet.Packaging.dll	c=22	5000	0.1062	0.1050	0.1128	270122
pa:count:after	3	2.55	Microsoft.CodeAnalysis.CSharp.dll	c=0	1437	1.3847	1.3677	1.4254	2331766
pa:count:after	3	2.55	System.Private.CoreLib.dll	c=31	601	3.3262	3.3047	3.3507	8875147
pc:head:naive	3	2.46	CommandLine.dll	n=6;h=38398B5E	5000	0.1655	0.1641	0.1759	621994
pc:head:naive	3	2.46	Humanizer.dll	n=6;h=D93A2D05	5000	0.1624	0.1614	0.1725	585226
pc:head:naive	3	2.46	Mono.Cecil.dll	n=6;h=EAFAA362	5000	0.2657	0.2621	0.2991	831666
pc:head:naive	3	2.46	Newtonsoft.Json.dll	n=6;h=A4332D4B	4640	0.4016	0.3952	0.5837	1353804
pc:head:naive	3	2.46	System.Text.Json.dll	n=6;h=7C8B77FF	4891	0.3806	0.3747	0.5712	1391122
pc:head:naive	3	2.46	NuGet.Packaging.dll	n=6;h=10648FC9	5000	0.3029	0.2985	0.3730	995802
pc:head:naive	3	2.46	Microsoft.CodeAnalysis.CSharp.dll	n=6;h=83A9E69E	193	10.4245	7.3147	14.1752	16476725
pc:head:naive	3	2.46	System.Private.CoreLib.dll	n=6;h=8CF51FF1	129	15.8934	11.7602	18.9562	26124380
pc:head:linq	3	2.54	CommandLine.dll	n=6;h=38398B5E	5000	0.0074	0.0073	0.0077	17810
pc:head:linq	3	2.54	Humanizer.dll	n=6;h=D93A2D05	5000	0.0033	0.0032	0.0034	10706
pc:head:linq	3	2.54	Mono.Cecil.dll	n=6;h=EAFAA362	5000	0.0032	0.0031	0.0033	10242
pc:head:linq	3	2.54	Newtonsoft.Json.dll	n=6;h=A4332D4B	5000	0.0032	0.0031	0.0033	10186
pc:head:linq	3	2.54	System.Text.Json.dll	n=6;h=7C8B77FF	5000	0.0071	0.0070	0.0073	10674
pc:head:linq	3	2.54	NuGet.Packaging.dll	n=6;h=10648FC9	5000	0.0057	0.0056	0.0059	15082
pc:head:linq	3	2.54	Microsoft.CodeAnalysis.CSharp.dll	n=6;h=83A9E69E	5000	0.0034	0.0033	0.0035	10242
pc:head:linq	3	2.54	System.Private.CoreLib.dll	n=6;h=8CF51FF1	5000	0.0100	0.0099	0.0102	18594
pc:head:nlinq	3	2.54	CommandLine.dll	n=6;h=38398B5E	5000	0.0041	0.0040	0.0047	10274
pc:head:nlinq	3	2.54	Humanizer.dll	n=6;h=D93A2D05	5000	0.0026	0.0026	0.0027	8274
pc:head:nlinq	3	2.54	Mono.Cecil.dll	n=6;h=EAFAA362	5000	0.0027	0.0027	0.0027	8042
pc:head:nlinq	3	2.54	Newtonsoft.Json.dll	n=6;h=A4332D4B	5000	0.0026	0.0026	0.0027	7986
pc:head:nlinq	3	2.54	System.Text.Json.dll	n=6;h=7C8B77FF	5000	0.0043	0.0042	0.0045	8474
pc:head:nlinq	3	2.54	NuGet.Packaging.dll	n=6;h=10648FC9	5000	0.0038	0.0037	0.0040	11026
pc:head:nlinq	3	2.54	Microsoft.CodeAnalysis.CSharp.dll	n=6;h=83A9E69E	5000	0.0027	0.0025	0.0027	7578
pc:head:nlinq	3	2.54	System.Private.CoreLib.dll	n=6;h=8CF51FF1	5000	0.0049	0.0048	0.0051	7346
pc:head:after	3	2.54	CommandLine.dll	n=6;h=38398B5E	5000	0.0032	0.0031	0.0035	10338
pc:head:after	3	2.54	Humanizer.dll	n=6;h=D93A2D05	5000	0.0025	0.0025	0.0026	8338
pc:head:after	3	2.54	Mono.Cecil.dll	n=6;h=EAFAA362	5000	0.0026	0.0025	0.0027	8106
pc:head:after	3	2.54	Newtonsoft.Json.dll	n=6;h=A4332D4B	5000	0.0025	0.0025	0.0026	8050
pc:head:after	3	2.54	System.Text.Json.dll	n=6;h=7C8B77FF	5000	0.0033	0.0033	0.0034	8538
pc:head:after	3	2.54	NuGet.Packaging.dll	n=6;h=10648FC9	5000	0.0032	0.0031	0.0033	11090
pc:head:after	3	2.54	Microsoft.CodeAnalysis.CSharp.dll	n=6;h=83A9E69E	5000	0.0025	0.0024	0.0025	7642
pc:head:after	3	2.54	System.Private.CoreLib.dll	n=6;h=8CF51FF1	5000	0.0036	0.0035	0.0037	7410
pa:head:old	3	2.54	CommandLine.dll	n=3;names=003D5581	5000	0.1920	0.1892	0.1961	613687
pa:head:old	3	2.54	Humanizer.dll	n=0;names=811C9DC5	5000	0.2082	0.2055	0.2124	761746
pa:head:old	3	2.54	Mono.Cecil.dll	n=0;names=811C9DC5	5000	0.2644	0.2615	0.2701	760202
pa:head:old	3	2.54	Newtonsoft.Json.dll	n=6;names=D2C3079F	3461	0.5465	0.5394	0.6988	1751529
pa:head:old	3	2.54	System.Text.Json.dll	n=6;names=E380D9F1	3753	0.4950	0.4880	0.6824	1662478
pa:head:old	3	2.54	NuGet.Packaging.dll	n=6;names=C5650123	3729	0.4829	0.4759	0.7773	1478643
pa:head:old	3	2.54	Microsoft.CodeAnalysis.CSharp.dll	n=0;names=811C9DC5	464	4.1334	4.1047	4.2582	9857530
pa:head:old	3	2.54	System.Private.CoreLib.dll	n=6;names=712F80E9	132	14.6449	14.2774	18.5403	36602171
pa:head:nlinq	3	2.49	CommandLine.dll	n=3;names=003D5581	5000	0.0749	0.0743	0.0805	265946
pa:head:nlinq	3	2.49	Humanizer.dll	n=0;names=811C9DC5	5000	0.0923	0.0916	0.0985	301394
pa:head:nlinq	3	2.49	Mono.Cecil.dll	n=0;names=811C9DC5	5000	0.0875	0.0867	0.0923	104882
pa:head:nlinq	3	2.49	Newtonsoft.Json.dll	n=6;names=D2C3079F	5000	0.1721	0.1704	0.1819	576642
pa:head:nlinq	3	2.49	System.Text.Json.dll	n=6;names=E380D9F1	5000	0.1561	0.1538	0.1668	601850
pa:head:nlinq	3	2.49	NuGet.Packaging.dll	n=6;names=C5650123	5000	0.0429	0.0426	0.0453	122242
pa:head:nlinq	3	2.49	Microsoft.CodeAnalysis.CSharp.dll	n=0;names=811C9DC5	1269	1.5705	1.5534	1.6110	2331314
pa:head:nlinq	3	2.49	System.Private.CoreLib.dll	n=6;names=712F80E9	1514	1.3169	1.2946	1.3499	3902149
pa:head:after	3	2.50	CommandLine.dll	n=3;names=003D5581	5000	0.0652	0.0648	0.0676	266106
pa:head:after	3	2.50	Humanizer.dll	n=0;names=811C9DC5	5000	0.0836	0.0831	0.0902	301458
pa:head:after	3	2.50	Mono.Cecil.dll	n=0;names=811C9DC5	5000	0.0723	0.0714	0.0776	104946
pa:head:after	3	2.50	Newtonsoft.Json.dll	n=6;names=D2C3079F	5000	0.1597	0.1580	0.1695	576706
pa:head:after	3	2.50	System.Text.Json.dll	n=6;names=E380D9F1	5000	0.1452	0.1436	0.1549	601914
pa:head:after	3	2.50	NuGet.Packaging.dll	n=6;names=C5650123	5000	0.0383	0.0380	0.0389	122306
pa:head:after	3	2.50	Microsoft.CodeAnalysis.CSharp.dll	n=0;names=811C9DC5	1417	1.4057	1.3898	1.4446	2331375
pa:head:after	3	2.50	System.Private.CoreLib.dll	n=6;names=712F80E9	1574	1.2694	1.2420	1.3004	3902212
pc:tail:naive	3	2.38	CommandLine.dll	n=6;h=2C0D37C1	5000	0.1665	0.1634	0.1769	622266
pc:tail:naive	3	2.38	Humanizer.dll	n=6;h=91D17220	5000	0.1615	0.1601	0.1715	585498
pc:tail:naive	3	2.38	Mono.Cecil.dll	n=6;h=3891C1A0	5000	0.2667	0.2640	0.2917	831938
pc:tail:naive	3	2.38	Newtonsoft.Json.dll	n=6;h=7111BB62	4610	0.4042	0.3985	0.5885	1354076
pc:tail:naive	3	2.38	System.Text.Json.dll	n=6;h=51F1B225	4858	0.3833	0.3779	0.5730	1391395
pc:tail:naive	3	2.38	NuGet.Packaging.dll	n=6;h=233EB48F	5000	0.3018	0.2965	0.3734	996074
pc:tail:naive	3	2.38	Microsoft.CodeAnalysis.CSharp.dll	n=6;h=DBA5688B	192	10.5028	7.3926	14.0865	16476995
pc:tail:naive	3	2.38	System.Private.CoreLib.dll	n=6;h=BC20A3BD	129	15.9954	11.8625	18.8585	26124943
pc:tail:linq	3	2.30	CommandLine.dll	n=6;h=2C0D37C1	5000	0.2105	0.2092	0.2212	653098
pc:tail:linq	3	2.30	Humanizer.dll	n=6;h=91D17220	5000	0.2002	0.1992	0.2101	574714
pc:tail:linq	3	2.30	Mono.Cecil.dll	n=6;h=3891C1A0	5000	0.3339	0.3304	0.3688	840506
pc:tail:linq	3	2.30	Newtonsoft.Json.dll	n=6;h=7111BB62	3942	0.4991	0.4929	0.5374	1335848
pc:tail:linq	3	2.30	System.Text.Json.dll	n=6;h=51F1B225	4235	0.4644	0.4585	0.5026	1344135
pc:tail:linq	3	2.30	NuGet.Packaging.dll	n=6;h=233EB48F	4929	0.3980	0.3927	0.4355	1063866
pc:tail:linq	3	2.30	Microsoft.CodeAnalysis.CSharp.dll	n=6;h=DBA5688B	370	5.3836	5.3416	5.5409	16033566
pc:tail:linq	3	2.30	System.Private.CoreLib.dll	n=6;h=BC20A3BD	246	8.0979	8.0446	8.4206	24621720
pc:tail:nlinq	3	2.41	CommandLine.dll	n=6;h=2C0D37C1	5000	0.0244	0.0242	0.0253	10122
pc:tail:nlinq	3	2.41	Humanizer.dll	n=6;h=91D17220	5000	0.0310	0.0309	0.0318	6810
pc:tail:nlinq	3	2.41	Mono.Cecil.dll	n=6;h=3891C1A0	5000	0.0582	0.0581	0.0608	8978
pc:tail:nlinq	3	2.41	Newtonsoft.Json.dll	n=6;h=7111BB62	5000	0.0732	0.0729	0.0761	9506
pc:tail:nlinq	3	2.41	System.Text.Json.dll	n=6;h=51F1B225	5000	0.0646	0.0643	0.0671	10266
pc:tail:nlinq	3	2.41	NuGet.Packaging.dll	n=6;h=233EB48F	5000	0.0606	0.0604	0.0617	6394
pc:tail:nlinq	3	2.41	Microsoft.CodeAnalysis.CSharp.dll	n=6;h=DBA5688B	3056	0.6538	0.6447	0.6653	9141
pc:tail:nlinq	3	2.41	System.Private.CoreLib.dll	n=6;h=BC20A3BD	2677	0.7465	0.7365	0.7581	9280
pc:tail:after	3	2.38	CommandLine.dll	n=6;h=2C0D37C1	5000	0.0133	0.0132	0.0140	9874
pc:tail:after	3	2.38	Humanizer.dll	n=6;h=91D17220	5000	0.0200	0.0199	0.0202	6562
pc:tail:after	3	2.38	Mono.Cecil.dll	n=6;h=3891C1A0	5000	0.0373	0.0371	0.0376	8730
pc:tail:after	3	2.38	Newtonsoft.Json.dll	n=6;h=7111BB62	5000	0.0446	0.0439	0.0450	9258
pc:tail:after	3	2.38	System.Text.Json.dll	n=6;h=51F1B225	5000	0.0370	0.0369	0.0372	10018
pc:tail:after	3	2.38	NuGet.Packaging.dll	n=6;h=233EB48F	5000	0.0340	0.0331	0.0347	6146
pc:tail:after	3	2.38	Microsoft.CodeAnalysis.CSharp.dll	n=6;h=DBA5688B	5000	0.3678	0.3652	0.3769	8898
pc:tail:after	3	2.38	System.Private.CoreLib.dll	n=6;h=BC20A3BD	4225	0.4723	0.4677	0.4801	9039
pa:tail:old	3	2.27	CommandLine.dll	n=3;names=003D5581	5000	0.1946	0.1907	0.2081	613855
pa:tail:old	3	2.27	Humanizer.dll	n=0;names=811C9DC5	5000	0.2113	0.2075	0.2242	761786
pa:tail:old	3	2.27	Mono.Cecil.dll	n=0;names=811C9DC5	5000	0.2691	0.2653	0.2835	760242
pa:tail:old	3	2.27	Newtonsoft.Json.dll	n=6;names=DBFE2D1D	3385	0.5581	0.5480	0.7257	1751877
pa:tail:old	3	2.27	System.Text.Json.dll	n=6;names=D5D3B3F0	3527	0.5064	0.4946	0.7317	1662663
pa:tail:old	3	2.27	NuGet.Packaging.dll	n=6;names=42CFFD24	3738	0.4877	0.4766	0.7469	1478940
pa:tail:old	3	2.27	Microsoft.CodeAnalysis.CSharp.dll	n=0;names=811C9DC5	476	4.1909	4.1702	4.2748	9857569
pa:tail:old	3	2.27	System.Private.CoreLib.dll	n=6;names=09E175C7	130	14.7851	14.3906	18.6773	36602733
pa:tail:nlinq	3	2.28	CommandLine.dll	n=3;names=003D5581	5000	0.0735	0.0730	0.0790	266218
pa:tail:nlinq	3	2.28	Humanizer.dll	n=0;names=811C9DC5	5000	0.0904	0.0898	0.0964	301570
pa:tail:nlinq	3	2.28	Mono.Cecil.dll	n=0;names=811C9DC5	5000	0.0859	0.0854	0.0908	105058
pa:tail:nlinq	3	2.28	Newtonsoft.Json.dll	n=6;names=DBFE2D1D	5000	0.2515	0.2497	0.2685	802250
pa:tail:nlinq	3	2.28	System.Text.Json.dll	n=6;names=D5D3B3F0	5000	0.2264	0.2244	0.2434	791786
pa:tail:nlinq	3	2.28	NuGet.Packaging.dll	n=6;names=42CFFD24	5000	0.1278	0.1273	0.1364	278370
pa:tail:nlinq	3	2.28	Microsoft.CodeAnalysis.CSharp.dll	n=0;names=811C9DC5	1295	1.5377	1.5241	1.5786	2331489
pa:tail:nlinq	3	2.28	System.Private.CoreLib.dll	n=6;names=09E175C7	582	3.4342	3.4109	3.4646	8879172
pa:tail:after	3	2.40	CommandLine.dll	n=3;names=003D5581	5000	0.0645	0.0642	0.0679	265970
pa:tail:after	3	2.40	Humanizer.dll	n=0;names=811C9DC5	5000	0.0827	0.0818	0.0897	301346
pa:tail:after	3	2.40	Mono.Cecil.dll	n=0;names=811C9DC5	5000	0.0690	0.0687	0.0740	104834
pa:tail:after	3	2.40	Newtonsoft.Json.dll	n=6;names=DBFE2D1D	5000	0.2305	0.2275	0.2506	802002
pa:tail:after	3	2.40	System.Text.Json.dll	n=6;names=D5D3B3F0	5000	0.2058	0.2040	0.2211	791538
pa:tail:after	3	2.40	NuGet.Packaging.dll	n=6;names=42CFFD24	5000	0.1063	0.1057	0.1134	278122
pa:tail:after	3	2.40	Microsoft.CodeAnalysis.CSharp.dll	n=0;names=811C9DC5	1476	1.3484	1.3327	1.3886	2331262
pa:tail:after	3	2.40	System.Private.CoreLib.dll	n=6;names=09E175C7	607	3.2965	3.2633	3.3366	8878923
pc:rows:naive	3	2.37	CommandLine.dll	n=403;h=0DAD55A3	5000	0.1657	0.1643	0.1763	621730
pc:rows:naive	3	2.37	Humanizer.dll	n=735;h=ABE64147	5000	0.1615	0.1603	0.1713	584962
pc:rows:naive	3	2.37	Mono.Cecil.dll	n=992;h=D45F7327	5000	0.2665	0.2615	0.2960	831402
pc:rows:naive	3	2.37	Newtonsoft.Json.dll	n=1509;h=30587641	4613	0.4039	0.3988	0.5905	1353540
pc:rows:naive	3	2.37	System.Text.Json.dll	n=1337;h=15AB9B20	4823	0.3867	0.3807	0.5781	1390859
pc:rows:naive	3	2.37	NuGet.Packaging.dll	n=999;h=910CC3CB	5000	0.3017	0.2962	0.3759	995538
pc:rows:naive	3	2.37	Microsoft.CodeAnalysis.CSharp.dll	n=13161;h=20D748F8	190	10.5477	7.4486	14.2285	16476464
pc:rows:naive	3	2.37	System.Private.CoreLib.dll	n=22475;h=21372B1F	129	15.9997	11.7890	18.8781	26124590
pc:rows:linq	3	2.60	CommandLine.dll	n=403;h=0DAD55A3	5000	0.2083	0.2067	0.2201	676954
pc:rows:linq	3	2.60	Humanizer.dll	n=735;h=ABE64147	5000	0.1999	0.1987	0.2112	623170
pc:rows:linq	3	2.60	Mono.Cecil.dll	n=992;h=D45F7327	5000	0.3309	0.3283	0.3879	888962
pc:rows:linq	3	2.60	Newtonsoft.Json.dll	n=1509;h=30587641	3769	0.4977	0.4909	0.6795	1433481
pc:rows:linq	3	2.60	System.Text.Json.dll	n=1337;h=15AB9B20	4030	0.4633	0.4564	0.6268	1441752
pc:rows:linq	3	2.60	NuGet.Packaging.dll	n=999;h=910CC3CB	4885	0.3923	0.3860	0.4832	1112322
pc:rows:linq	3	2.60	Microsoft.CodeAnalysis.CSharp.dll	n=13161;h=20D748F8	185	10.8277	7.9882	14.2212	16819442
pc:rows:linq	3	2.60	System.Private.CoreLib.dll	n=22475;h=21372B1F	121	16.8187	14.4347	18.6849	26195659
pc:rows:nlinq	3	2.77	CommandLine.dll	n=403;h=0DAD55A3	5000	0.1681	0.1669	0.1782	611426
pc:rows:nlinq	3	2.77	Humanizer.dll	n=735;h=ABE64147	5000	0.1590	0.1581	0.1690	566690
pc:rows:nlinq	3	2.77	Mono.Cecil.dll	n=992;h=D45F7327	5000	0.2603	0.2575	0.2773	806962
pc:rows:nlinq	3	2.77	Newtonsoft.Json.dll	n=1509;h=30587641	4610	0.3994	0.3942	0.5784	1316692
pc:rows:nlinq	3	2.77	System.Text.Json.dll	n=1337;h=15AB9B20	4947	0.3747	0.3696	0.5452	1358138
pc:rows:nlinq	3	2.77	NuGet.Packaging.dll	n=999;h=910CC3CB	5000	0.3000	0.2947	0.3682	970930
pc:rows:nlinq	3	2.77	Microsoft.CodeAnalysis.CSharp.dll	n=13161;h=20D748F8	193	9.9441	7.0038	13.9183	16159965
pc:rows:nlinq	3	2.77	System.Private.CoreLib.dll	n=22475;h=21372B1F	133	15.6203	11.2940	18.1190	25584170
pc:rows:after	3	2.73	CommandLine.dll	n=403;h=0DAD55A3	5000	0.1662	0.1651	0.1765	621730
pc:rows:after	3	2.73	Humanizer.dll	n=735;h=ABE64147	5000	0.1617	0.1597	0.1713	584962
pc:rows:after	3	2.73	Mono.Cecil.dll	n=992;h=D45F7327	5000	0.2666	0.2645	0.3065	831402
pc:rows:after	3	2.73	Newtonsoft.Json.dll	n=1509;h=30587641	4611	0.4035	0.3985	0.5904	1353540
pc:rows:after	3	2.73	System.Text.Json.dll	n=1337;h=15AB9B20	4875	0.3805	0.3738	0.5713	1390858
pc:rows:after	3	2.73	NuGet.Packaging.dll	n=999;h=910CC3CB	5000	0.2976	0.2920	0.3719	995538
pc:rows:after	3	2.73	Microsoft.CodeAnalysis.CSharp.dll	n=13161;h=20D748F8	196	10.2935	7.3249	13.9814	16476460
pc:rows:after	3	2.73	System.Private.CoreLib.dll	n=22475;h=21372B1F	129	15.9144	11.8081	18.8825	26124181
pa:rows:old	3	2.71	CommandLine.dll	n=3;names=003D5581	5000	0.1935	0.1905	0.2069	613459
pa:rows:old	3	2.71	Humanizer.dll	n=0;names=811C9DC5	5000	0.2103	0.2068	0.2241	761650
pa:rows:old	3	2.71	Mono.Cecil.dll	n=0;names=811C9DC5	5000	0.2681	0.2636	0.2819	760106
pa:rows:old	3	2.71	Newtonsoft.Json.dll	n=11;names=DF6BFB0D	3405	0.5550	0.5442	0.7217	1751158
pa:rows:old	3	2.71	System.Text.Json.dll	n=8;names=1113A289	3749	0.5040	0.4940	0.6547	1662179
pa:rows:old	3	2.71	NuGet.Packaging.dll	n=22;names=D7AF274C	3688	0.4917	0.4821	0.7631	1478373
pa:rows:old	3	2.71	Microsoft.CodeAnalysis.CSharp.dll	n=0;names=811C9DC5	481	4.1512	4.1165	4.2248	9857433
pa:rows:old	3	2.71	System.Private.CoreLib.dll	n=31;names=A234A9CC	131	14.7272	14.3363	18.6203	36601975
pa:rows:nlinq	3	2.63	CommandLine.dll	n=3;names=003D5581	5000	0.0737	0.0732	0.0796	265898
pa:rows:nlinq	3	2.63	Humanizer.dll	n=0;names=811C9DC5	5000	0.0907	0.0902	0.0965	301226
pa:rows:nlinq	3	2.63	Mono.Cecil.dll	n=0;names=811C9DC5	5000	0.0867	0.0858	0.0912	104714
pa:rows:nlinq	3	2.63	Newtonsoft.Json.dll	n=11;names=DF6BFB0D	5000	0.2565	0.2538	0.2735	807970
pa:rows:nlinq	3	2.63	System.Text.Json.dll	n=8;names=1113A289	5000	0.2295	0.2275	0.2478	793594
pa:rows:nlinq	3	2.63	NuGet.Packaging.dll	n=22;names=D7AF274C	5000	0.1367	0.1361	0.1455	310178
pa:rows:nlinq	3	2.63	Microsoft.CodeAnalysis.CSharp.dll	n=0;names=811C9DC5	1282	1.5535	1.5348	1.5952	2331145
pa:rows:nlinq	3	2.63	System.Private.CoreLib.dll	n=31;names=A234A9CC	577	3.4633	3.4423	3.4990	8899332
pa:rows:after	3	2.74	CommandLine.dll	n=3;names=003D5581	5000	0.0709	0.0704	0.0770	266818
pa:rows:after	3	2.74	Humanizer.dll	n=0;names=811C9DC5	5000	0.0938	0.0931	0.1017	302170
pa:rows:after	3	2.74	Mono.Cecil.dll	n=0;names=811C9DC5	5000	0.0916	0.0911	0.0942	105658
pa:rows:after	3	2.74	Newtonsoft.Json.dll	n=11;names=DF6BFB0D	5000	0.2600	0.2565	0.2785	808866
pa:rows:after	3	2.74	System.Text.Json.dll	n=8;names=1113A289	5000	0.2365	0.2341	0.2517	794202
pa:rows:after	3	2.74	NuGet.Packaging.dll	n=22;names=D7AF274C	5000	0.1381	0.1362	0.1461	311338
pa:rows:after	3	2.74	Microsoft.CodeAnalysis.CSharp.dll	n=0;names=811C9DC5	1235	1.6134	1.5947	1.6565	2332090
pa:rows:after	3	2.74	System.Private.CoreLib.dll	n=31;names=A234A9CC	568	3.5199	3.5004	3.5476	8900709
pc:window:naive	3	2.85	CommandLine.dll	n=11;h=9289C8A6	5000	0.1658	0.1634	0.1754	622186
pc:window:naive	3	2.85	Humanizer.dll	n=11;h=13A97420	5000	0.1618	0.1610	0.1716	585418
pc:window:naive	3	2.85	Mono.Cecil.dll	n=11;h=D01076C5	5000	0.2662	0.2626	0.2973	831858
pc:window:naive	3	2.85	Newtonsoft.Json.dll	n=11;h=1E2EEF32	4614	0.4035	0.3985	0.5866	1353996
pc:window:naive	3	2.85	System.Text.Json.dll	n=11;h=BA929ADB	4877	0.3820	0.3767	0.5716	1391314
pc:window:naive	3	2.85	NuGet.Packaging.dll	n=11;h=11E00573	5000	0.3028	0.2974	0.3649	995994
pc:window:naive	3	2.85	Microsoft.CodeAnalysis.CSharp.dll	n=11;h=F4CCA210	194	10.5093	7.3563	14.1009	16476920
pc:window:naive	3	2.85	System.Private.CoreLib.dll	n=11;h=3D959E9B	126	16.0241	11.7273	18.8702	26124883
pc:window:linq	3	2.80	CommandLine.dll	n=11;h=9289C8A6	5000	0.0530	0.0526	0.0599	176450
pc:window:linq	3	2.80	Humanizer.dll	n=11;h=13A97420	5000	0.0282	0.0280	0.0286	89570
pc:window:linq	3	2.80	Mono.Cecil.dll	n=11;h=D01076C5	5000	0.0313	0.0311	0.0320	96170
pc:window:linq	3	2.80	Newtonsoft.Json.dll	n=11;h=1E2EEF32	5000	0.0315	0.0313	0.0321	94954
pc:window:linq	3	2.80	System.Text.Json.dll	n=11;h=BA929ADB	5000	0.0332	0.0329	0.0340	113418
pc:window:linq	3	2.80	NuGet.Packaging.dll	n=11;h=11E00573	5000	0.0350	0.0348	0.0356	104746
pc:window:linq	3	2.80	Microsoft.CodeAnalysis.CSharp.dll	n=11;h=F4CCA210	5000	0.0671	0.0666	0.0717	124674
pc:window:linq	3	2.80	System.Private.CoreLib.dll	n=11;h=3D959E9B	5000	0.0382	0.0379	0.0387	96858
pc:window:nlinq	3	2.80	CommandLine.dll	n=11;h=9289C8A6	5000	0.0089	0.0088	0.0093	19074
pc:window:nlinq	3	2.80	Humanizer.dll	n=11;h=13A97420	5000	0.0062	0.0061	0.0064	12890
pc:window:nlinq	3	2.80	Mono.Cecil.dll	n=11;h=D01076C5	5000	0.0075	0.0075	0.0077	15842
pc:window:nlinq	3	2.80	Newtonsoft.Json.dll	n=11;h=1E2EEF32	5000	0.0085	0.0084	0.0086	16690
pc:window:nlinq	3	2.80	System.Text.Json.dll	n=11;h=BA929ADB	5000	0.0081	0.0080	0.0083	16986
pc:window:nlinq	3	2.80	NuGet.Packaging.dll	n=11;h=11E00573	5000	0.0080	0.0079	0.0081	15378
pc:window:nlinq	3	2.80	Microsoft.CodeAnalysis.CSharp.dll	n=11;h=F4CCA210	5000	0.0201	0.0200	0.0202	15282
pc:window:nlinq	3	2.80	System.Private.CoreLib.dll	n=11;h=3D959E9B	5000	0.0091	0.0090	0.0092	11250
pc:window:after	3	2.80	CommandLine.dll	n=11;h=9289C8A6	5000	0.0072	0.0071	0.0075	19138
pc:window:after	3	2.80	Humanizer.dll	n=11;h=13A97420	5000	0.0056	0.0055	0.0057	12954
pc:window:after	3	2.80	Mono.Cecil.dll	n=11;h=D01076C5	5000	0.0066	0.0065	0.0067	15906
pc:window:after	3	2.80	Newtonsoft.Json.dll	n=11;h=1E2EEF32	5000	0.0073	0.0072	0.0074	16754
pc:window:after	3	2.80	System.Text.Json.dll	n=11;h=BA929ADB	5000	0.0062	0.0062	0.0063	17050
pc:window:after	3	2.80	NuGet.Packaging.dll	n=11;h=11E00573	5000	0.0065	0.0064	0.0066	15442
pc:window:after	3	2.80	Microsoft.CodeAnalysis.CSharp.dll	n=11;h=F4CCA210	5000	0.0115	0.0114	0.0117	15346
pc:window:after	3	2.80	System.Private.CoreLib.dll	n=11;h=3D959E9B	5000	0.0067	0.0067	0.0069	11314
pa:window:old	3	2.80	CommandLine.dll	fail	5000	0.1946	0.1913	0.2058	613465
pa:window:old	3	2.80	Humanizer.dll	fail	5000	0.2121	0.2085	0.2246	761658
pa:window:old	3	2.80	Mono.Cecil.dll	fail	5000	0.2707	0.2645	0.2842	760114
pa:window:old	3	2.80	Newtonsoft.Json.dll	fail	3361	0.5615	0.5496	0.7364	1751193
pa:window:old	3	2.80	System.Text.Json.dll	fail	3694	0.5061	0.4963	0.6807	1662132
pa:window:old	3	2.80	NuGet.Packaging.dll	fail	3661	0.4936	0.4842	0.7782	1478347
pa:window:old	3	2.80	Microsoft.CodeAnalysis.CSharp.dll	fail	479	4.1832	4.1042	4.2484	9857441
pa:window:old	3	2.80	System.Private.CoreLib.dll	fail	130	14.7871	14.4088	18.6377	36602078
pa:window:nlinq	3	2.40	CommandLine.dll	fail	5000	0.0737	0.0733	0.0793	258850
pa:window:nlinq	3	2.40	Humanizer.dll	fail	5000	0.0925	0.0920	0.0989	301202
pa:window:nlinq	3	2.40	Mono.Cecil.dll	fail	5000	0.0901	0.0895	0.0962	104690
pa:window:nlinq	3	2.40	Newtonsoft.Json.dll	fail	5000	0.2569	0.2542	0.2733	793522
pa:window:nlinq	3	2.40	System.Text.Json.dll	fail	5000	0.2313	0.2290	0.2451	784546
pa:window:nlinq	3	2.40	NuGet.Packaging.dll	fail	5000	0.1322	0.1315	0.1396	269474
pa:window:nlinq	3	2.40	Microsoft.CodeAnalysis.CSharp.dll	fail	1247	1.5977	1.5822	1.6383	2331122
pa:window:nlinq	3	2.40	System.Private.CoreLib.dll	fail	573	3.4896	3.4682	3.5229	8874500
pa:window:after	3	2.34	CommandLine.dll	fail	5000	0.0639	0.0635	0.0682	259210
pa:window:after	3	2.34	Humanizer.dll	fail	5000	0.0842	0.0837	0.0900	301562
pa:window:after	3	2.34	Mono.Cecil.dll	fail	5000	0.0717	0.0712	0.0752	105050
pa:window:after	3	2.34	Newtonsoft.Json.dll	fail	5000	0.2334	0.2310	0.2468	793882
pa:window:after	3	2.34	System.Text.Json.dll	fail	5000	0.2085	0.2060	0.2218	784906
pa:window:after	3	2.34	NuGet.Packaging.dll	fail	5000	0.1077	0.1072	0.1161	269834
pa:window:after	3	2.34	Microsoft.CodeAnalysis.CSharp.dll	fail	1416	1.4057	1.3888	1.4449	2331479
pa:window:after	3	2.34	System.Private.CoreLib.dll	fail	598	3.3454	3.3204	3.3717	8874859
pc:exists:naive	3	2.31	CommandLine.dll	true	5000	0.1651	0.1640	0.1753	621738
pc:exists:naive	3	2.31	Humanizer.dll	true	5000	0.1617	0.1604	0.1728	584970
pc:exists:naive	3	2.31	Mono.Cecil.dll	true	5000	0.2652	0.2622	0.2894	831410
pc:exists:naive	3	2.31	Newtonsoft.Json.dll	true	4640	0.4017	0.3960	0.5842	1353548
pc:exists:naive	3	2.31	System.Text.Json.dll	true	4902	0.3794	0.3737	0.5692	1390866
pc:exists:naive	3	2.31	NuGet.Packaging.dll	true	5000	0.3000	0.2945	0.3705	995546
pc:exists:naive	3	2.31	Microsoft.CodeAnalysis.CSharp.dll	true	195	10.3607	7.3260	13.9738	16476465
pc:exists:naive	3	2.31	System.Private.CoreLib.dll	true	128	16.1330	11.7975	19.0926	26124234
pc:exists:linq	3	2.40	CommandLine.dll	true	5000	0.0056	0.0055	0.0062	11490
pc:exists:linq	3	2.40	Humanizer.dll	true	5000	0.0020	0.0019	0.0020	5818
pc:exists:linq	3	2.40	Mono.Cecil.dll	true	5000	0.0020	0.0019	0.0020	5818
pc:exists:linq	3	2.40	Newtonsoft.Json.dll	true	5000	0.0020	0.0019	0.0020	5818
pc:exists:linq	3	2.40	System.Text.Json.dll	true	5000	0.0020	0.0019	0.0021	6154
pc:exists:linq	3	2.40	NuGet.Packaging.dll	true	5000	0.0042	0.0041	0.0043	9490
pc:exists:linq	3	2.40	Microsoft.CodeAnalysis.CSharp.dll	true	5000	0.0023	0.0022	0.0024	6282
pc:exists:linq	3	2.40	System.Private.CoreLib.dll	true	5000	0.0041	0.0041	0.0042	7530
pc:exists:nlinq	3	2.40	CommandLine.dll	true	5000	0.0027	0.0026	0.0033	4370
pc:exists:nlinq	3	2.40	Humanizer.dll	true	5000	0.0017	0.0016	0.0017	4370
pc:exists:nlinq	3	2.40	Mono.Cecil.dll	true	5000	0.0017	0.0016	0.0017	4370
pc:exists:nlinq	3	2.40	Newtonsoft.Json.dll	true	5000	0.0017	0.0016	0.0018	4370
pc:exists:nlinq	3	2.40	System.Text.Json.dll	true	5000	0.0017	0.0016	0.0017	4370
pc:exists:nlinq	3	2.40	NuGet.Packaging.dll	true	5000	0.0022	0.0022	0.0023	4370
pc:exists:nlinq	3	2.40	Microsoft.CodeAnalysis.CSharp.dll	true	5000	0.0018	0.0017	0.0019	4370
pc:exists:nlinq	3	2.40	System.Private.CoreLib.dll	true	5000	0.0024	0.0023	0.0025	4370
pc:exists:after	4	2.40	CommandLine.dll	true	5000	0.0019	0.0018	0.0025	5026
pc:exists:after	4	2.40	Humanizer.dll	true	5000	0.0017	0.0017	0.0018	5026
pc:exists:after	4	2.40	Mono.Cecil.dll	true	5000	0.0017	0.0016	0.0018	5026
pc:exists:after	4	2.40	Newtonsoft.Json.dll	true	5000	0.0017	0.0016	0.0018	5026
pc:exists:after	4	2.40	System.Text.Json.dll	true	5000	0.0017	0.0016	0.0018	5026
pc:exists:after	4	2.40	NuGet.Packaging.dll	true	5000	0.0018	0.0017	0.0018	5026
pc:exists:after	4	2.40	Microsoft.CodeAnalysis.CSharp.dll	true	5000	0.0018	0.0017	0.0019	5026
pc:exists:after	4	2.40	System.Private.CoreLib.dll	true	5000	0.0020	0.0019	0.0021	5026
pc:exists:nlinq	4	2.40	CommandLine.dll	true	5000	0.0027	0.0026	0.0033	4370
pc:exists:nlinq	4	2.40	Humanizer.dll	true	5000	0.0017	0.0016	0.0017	4370
pc:exists:nlinq	4	2.40	Mono.Cecil.dll	true	5000	0.0017	0.0016	0.0017	4370
pc:exists:nlinq	4	2.40	Newtonsoft.Json.dll	true	5000	0.0017	0.0016	0.0017	4370
pc:exists:nlinq	4	2.40	System.Text.Json.dll	true	5000	0.0017	0.0016	0.0017	4370
pc:exists:nlinq	4	2.40	NuGet.Packaging.dll	true	5000	0.0022	0.0022	0.0023	4370
pc:exists:nlinq	4	2.40	Microsoft.CodeAnalysis.CSharp.dll	true	5000	0.0017	0.0017	0.0018	4370
pc:exists:nlinq	4	2.40	System.Private.CoreLib.dll	true	5000	0.0024	0.0023	0.0025	4370
pc:exists:linq	4	2.40	CommandLine.dll	true	5000	0.0056	0.0055	0.0060	11490
pc:exists:linq	4	2.40	Humanizer.dll	true	5000	0.0020	0.0019	0.0020	5818
pc:exists:linq	4	2.40	Mono.Cecil.dll	true	5000	0.0020	0.0019	0.0020	5818
pc:exists:linq	4	2.40	Newtonsoft.Json.dll	true	5000	0.0020	0.0019	0.0020	5818
pc:exists:linq	4	2.40	System.Text.Json.dll	true	5000	0.0020	0.0019	0.0021	6154
pc:exists:linq	4	2.40	NuGet.Packaging.dll	true	5000	0.0042	0.0041	0.0043	9490
pc:exists:linq	4	2.40	Microsoft.CodeAnalysis.CSharp.dll	true	5000	0.0023	0.0021	0.0023	6282
pc:exists:linq	4	2.40	System.Private.CoreLib.dll	true	5000	0.0041	0.0040	0.0042	7530
pc:exists:naive	4	2.40	CommandLine.dll	true	5000	0.1669	0.1655	0.1774	621738
pc:exists:naive	4	2.40	Humanizer.dll	true	5000	0.1620	0.1601	0.1717	584970
pc:exists:naive	4	2.40	Mono.Cecil.dll	true	5000	0.2659	0.2620	0.2980	831410
pc:exists:naive	4	2.40	Newtonsoft.Json.dll	true	4623	0.4032	0.3966	0.5876	1353548
pc:exists:naive	4	2.40	System.Text.Json.dll	true	4885	0.3815	0.3747	0.5709	1390866
pc:exists:naive	4	2.40	NuGet.Packaging.dll	true	5000	0.3010	0.2953	0.3719	995546
pc:exists:naive	4	2.40	Microsoft.CodeAnalysis.CSharp.dll	true	190	10.6951	7.4731	14.3637	16476473
pc:exists:naive	4	2.40	System.Private.CoreLib.dll	true	128	16.0625	11.8124	18.9017	26124304
pa:window:after	4	2.33	CommandLine.dll	fail	5000	0.0635	0.0630	0.0677	259210
pa:window:after	4	2.33	Humanizer.dll	fail	5000	0.0835	0.0830	0.0892	301562
pa:window:after	4	2.33	Mono.Cecil.dll	fail	5000	0.0719	0.0714	0.1105	105050
pa:window:after	4	2.33	Newtonsoft.Json.dll	fail	5000	0.2317	0.2286	0.2632	793882
pa:window:after	4	2.33	System.Text.Json.dll	fail	5000	0.2074	0.2050	0.2235	784906
pa:window:after	4	2.33	NuGet.Packaging.dll	fail	5000	0.1072	0.1067	0.1147	269834
pa:window:after	4	2.33	Microsoft.CodeAnalysis.CSharp.dll	fail	1421	1.4019	1.3854	1.4418	2331479
pa:window:after	4	2.33	System.Private.CoreLib.dll	fail	600	3.3337	3.3102	3.3620	8874859
pa:window:nlinq	4	2.28	CommandLine.dll	fail	5000	0.0737	0.0734	0.0799	258850
pa:window:nlinq	4	2.28	Humanizer.dll	fail	5000	0.0922	0.0910	0.0986	301202
pa:window:nlinq	4	2.28	Mono.Cecil.dll	fail	5000	0.0884	0.0879	0.0929	104690
pa:window:nlinq	4	2.28	Newtonsoft.Json.dll	fail	5000	0.2556	0.2532	0.2710	793522
pa:window:nlinq	4	2.28	System.Text.Json.dll	fail	5000	0.2304	0.2275	0.2436	784546
pa:window:nlinq	4	2.28	NuGet.Packaging.dll	fail	5000	0.1310	0.1300	0.1389	269474
pa:window:nlinq	4	2.28	Microsoft.CodeAnalysis.CSharp.dll	fail	1256	1.5853	1.5703	1.6262	2331122
pa:window:nlinq	4	2.28	System.Private.CoreLib.dll	fail	577	3.4682	3.4469	3.4940	8874500
pa:window:old	4	2.40	CommandLine.dll	fail	5000	0.1942	0.1916	0.2052	613465
pa:window:old	4	2.40	Humanizer.dll	fail	5000	0.2116	0.2081	0.2251	761658
pa:window:old	4	2.40	Mono.Cecil.dll	fail	5000	0.2690	0.2642	0.2871	760114
pa:window:old	4	2.40	Newtonsoft.Json.dll	fail	3393	0.5561	0.5459	0.7301	1751193
pa:window:old	4	2.40	System.Text.Json.dll	fail	3626	0.5029	0.4932	0.7549	1662134
pa:window:old	4	2.40	NuGet.Packaging.dll	fail	3696	0.4897	0.4797	0.7658	1478349
pa:window:old	4	2.40	Microsoft.CodeAnalysis.CSharp.dll	fail	481	4.1697	4.1089	4.2354	9857441
pa:window:old	4	2.40	System.Private.CoreLib.dll	fail	131	14.8218	14.3890	18.4880	36601946
pc:window:after	4	2.56	CommandLine.dll	n=11;h=9289C8A6	5000	0.0073	0.0072	0.0077	19138
pc:window:after	4	2.56	Humanizer.dll	n=11;h=13A97420	5000	0.0056	0.0055	0.0057	12954
pc:window:after	4	2.56	Mono.Cecil.dll	n=11;h=D01076C5	5000	0.0066	0.0065	0.0067	15906
pc:window:after	4	2.56	Newtonsoft.Json.dll	n=11;h=1E2EEF32	5000	0.0073	0.0072	0.0074	16754
pc:window:after	4	2.56	System.Text.Json.dll	n=11;h=BA929ADB	5000	0.0062	0.0062	0.0064	17050
pc:window:after	4	2.56	NuGet.Packaging.dll	n=11;h=11E00573	5000	0.0065	0.0064	0.0065	15442
pc:window:after	4	2.56	Microsoft.CodeAnalysis.CSharp.dll	n=11;h=F4CCA210	5000	0.0116	0.0115	0.0117	15346
pc:window:after	4	2.56	System.Private.CoreLib.dll	n=11;h=3D959E9B	5000	0.0068	0.0067	0.0070	11314
pc:window:nlinq	4	2.76	CommandLine.dll	n=11;h=9289C8A6	5000	0.0089	0.0088	0.0092	19074
pc:window:nlinq	4	2.76	Humanizer.dll	n=11;h=13A97420	5000	0.0063	0.0062	0.0064	12890
pc:window:nlinq	4	2.76	Mono.Cecil.dll	n=11;h=D01076C5	5000	0.0077	0.0075	0.0077	15842
pc:window:nlinq	4	2.76	Newtonsoft.Json.dll	n=11;h=1E2EEF32	5000	0.0085	0.0085	0.0086	16690
pc:window:nlinq	4	2.76	System.Text.Json.dll	n=11;h=BA929ADB	5000	0.0080	0.0080	0.0082	16986
pc:window:nlinq	4	2.76	NuGet.Packaging.dll	n=11;h=11E00573	5000	0.0080	0.0079	0.0081	15378
pc:window:nlinq	4	2.76	Microsoft.CodeAnalysis.CSharp.dll	n=11;h=F4CCA210	5000	0.0200	0.0199	0.0202	15282
pc:window:nlinq	4	2.76	System.Private.CoreLib.dll	n=11;h=3D959E9B	5000	0.0091	0.0090	0.0092	11250
pc:window:linq	4	2.76	CommandLine.dll	n=11;h=9289C8A6	5000	0.0531	0.0528	0.0555	176450
pc:window:linq	4	2.76	Humanizer.dll	n=11;h=13A97420	5000	0.0281	0.0279	0.0285	89570
pc:window:linq	4	2.76	Mono.Cecil.dll	n=11;h=D01076C5	5000	0.0311	0.0308	0.0315	96170
pc:window:linq	4	2.76	Newtonsoft.Json.dll	n=11;h=1E2EEF32	5000	0.0314	0.0312	0.0319	94954
pc:window:linq	4	2.76	System.Text.Json.dll	n=11;h=BA929ADB	5000	0.0330	0.0327	0.0337	113418
pc:window:linq	4	2.76	NuGet.Packaging.dll	n=11;h=11E00573	5000	0.0350	0.0347	0.0354	104746
pc:window:linq	4	2.76	Microsoft.CodeAnalysis.CSharp.dll	n=11;h=F4CCA210	5000	0.0671	0.0667	0.0697	124674
pc:window:linq	4	2.76	System.Private.CoreLib.dll	n=11;h=3D959E9B	5000	0.0381	0.0378	0.0386	96858
pc:window:naive	4	2.76	CommandLine.dll	n=11;h=9289C8A6	5000	0.1651	0.1631	0.1752	622186
pc:window:naive	4	2.76	Humanizer.dll	n=11;h=13A97420	5000	0.1612	0.1605	0.1711	585418
pc:window:naive	4	2.76	Mono.Cecil.dll	n=11;h=D01076C5	5000	0.2654	0.2625	0.3033	831858
pc:window:naive	4	2.76	Newtonsoft.Json.dll	n=11;h=1E2EEF32	4640	0.4013	0.3962	0.5816	1353996
pc:window:naive	4	2.76	System.Text.Json.dll	n=11;h=BA929ADB	4892	0.3807	0.3754	0.5726	1391314
pc:window:naive	4	2.76	NuGet.Packaging.dll	n=11;h=11E00573	5000	0.3000	0.2952	0.3900	995994
pc:window:naive	4	2.76	Microsoft.CodeAnalysis.CSharp.dll	n=11;h=F4CCA210	194	10.3673	7.3887	13.9882	16476917
pc:window:naive	4	2.76	System.Private.CoreLib.dll	n=11;h=3D959E9B	129	15.9146	11.8207	18.8414	26124656
pa:rows:after	4	2.67	CommandLine.dll	n=3;names=003D5581	5000	0.0711	0.0707	0.0762	266818
pa:rows:after	4	2.67	Humanizer.dll	n=0;names=811C9DC5	5000	0.0938	0.0928	0.1006	302170
pa:rows:after	4	2.67	Mono.Cecil.dll	n=0;names=811C9DC5	5000	0.0930	0.0924	0.0995	105658
pa:rows:after	4	2.67	Newtonsoft.Json.dll	n=11;names=DF6BFB0D	5000	0.2615	0.2590	0.2790	808866
pa:rows:after	4	2.67	System.Text.Json.dll	n=8;names=1113A289	5000	0.2371	0.2351	0.2506	794202
pa:rows:after	4	2.67	NuGet.Packaging.dll	n=22;names=D7AF274C	5000	0.1379	0.1368	0.1463	311338
pa:rows:after	4	2.67	Microsoft.CodeAnalysis.CSharp.dll	n=0;names=811C9DC5	1237	1.6095	1.5930	1.6521	2332090
pa:rows:after	4	2.67	System.Private.CoreLib.dll	n=31;names=A234A9CC	568	3.5225	3.5042	3.5538	8900709
pa:rows:nlinq	4	2.61	CommandLine.dll	n=3;names=003D5581	5000	0.0734	0.0729	0.0788	265898
pa:rows:nlinq	4	2.61	Humanizer.dll	n=0;names=811C9DC5	5000	0.0906	0.0895	0.0966	301226
pa:rows:nlinq	4	2.61	Mono.Cecil.dll	n=0;names=811C9DC5	5000	0.0870	0.0863	0.0904	104714
pa:rows:nlinq	4	2.61	Newtonsoft.Json.dll	n=11;names=DF6BFB0D	5000	0.2560	0.2541	0.2719	807970
pa:rows:nlinq	4	2.61	System.Text.Json.dll	n=8;names=1113A289	5000	0.2296	0.2270	0.2468	793594
pa:rows:nlinq	4	2.61	NuGet.Packaging.dll	n=22;names=D7AF274C	5000	0.1372	0.1353	0.1450	310178
pa:rows:nlinq	4	2.61	Microsoft.CodeAnalysis.CSharp.dll	n=0;names=811C9DC5	1286	1.5490	1.5347	1.5887	2331145
pa:rows:nlinq	4	2.61	System.Private.CoreLib.dll	n=31;names=A234A9CC	559	3.4566	3.4299	3.5124	8899333
pa:rows:old	4	2.45	CommandLine.dll	n=3;names=003D5581	5000	0.1931	0.1905	0.2069	613459
pa:rows:old	4	2.45	Humanizer.dll	n=0;names=811C9DC5	5000	0.2098	0.2057	0.2227	761650
pa:rows:old	4	2.45	Mono.Cecil.dll	n=0;names=811C9DC5	5000	0.2689	0.2643	0.2822	760106
pa:rows:old	4	2.45	Newtonsoft.Json.dll	n=11;names=DF6BFB0D	3395	0.5560	0.5456	0.7251	1751157
pa:rows:old	4	2.45	System.Text.Json.dll	n=8;names=1113A289	3723	0.5009	0.4908	0.6730	1662188
pa:rows:old	4	2.45	NuGet.Packaging.dll	n=22;names=D7AF274C	3716	0.4896	0.4808	0.7332	1478403
pa:rows:old	4	2.45	Microsoft.CodeAnalysis.CSharp.dll	n=0;names=811C9DC5	481	4.1645	4.1095	4.2291	9857433
pa:rows:old	4	2.45	System.Private.CoreLib.dll	n=31;names=A234A9CC	130	14.7892	14.3992	18.6389	36602285
pc:rows:after	4	2.48	CommandLine.dll	n=403;h=0DAD55A3	5000	0.1652	0.1631	0.1758	621730
pc:rows:after	4	2.48	Humanizer.dll	n=735;h=ABE64147	5000	0.1616	0.1603	0.1718	584962
pc:rows:after	4	2.48	Mono.Cecil.dll	n=992;h=D45F7327	5000	0.2669	0.2630	0.3046	831402
pc:rows:after	4	2.48	Newtonsoft.Json.dll	n=1509;h=30587641	4607	0.4047	0.3991	0.5896	1353540
pc:rows:after	4	2.48	System.Text.Json.dll	n=1337;h=15AB9B20	4866	0.3826	0.3775	0.5743	1390858
pc:rows:after	4	2.48	NuGet.Packaging.dll	n=999;h=910CC3CB	5000	0.3004	0.2947	0.3934	995538
pc:rows:after	4	2.48	Microsoft.CodeAnalysis.CSharp.dll	n=13161;h=20D748F8	192	10.4635	7.4140	14.2334	16476481
pc:rows:after	4	2.48	System.Private.CoreLib.dll	n=22475;h=21372B1F	129	16.0641	11.7797	18.8437	26124308
pc:rows:nlinq	4	2.33	CommandLine.dll	n=403;h=0DAD55A3	5000	0.1700	0.1675	0.1805	611426
pc:rows:nlinq	4	2.33	Humanizer.dll	n=735;h=ABE64147	5000	0.1597	0.1587	0.1705	566690
pc:rows:nlinq	4	2.33	Mono.Cecil.dll	n=992;h=D45F7327	5000	0.2627	0.2586	0.2797	806962
pc:rows:nlinq	4	2.33	Newtonsoft.Json.dll	n=1509;h=30587641	4600	0.4013	0.3953	0.5800	1316692
pc:rows:nlinq	4	2.33	System.Text.Json.dll	n=1337;h=15AB9B20	4923	0.3773	0.3712	0.5467	1358138
pc:rows:nlinq	4	2.33	NuGet.Packaging.dll	n=999;h=910CC3CB	5000	0.3023	0.2989	0.3804	970930
pc:rows:nlinq	4	2.33	Microsoft.CodeAnalysis.CSharp.dll	n=13161;h=20D748F8	206	9.8748	7.0487	13.3419	16159964
pc:rows:nlinq	4	2.33	System.Private.CoreLib.dll	n=22475;h=21372B1F	133	15.6327	11.3934	18.1990	25584072
pc:rows:linq	4	2.37	CommandLine.dll	n=403;h=0DAD55A3	5000	0.2083	0.2063	0.2194	676954
pc:rows:linq	4	2.37	Humanizer.dll	n=735;h=ABE64147	5000	0.1995	0.1981	0.2098	623170
pc:rows:linq	4	2.37	Mono.Cecil.dll	n=992;h=D45F7327	5000	0.3305	0.3273	0.3829	888962
pc:rows:linq	4	2.37	Newtonsoft.Json.dll	n=1509;h=30587641	3777	0.4969	0.4895	0.6785	1433481
pc:rows:linq	4	2.37	System.Text.Json.dll	n=1337;h=15AB9B20	4038	0.4622	0.4558	0.6257	1441752
pc:rows:linq	4	2.37	NuGet.Packaging.dll	n=999;h=910CC3CB	4910	0.3909	0.3843	0.4782	1112322
pc:rows:linq	4	2.37	Microsoft.CodeAnalysis.CSharp.dll	n=13161;h=20D748F8	182	11.0651	8.2171	14.1457	16819412
pc:rows:linq	4	2.37	System.Private.CoreLib.dll	n=22475;h=21372B1F	120	17.3860	14.4126	18.1192	26196413
pc:rows:naive	4	2.30	CommandLine.dll	n=403;h=0DAD55A3	5000	0.1657	0.1637	0.1760	621730
pc:rows:naive	4	2.30	Humanizer.dll	n=735;h=ABE64147	5000	0.1620	0.1608	0.1720	584962
pc:rows:naive	4	2.30	Mono.Cecil.dll	n=992;h=D45F7327	5000	0.2663	0.2632	0.3075	831402
pc:rows:naive	4	2.30	Newtonsoft.Json.dll	n=1509;h=30587641	4633	0.4014	0.3970	0.5889	1353540
pc:rows:naive	4	2.30	System.Text.Json.dll	n=1337;h=15AB9B20	4710	0.3828	0.3771	0.5822	1390859
pc:rows:naive	4	2.30	NuGet.Packaging.dll	n=999;h=910CC3CB	5000	0.3001	0.2944	0.3730	995538
pc:rows:naive	4	2.30	Microsoft.CodeAnalysis.CSharp.dll	n=13161;h=20D748F8	195	10.3795	7.3468	14.0197	16476491
pc:rows:naive	4	2.30	System.Private.CoreLib.dll	n=22475;h=21372B1F	128	16.0540	11.9167	19.0600	26124269
pa:tail:after	4	2.18	CommandLine.dll	n=3;names=003D5581	5000	0.0643	0.0637	0.0698	265970
pa:tail:after	4	2.18	Humanizer.dll	n=0;names=811C9DC5	5000	0.0829	0.0822	0.0896	301346
pa:tail:after	4	2.18	Mono.Cecil.dll	n=0;names=811C9DC5	5000	0.0690	0.0685	0.0717	104834
pa:tail:after	4	2.18	Newtonsoft.Json.dll	n=6;names=DBFE2D1D	5000	0.2305	0.2275	0.2447	802002
pa:tail:after	4	2.18	System.Text.Json.dll	n=6;names=D5D3B3F0	5000	0.2059	0.2038	0.2194	791538
pa:tail:after	4	2.18	NuGet.Packaging.dll	n=6;names=42CFFD24	5000	0.1060	0.1048	0.1127	278122
pa:tail:after	4	2.18	Microsoft.CodeAnalysis.CSharp.dll	n=0;names=811C9DC5	1474	1.3505	1.3330	1.3914	2331262
pa:tail:after	4	2.18	System.Private.CoreLib.dll	n=6;names=09E175C7	607	3.2933	3.2654	3.3250	8878923
pa:tail:nlinq	4	2.23	CommandLine.dll	n=3;names=003D5581	5000	0.0738	0.0733	0.0790	266218
pa:tail:nlinq	4	2.23	Humanizer.dll	n=0;names=811C9DC5	5000	0.0910	0.0902	0.0967	301570
pa:tail:nlinq	4	2.23	Mono.Cecil.dll	n=0;names=811C9DC5	5000	0.0859	0.0852	0.0900	105058
pa:tail:nlinq	4	2.23	Newtonsoft.Json.dll	n=6;names=DBFE2D1D	5000	0.2535	0.2513	0.2676	802250
pa:tail:nlinq	4	2.23	System.Text.Json.dll	n=6;names=D5D3B3F0	5000	0.2284	0.2256	0.2459	791786
pa:tail:nlinq	4	2.23	NuGet.Packaging.dll	n=6;names=42CFFD24	5000	0.1288	0.1278	0.1365	278370
pa:tail:nlinq	4	2.23	Microsoft.CodeAnalysis.CSharp.dll	n=0;names=811C9DC5	1295	1.5368	1.5219	1.5777	2331489
pa:tail:nlinq	4	2.23	System.Private.CoreLib.dll	n=6;names=09E175C7	581	3.4435	3.4180	3.4767	8879172
pa:tail:old	4	2.21	CommandLine.dll	n=3;names=003D5581	5000	0.1978	0.1945	0.2097	613855
pa:tail:old	4	2.21	Humanizer.dll	n=0;names=811C9DC5	5000	0.2171	0.2124	0.2297	761786
pa:tail:old	4	2.21	Mono.Cecil.dll	n=0;names=811C9DC5	5000	0.2733	0.2681	0.2872	760242
pa:tail:old	4	2.21	Newtonsoft.Json.dll	n=6;names=DBFE2D1D	3324	0.5697	0.5572	0.7364	1751874
pa:tail:old	4	2.21	System.Text.Json.dll	n=6;names=D5D3B3F0	3598	0.5153	0.5045	0.7145	1662662
pa:tail:old	4	2.21	NuGet.Packaging.dll	n=6;names=42CFFD24	3647	0.5012	0.4917	0.7630	1478938
pa:tail:old	4	2.21	Microsoft.CodeAnalysis.CSharp.dll	n=0;names=811C9DC5	471	4.2374	4.2030	4.3063	9857569
pa:tail:old	4	2.21	System.Private.CoreLib.dll	n=6;names=09E175C7	128	15.0635	14.6037	18.7170	36602712
pc:tail:after	4	2.23	CommandLine.dll	n=6;h=2C0D37C1	5000	0.0133	0.0132	0.0140	9874
pc:tail:after	4	2.23	Humanizer.dll	n=6;h=91D17220	5000	0.0197	0.0197	0.0199	6562
pc:tail:after	4	2.23	Mono.Cecil.dll	n=6;h=3891C1A0	5000	0.0366	0.0365	0.0369	8730
pc:tail:after	4	2.23	Newtonsoft.Json.dll	n=6;h=7111BB62	5000	0.0452	0.0447	0.0457	9258
pc:tail:after	4	2.23	System.Text.Json.dll	n=6;h=51F1B225	5000	0.0380	0.0378	0.0383	10018
pc:tail:after	4	2.23	NuGet.Packaging.dll	n=6;h=233EB48F	5000	0.0340	0.0338	0.0342	6146
pc:tail:after	4	2.23	Microsoft.CodeAnalysis.CSharp.dll	n=6;h=DBA5688B	5000	0.3682	0.3650	0.3775	8898
pc:tail:after	4	2.23	System.Private.CoreLib.dll	n=6;h=BC20A3BD	4207	0.4724	0.4667	0.4820	9039
pc:tail:nlinq	4	2.21	CommandLine.dll	n=6;h=2C0D37C1	5000	0.0239	0.0238	0.0248	10122
pc:tail:nlinq	4	2.21	Humanizer.dll	n=6;h=91D17220	5000	0.0306	0.0305	0.0310	6810
pc:tail:nlinq	4	2.21	Mono.Cecil.dll	n=6;h=3891C1A0	5000	0.0582	0.0580	0.0594	8978
pc:tail:nlinq	4	2.21	Newtonsoft.Json.dll	n=6;h=7111BB62	5000	0.0732	0.0730	0.0759	9506
pc:tail:nlinq	4	2.21	System.Text.Json.dll	n=6;h=51F1B225	5000	0.0643	0.0640	0.0668	10266
pc:tail:nlinq	4	2.21	NuGet.Packaging.dll	n=6;h=233EB48F	5000	0.0595	0.0593	0.0605	6394
pc:tail:nlinq	4	2.21	Microsoft.CodeAnalysis.CSharp.dll	n=6;h=DBA5688B	3071	0.6510	0.6434	0.6595	9141
pc:tail:nlinq	4	2.21	System.Private.CoreLib.dll	n=6;h=BC20A3BD	2669	0.7483	0.7377	0.7610	9280
pc:tail:linq	4	2.28	CommandLine.dll	n=6;h=2C0D37C1	5000	0.2097	0.2076	0.2204	653098
pc:tail:linq	4	2.28	Humanizer.dll	n=6;h=91D17220	5000	0.2001	0.1990	0.2100	574714
pc:tail:linq	4	2.28	Mono.Cecil.dll	n=6;h=3891C1A0	5000	0.3335	0.3295	0.3678	840506
pc:tail:linq	4	2.28	Newtonsoft.Json.dll	n=6;h=7111BB62	3935	0.5002	0.4932	0.5380	1335848
pc:tail:linq	4	2.28	System.Text.Json.dll	n=6;h=51F1B225	4227	0.4647	0.4585	0.5036	1344135
pc:tail:linq	4	2.28	NuGet.Packaging.dll	n=6;h=233EB48F	4939	0.3970	0.3923	0.4352	1063866
pc:tail:linq	4	2.28	Microsoft.CodeAnalysis.CSharp.dll	n=6;h=DBA5688B	370	5.3898	5.3433	5.4963	16033566
pc:tail:linq	4	2.28	System.Private.CoreLib.dll	n=6;h=BC20A3BD	238	8.1022	8.0680	8.5056	24621758
pc:tail:naive	4	2.28	CommandLine.dll	n=6;h=2C0D37C1	5000	0.1667	0.1641	0.1787	622266
pc:tail:naive	4	2.28	Humanizer.dll	n=6;h=91D17220	5000	0.1619	0.1610	0.1719	585498
pc:tail:naive	4	2.28	Mono.Cecil.dll	n=6;h=3891C1A0	5000	0.2659	0.2610	0.2970	831938
pc:tail:naive	4	2.28	Newtonsoft.Json.dll	n=6;h=7111BB62	4614	0.4043	0.3979	0.5854	1354076
pc:tail:naive	4	2.28	System.Text.Json.dll	n=6;h=51F1B225	4867	0.3823	0.3767	0.5738	1391394
pc:tail:naive	4	2.28	NuGet.Packaging.dll	n=6;h=233EB48F	5000	0.3025	0.2970	0.3770	996074
pc:tail:naive	4	2.28	Microsoft.CodeAnalysis.CSharp.dll	n=6;h=DBA5688B	195	10.2362	7.3226	14.0254	16477016
pc:tail:naive	4	2.28	System.Private.CoreLib.dll	n=6;h=BC20A3BD	128	16.0393	11.8428	19.2927	26124837
pa:head:after	4	2.38	CommandLine.dll	n=3;names=003D5581	5000	0.0654	0.0650	0.0685	266106
pa:head:after	4	2.38	Humanizer.dll	n=0;names=811C9DC5	5000	0.0841	0.0835	0.0903	301458
pa:head:after	4	2.38	Mono.Cecil.dll	n=0;names=811C9DC5	5000	0.0727	0.0722	0.0755	104946
pa:head:after	4	2.38	Newtonsoft.Json.dll	n=6;names=D2C3079F	5000	0.1600	0.1587	0.1700	576706
pa:head:after	4	2.38	System.Text.Json.dll	n=6;names=E380D9F1	5000	0.1452	0.1433	0.1550	601914
pa:head:after	4	2.38	NuGet.Packaging.dll	n=6;names=C5650123	5000	0.0383	0.0381	0.0387	122306
pa:head:after	4	2.38	Microsoft.CodeAnalysis.CSharp.dll	n=0;names=811C9DC5	1416	1.4058	1.3887	1.4466	2331375
pa:head:after	4	2.38	System.Private.CoreLib.dll	n=6;names=712F80E9	1577	1.2627	1.2407	1.2968	3902212
pa:head:nlinq	4	2.67	CommandLine.dll	n=3;names=003D5581	5000	0.0746	0.0740	0.0796	265946
pa:head:nlinq	4	2.67	Humanizer.dll	n=0;names=811C9DC5	5000	0.0915	0.0910	0.0976	301394
pa:head:nlinq	4	2.67	Mono.Cecil.dll	n=0;names=811C9DC5	5000	0.0880	0.0876	0.0921	104882
pa:head:nlinq	4	2.67	Newtonsoft.Json.dll	n=6;names=D2C3079F	5000	0.1725	0.1716	0.1825	576642
pa:head:nlinq	4	2.67	System.Text.Json.dll	n=6;names=E380D9F1	5000	0.1565	0.1552	0.1671	601850
pa:head:nlinq	4	2.67	NuGet.Packaging.dll	n=6;names=C5650123	5000	0.0426	0.0423	0.0433	122242
pa:head:nlinq	4	2.67	Microsoft.CodeAnalysis.CSharp.dll	n=0;names=811C9DC5	1268	1.5735	1.5492	1.6141	2331314
pa:head:nlinq	4	2.67	System.Private.CoreLib.dll	n=6;names=712F80E9	1519	1.3142	1.2885	1.3482	3902149
pa:head:old	4	2.70	CommandLine.dll	n=3;names=003D5581	5000	0.1929	0.1902	0.2056	613687
pa:head:old	4	2.70	Humanizer.dll	n=0;names=811C9DC5	5000	0.2098	0.2060	0.2239	761746
pa:head:old	4	2.70	Mono.Cecil.dll	n=0;names=811C9DC5	5000	0.2675	0.2632	0.2805	760202
pa:head:old	4	2.70	Newtonsoft.Json.dll	n=6;names=D2C3079F	3410	0.5554	0.5456	0.7106	1751530
pa:head:old	4	2.70	System.Text.Json.dll	n=6;names=E380D9F1	3744	0.5017	0.4918	0.6643	1662518
pa:head:old	4	2.70	NuGet.Packaging.dll	n=6;names=C5650123	3686	0.4884	0.4791	0.7959	1478563
pa:head:old	4	2.70	Microsoft.CodeAnalysis.CSharp.dll	n=0;names=811C9DC5	479	4.1798	4.1295	4.2510	9857529
pa:head:old	4	2.70	System.Private.CoreLib.dll	n=6;names=712F80E9	130	14.7585	14.3860	18.7211	36602154
pc:head:after	4	2.54	CommandLine.dll	n=6;h=38398B5E	5000	0.0033	0.0032	0.0037	10338
pc:head:after	4	2.54	Humanizer.dll	n=6;h=D93A2D05	5000	0.0025	0.0025	0.0026	8338
pc:head:after	4	2.54	Mono.Cecil.dll	n=6;h=EAFAA362	5000	0.0026	0.0025	0.0026	8106
pc:head:after	4	2.54	Newtonsoft.Json.dll	n=6;h=A4332D4B	5000	0.0025	0.0025	0.0025	8050
pc:head:after	4	2.54	System.Text.Json.dll	n=6;h=7C8B77FF	5000	0.0033	0.0032	0.0034	8538
pc:head:after	4	2.54	NuGet.Packaging.dll	n=6;h=10648FC9	5000	0.0032	0.0031	0.0033	11090
pc:head:after	4	2.54	Microsoft.CodeAnalysis.CSharp.dll	n=6;h=83A9E69E	5000	0.0025	0.0024	0.0025	7642
pc:head:after	4	2.54	System.Private.CoreLib.dll	n=6;h=8CF51FF1	5000	0.0036	0.0036	0.0037	7410
pc:head:nlinq	4	2.54	CommandLine.dll	n=6;h=38398B5E	5000	0.0042	0.0041	0.0047	10274
pc:head:nlinq	4	2.54	Humanizer.dll	n=6;h=D93A2D05	5000	0.0027	0.0026	0.0027	8274
pc:head:nlinq	4	2.54	Mono.Cecil.dll	n=6;h=EAFAA362	5000	0.0027	0.0027	0.0028	8042
pc:head:nlinq	4	2.54	Newtonsoft.Json.dll	n=6;h=A4332D4B	5000	0.0026	0.0026	0.0027	7986
pc:head:nlinq	4	2.54	System.Text.Json.dll	n=6;h=7C8B77FF	5000	0.0042	0.0042	0.0044	8474
pc:head:nlinq	4	2.54	NuGet.Packaging.dll	n=6;h=10648FC9	5000	0.0038	0.0037	0.0040	11026
pc:head:nlinq	4	2.54	Microsoft.CodeAnalysis.CSharp.dll	n=6;h=83A9E69E	5000	0.0026	0.0025	0.0027	7578
pc:head:nlinq	4	2.54	System.Private.CoreLib.dll	n=6;h=8CF51FF1	5000	0.0048	0.0047	0.0049	7346
pc:head:linq	4	2.54	CommandLine.dll	n=6;h=38398B5E	5000	0.0075	0.0074	0.0082	17810
pc:head:linq	4	2.54	Humanizer.dll	n=6;h=D93A2D05	5000	0.0033	0.0032	0.0035	10706
pc:head:linq	4	2.54	Mono.Cecil.dll	n=6;h=EAFAA362	5000	0.0032	0.0032	0.0034	10242
pc:head:linq	4	2.54	Newtonsoft.Json.dll	n=6;h=A4332D4B	5000	0.0032	0.0031	0.0033	10186
pc:head:linq	4	2.54	System.Text.Json.dll	n=6;h=7C8B77FF	5000	0.0072	0.0071	0.0074	10674
pc:head:linq	4	2.54	NuGet.Packaging.dll	n=6;h=10648FC9	5000	0.0057	0.0056	0.0058	15082
pc:head:linq	4	2.54	Microsoft.CodeAnalysis.CSharp.dll	n=6;h=83A9E69E	5000	0.0033	0.0033	0.0035	10242
pc:head:linq	4	2.54	System.Private.CoreLib.dll	n=6;h=8CF51FF1	5000	0.0101	0.0100	0.0102	18594
pc:head:naive	4	2.54	CommandLine.dll	n=6;h=38398B5E	5000	0.1663	0.1650	0.1763	621994
pc:head:naive	4	2.54	Humanizer.dll	n=6;h=D93A2D05	5000	0.1616	0.1607	0.1717	585226
pc:head:naive	4	2.54	Mono.Cecil.dll	n=6;h=EAFAA362	5000	0.2644	0.2610	0.2998	831666
pc:head:naive	4	2.54	Newtonsoft.Json.dll	n=6;h=A4332D4B	4636	0.4026	0.3969	0.5824	1353804
pc:head:naive	4	2.54	System.Text.Json.dll	n=6;h=7C8B77FF	4881	0.3813	0.3760	0.5725	1391122
pc:head:naive	4	2.54	NuGet.Packaging.dll	n=6;h=10648FC9	5000	0.3004	0.2947	0.3717	995802
pc:head:naive	4	2.54	Microsoft.CodeAnalysis.CSharp.dll	n=6;h=83A9E69E	193	10.4319	7.3676	14.0047	16476723
pc:head:naive	4	2.54	System.Private.CoreLib.dll	n=6;h=8CF51FF1	130	15.9489	11.6322	18.7892	26124400
pa:count:after	4	2.28	CommandLine.dll	c=3	5000	0.0638	0.0632	0.0681	259498
pa:count:after	4	2.28	Humanizer.dll	c=0	5000	0.0833	0.0829	0.0893	301850
pa:count:after	4	2.28	Mono.Cecil.dll	c=0	5000	0.0720	0.0714	0.0764	105338
pa:count:after	4	2.28	Newtonsoft.Json.dll	c=11	5000	0.2303	0.2269	0.2489	794170
pa:count:after	4	2.28	System.Text.Json.dll	c=8	5000	0.2057	0.2040	0.2191	785194
pa:count:after	4	2.28	NuGet.Packaging.dll	c=22	5000	0.1065	0.1058	0.1133	270122
pa:count:after	4	2.28	Microsoft.CodeAnalysis.CSharp.dll	c=0	1404	1.3864	1.3692	1.4316	2331767
pa:count:after	4	2.28	System.Private.CoreLib.dll	c=31	602	3.3201	3.2944	3.3536	8875147
pa:count:nlinq	4	2.26	CommandLine.dll	c=3	5000	0.0687	0.0682	0.0743	258842
pa:count:nlinq	4	2.26	Humanizer.dll	c=0	5000	0.0873	0.0867	0.0935	301194
pa:count:nlinq	4	2.26	Mono.Cecil.dll	c=0	5000	0.0799	0.0795	0.0830	104682
pa:count:nlinq	4	2.26	Newtonsoft.Json.dll	c=11	5000	0.2431	0.2405	0.2603	793514
pa:count:nlinq	4	2.26	System.Text.Json.dll	c=8	5000	0.2177	0.2156	0.2305	784538
pa:count:nlinq	4	2.26	NuGet.Packaging.dll	c=22	5000	0.1176	0.1168	0.1248	269466
pa:count:nlinq	4	2.26	Microsoft.CodeAnalysis.CSharp.dll	c=0	1358	1.4666	1.4492	1.5068	2331112
pa:count:nlinq	4	2.26	System.Private.CoreLib.dll	c=31	593	3.3770	3.3550	3.4007	8874492
pa:count:old	4	2.44	CommandLine.dll	c=3	5000	0.1930	0.1902	0.2038	613459
pa:count:old	4	2.44	Humanizer.dll	c=0	5000	0.2105	0.2064	0.2273	761650
pa:count:old	4	2.44	Mono.Cecil.dll	c=0	5000	0.2676	0.2625	0.2816	760106
pa:count:old	4	2.44	Newtonsoft.Json.dll	c=11	3412	0.5531	0.5427	0.7193	1751158
pa:count:old	4	2.44	System.Text.Json.dll	c=8	3718	0.5020	0.4916	0.6716	1662176
pa:count:old	4	2.44	NuGet.Packaging.dll	c=22	3668	0.4909	0.4816	0.7975	1478336
pa:count:old	4	2.44	Microsoft.CodeAnalysis.CSharp.dll	c=0	483	4.1444	4.0827	4.2008	9857433
pa:count:old	4	2.44	System.Private.CoreLib.dll	c=31	130	14.7913	14.4556	18.7766	36601957
pc:count:after	4	2.71	CommandLine.dll	c=403	5000	0.0126	0.0125	0.0133	5018
pc:count:after	4	2.71	Humanizer.dll	c=735	5000	0.0203	0.0201	0.0205	5018
pc:count:after	4	2.71	Mono.Cecil.dll	c=992	5000	0.0383	0.0380	0.0387	5018
pc:count:after	4	2.71	Newtonsoft.Json.dll	c=1509	5000	0.0460	0.0458	0.0465	5018
pc:count:after	4	2.71	System.Text.Json.dll	c=1337	5000	0.0387	0.0383	0.0391	5018
pc:count:after	4	2.71	NuGet.Packaging.dll	c=999	5000	0.0352	0.0350	0.0355	5018
pc:count:after	4	2.71	Microsoft.CodeAnalysis.CSharp.dll	c=13161	5000	0.3904	0.3873	0.3985	5018
pc:count:after	4	2.71	System.Private.CoreLib.dll	c=22475	4025	0.4954	0.4906	0.5046	5008
pc:count:nlinq	4	2.73	CommandLine.dll	c=403	5000	0.0178	0.0177	0.0186	4362
pc:count:nlinq	4	2.73	Humanizer.dll	c=735	5000	0.0242	0.0241	0.0244	4362
pc:count:nlinq	4	2.73	Mono.Cecil.dll	c=992	5000	0.0460	0.0457	0.0465	4362
pc:count:nlinq	4	2.73	Newtonsoft.Json.dll	c=1509	5000	0.0580	0.0577	0.0605	4362
pc:count:nlinq	4	2.73	System.Text.Json.dll	c=1337	5000	0.0502	0.0500	0.0512	4362
pc:count:nlinq	4	2.73	NuGet.Packaging.dll	c=999	5000	0.0465	0.0463	0.0475	4362
pc:count:nlinq	4	2.73	Microsoft.CodeAnalysis.CSharp.dll	c=13161	3897	0.5123	0.5065	0.5207	4352
pc:count:nlinq	4	2.73	System.Private.CoreLib.dll	c=22475	3369	0.5932	0.5869	0.6013	4355
pc:count:linq	4	2.83	CommandLine.dll	c=403	5000	0.2050	0.2039	0.2169	652250
pc:count:linq	4	2.83	Humanizer.dll	c=735	5000	0.1917	0.1902	0.2018	573866
pc:count:linq	4	2.83	Mono.Cecil.dll	c=992	5000	0.3200	0.3177	0.3513	839658
pc:count:linq	4	2.83	Newtonsoft.Json.dll	c=1509	4096	0.4800	0.4739	0.5131	1335000
pc:count:linq	4	2.83	System.Text.Json.dll	c=1337	4398	0.4470	0.4410	0.4791	1343285
pc:count:linq	4	2.83	NuGet.Packaging.dll	c=999	5000	0.3814	0.3772	0.4145	1063018
pc:count:linq	4	2.83	Microsoft.CodeAnalysis.CSharp.dll	c=13161	380	5.2262	5.1760	5.4322	16032718
pc:count:linq	4	2.83	System.Private.CoreLib.dll	c=22475	255	7.8181	7.7687	8.1525	24620998
pc:count:naive	4	2.72	CommandLine.dll	c=403	5000	0.1659	0.1650	0.1761	621730
pc:count:naive	4	2.72	Humanizer.dll	c=735	5000	0.1611	0.1597	0.1712	584962
pc:count:naive	4	2.72	Mono.Cecil.dll	c=992	5000	0.2670	0.2634	0.3064	831402
pc:count:naive	4	2.72	Newtonsoft.Json.dll	c=1509	4605	0.4046	0.3993	0.5906	1353540
pc:count:naive	4	2.72	System.Text.Json.dll	c=1337	4860	0.3833	0.3785	0.5738	1390859
pc:count:naive	4	2.72	NuGet.Packaging.dll	c=999	5000	0.3007	0.2952	0.3733	995538
pc:count:naive	4	2.72	Microsoft.CodeAnalysis.CSharp.dll	c=13161	186	10.2777	7.2969	14.1743	16476464
pc:count:naive	4	2.72	System.Private.CoreLib.dll	c=22475	128	16.0626	11.7327	18.8426	26124595
pa:exists:after	4	2.60	CommandLine.dll	true	5000	0.0347	0.0345	0.0351	152978
pa:exists:after	4	2.60	Humanizer.dll	false	5000	0.0837	0.0830	0.0900	301858
pa:exists:after	4	2.60	Mono.Cecil.dll	false	5000	0.0722	0.0718	0.0776	105346
pa:exists:after	4	2.60	Newtonsoft.Json.dll	true	5000	0.0335	0.0332	0.0339	153554
pa:exists:after	4	2.60	System.Text.Json.dll	true	5000	0.0034	0.0033	0.0035	5714
pa:exists:after	4	2.60	NuGet.Packaging.dll	true	5000	0.0217	0.0215	0.0220	69010
pa:exists:after	4	2.60	Microsoft.CodeAnalysis.CSharp.dll	false	1443	1.3789	1.3637	1.4200	2331774
pa:exists:after	4	2.60	System.Private.CoreLib.dll	true	1591	1.2502	1.2311	1.2842	3885916
pa:exists:nlinq	4	2.47	CommandLine.dll	true	5000	0.0372	0.0369	0.0378	152322
pa:exists:nlinq	4	2.47	Humanizer.dll	false	5000	0.0917	0.0910	0.0985	301202
pa:exists:nlinq	4	2.47	Mono.Cecil.dll	false	5000	0.0906	0.0902	0.0957	104690
pa:exists:nlinq	4	2.47	Newtonsoft.Json.dll	true	5000	0.0344	0.0341	0.0351	152898
pa:exists:nlinq	4	2.47	System.Text.Json.dll	true	5000	0.0045	0.0044	0.0046	5058
pa:exists:nlinq	4	2.47	NuGet.Packaging.dll	true	5000	0.0236	0.0235	0.0239	68354
pa:exists:nlinq	4	2.47	Microsoft.CodeAnalysis.CSharp.dll	false	1246	1.5988	1.5824	1.6395	2331122
pa:exists:nlinq	4	2.47	System.Private.CoreLib.dll	true	1516	1.3162	1.2921	1.3493	3885261
pa:exists:old	4	2.35	CommandLine.dll	true	5000	0.1938	0.1911	0.2061	613465
pa:exists:old	4	2.35	Humanizer.dll	false	5000	0.2107	0.2068	0.2259	761658
pa:exists:old	4	2.35	Mono.Cecil.dll	false	5000	0.2669	0.2629	0.2803	760114
pa:exists:old	4	2.35	Newtonsoft.Json.dll	true	3422	0.5520	0.5398	0.7204	1751195
pa:exists:old	4	2.35	System.Text.Json.dll	true	3733	0.5003	0.4897	0.6751	1662134
pa:exists:old	4	2.35	NuGet.Packaging.dll	true	3673	0.4906	0.4796	0.7968	1478413
pa:exists:old	4	2.35	Microsoft.CodeAnalysis.CSharp.dll	false	478	4.1781	4.1221	4.2684	9857441
pa:exists:old	4	2.35	System.Private.CoreLib.dll	true	130	14.7901	14.3701	18.7094	36602081
pa:exists:nlinq	5	2.26	CommandLine.dll	true	5000	0.0375	0.0372	0.0380	152322
pa:exists:nlinq	5	2.26	Humanizer.dll	false	5000	0.0922	0.0915	0.0987	301202
pa:exists:nlinq	5	2.26	Mono.Cecil.dll	false	5000	0.0903	0.0895	0.0950	104690
pa:exists:nlinq	5	2.26	Newtonsoft.Json.dll	true	5000	0.0342	0.0340	0.0348	152898
pa:exists:nlinq	5	2.26	System.Text.Json.dll	true	5000	0.0046	0.0045	0.0046	5058
pa:exists:nlinq	5	2.26	NuGet.Packaging.dll	true	5000	0.0237	0.0235	0.0240	68354
pa:exists:nlinq	5	2.26	Microsoft.CodeAnalysis.CSharp.dll	false	1250	1.5935	1.5771	1.6332	2331122
pa:exists:nlinq	5	2.26	System.Private.CoreLib.dll	true	1513	1.3197	1.2936	1.3507	3885261
pa:exists:after	5	2.40	CommandLine.dll	true	5000	0.0347	0.0344	0.0351	152978
pa:exists:after	5	2.40	Humanizer.dll	false	5000	0.0836	0.0830	0.0894	301858
pa:exists:after	5	2.40	Mono.Cecil.dll	false	5000	0.0715	0.0708	0.0750	105346
pa:exists:after	5	2.40	Newtonsoft.Json.dll	true	5000	0.0335	0.0332	0.0338	153554
pa:exists:after	5	2.40	System.Text.Json.dll	true	5000	0.0034	0.0032	0.0035	5714
pa:exists:after	5	2.40	NuGet.Packaging.dll	true	5000	0.0211	0.0210	0.0213	69010
pa:exists:after	5	2.40	Microsoft.CodeAnalysis.CSharp.dll	false	1444	1.3779	1.3647	1.4181	2331774
pa:exists:after	5	2.40	System.Private.CoreLib.dll	true	1593	1.2523	1.2292	1.2836	3885916
pc:count:naive	5	2.37	CommandLine.dll	c=403	5000	0.1654	0.1641	0.1757	621730
pc:count:naive	5	2.37	Humanizer.dll	c=735	5000	0.1613	0.1603	0.1712	584962
pc:count:naive	5	2.37	Mono.Cecil.dll	c=992	5000	0.2654	0.2634	0.2948	831402
pc:count:naive	5	2.37	Newtonsoft.Json.dll	c=1509	4623	0.4026	0.3974	0.5909	1353540
pc:count:naive	5	2.37	System.Text.Json.dll	c=1337	4886	0.3810	0.3762	0.5711	1390858
pc:count:naive	5	2.37	NuGet.Packaging.dll	c=999	5000	0.2983	0.2923	0.3716	995538
pc:count:naive	5	2.37	Microsoft.CodeAnalysis.CSharp.dll	c=13161	192	10.7087	7.3213	14.2613	16476477
pc:count:naive	5	2.37	System.Private.CoreLib.dll	c=22475	129	16.0214	11.8307	18.8994	26124320
pc:count:linq	5	2.27	CommandLine.dll	c=403	5000	0.2036	0.2022	0.2149	652250
pc:count:linq	5	2.27	Humanizer.dll	c=735	5000	0.1908	0.1897	0.2012	573866
pc:count:linq	5	2.27	Mono.Cecil.dll	c=992	5000	0.3193	0.3165	0.3497	839658
pc:count:linq	5	2.27	Newtonsoft.Json.dll	c=1509	4105	0.4791	0.4733	0.5122	1335016
pc:count:linq	5	2.27	System.Text.Json.dll	c=1337	4399	0.4458	0.4397	0.4795	1343285
pc:count:linq	5	2.27	NuGet.Packaging.dll	c=999	5000	0.3807	0.3772	0.4152	1063018
pc:count:linq	5	2.27	Microsoft.CodeAnalysis.CSharp.dll	c=13161	380	5.2113	5.1781	5.3733	16032718
pc:count:linq	5	2.27	System.Private.CoreLib.dll	c=22475	254	7.8318	7.7890	8.1809	24620862
pc:count:nlinq	5	2.39	CommandLine.dll	c=403	5000	0.0179	0.0177	0.0186	4362
pc:count:nlinq	5	2.39	Humanizer.dll	c=735	5000	0.0242	0.0241	0.0244	4362
pc:count:nlinq	5	2.39	Mono.Cecil.dll	c=992	5000	0.0459	0.0457	0.0465	4362
pc:count:nlinq	5	2.39	Newtonsoft.Json.dll	c=1509	5000	0.0577	0.0575	0.0601	4362
pc:count:nlinq	5	2.39	System.Text.Json.dll	c=1337	5000	0.0502	0.0499	0.0510	4362
pc:count:nlinq	5	2.39	NuGet.Packaging.dll	c=999	5000	0.0468	0.0464	0.0473	4362
pc:count:nlinq	5	2.39	Microsoft.CodeAnalysis.CSharp.dll	c=13161	3908	0.5104	0.5061	0.5184	4352
pc:count:nlinq	5	2.39	System.Private.CoreLib.dll	c=22475	3376	0.5913	0.5852	0.6004	4355
pc:count:after	5	2.42	CommandLine.dll	c=403	5000	0.0125	0.0124	0.0134	5018
pc:count:after	5	2.42	Humanizer.dll	c=735	5000	0.0203	0.0201	0.0205	5018
pc:count:after	5	2.42	Mono.Cecil.dll	c=992	5000	0.0381	0.0379	0.0391	5018
pc:count:after	5	2.42	Newtonsoft.Json.dll	c=1509	5000	0.0454	0.0452	0.0460	5018
pc:count:after	5	2.42	System.Text.Json.dll	c=1337	5000	0.0384	0.0382	0.0390	5018
pc:count:after	5	2.42	NuGet.Packaging.dll	c=999	5000	0.0352	0.0350	0.0355	5018
pc:count:after	5	2.42	Microsoft.CodeAnalysis.CSharp.dll	c=13161	5000	0.3910	0.3866	0.3991	5018
pc:count:after	5	2.42	System.Private.CoreLib.dll	c=22475	4041	0.4936	0.4887	0.5019	5008
pa:count:old	5	2.42	CommandLine.dll	c=3	5000	0.1936	0.1910	0.2072	613459
pa:count:old	5	2.42	Humanizer.dll	c=0	5000	0.2111	0.2073	0.2233	761650
pa:count:old	5	2.42	Mono.Cecil.dll	c=0	5000	0.2697	0.2660	0.2842	760106
pa:count:old	5	2.42	Newtonsoft.Json.dll	c=11	3386	0.5584	0.5474	0.7225	1751159
pa:count:old	5	2.42	System.Text.Json.dll	c=8	3735	0.5057	0.4959	0.6573	1662190
pa:count:old	5	2.42	NuGet.Packaging.dll	c=22	3693	0.4937	0.4845	0.7299	1478355
pa:count:old	5	2.42	Microsoft.CodeAnalysis.CSharp.dll	c=0	477	4.1972	4.1431	4.2719	9857433
pa:count:old	5	2.42	System.Private.CoreLib.dll	c=31	129	14.8280	14.4218	18.6314	36602051
pa:count:nlinq	5	2.84	CommandLine.dll	c=3	5000	0.0695	0.0690	0.0754	258842
pa:count:nlinq	5	2.84	Humanizer.dll	c=0	5000	0.0877	0.0870	0.0938	301194
pa:count:nlinq	5	2.84	Mono.Cecil.dll	c=0	5000	0.0807	0.0803	0.0846	104682
pa:count:nlinq	5	2.84	Newtonsoft.Json.dll	c=11	5000	0.2455	0.2432	0.2595	793514
pa:count:nlinq	5	2.84	System.Text.Json.dll	c=8	5000	0.2205	0.2132	0.2372	784538
pa:count:nlinq	5	2.84	NuGet.Packaging.dll	c=22	5000	0.1192	0.1149	0.1246	269466
pa:count:nlinq	5	2.84	Microsoft.CodeAnalysis.CSharp.dll	c=0	1354	1.4717	1.4527	1.5126	2331112
pa:count:nlinq	5	2.84	System.Private.CoreLib.dll	c=31	589	3.3952	3.3706	3.4268	8874492
pa:count:after	5	2.79	CommandLine.dll	c=3	5000	0.0637	0.0632	0.0697	259498
pa:count:after	5	2.79	Humanizer.dll	c=0	5000	0.0839	0.0832	0.0909	301850
pa:count:after	5	2.79	Mono.Cecil.dll	c=0	5000	0.0717	0.0711	0.0769	105338
pa:count:after	5	2.79	Newtonsoft.Json.dll	c=11	5000	0.2302	0.2282	0.2445	794170
pa:count:after	5	2.79	System.Text.Json.dll	c=8	5000	0.2059	0.2042	0.2193	785194
pa:count:after	5	2.79	NuGet.Packaging.dll	c=22	5000	0.1065	0.1059	0.1133	270122
pa:count:after	5	2.79	Microsoft.CodeAnalysis.CSharp.dll	c=0	1438	1.3846	1.3668	1.4255	2331766
pa:count:after	5	2.79	System.Private.CoreLib.dll	c=31	600	3.3307	3.2989	3.3757	8875147
pc:head:naive	5	2.89	CommandLine.dll	n=6;h=38398B5E	5000	0.1665	0.1637	0.1764	621994
pc:head:naive	5	2.89	Humanizer.dll	n=6;h=D93A2D05	5000	0.1617	0.1598	0.1715	585226
pc:head:naive	5	2.89	Mono.Cecil.dll	n=6;h=EAFAA362	5000	0.2651	0.2606	0.2949	831666
pc:head:naive	5	2.89	Newtonsoft.Json.dll	n=6;h=A4332D4B	4632	0.4028	0.3947	0.5838	1353804
pc:head:naive	5	2.89	System.Text.Json.dll	n=6;h=7C8B77FF	4849	0.3835	0.3785	0.5750	1391123
pc:head:naive	5	2.89	NuGet.Packaging.dll	n=6;h=10648FC9	5000	0.3029	0.2974	0.3869	995802
pc:head:naive	5	2.89	Microsoft.CodeAnalysis.CSharp.dll	n=6;h=83A9E69E	192	10.5106	7.3821	14.2142	16476724
pc:head:naive	5	2.89	System.Private.CoreLib.dll	n=6;h=8CF51FF1	127	16.1780	11.9058	19.0699	26124642
pc:head:linq	5	2.76	CommandLine.dll	n=6;h=38398B5E	5000	0.0075	0.0074	0.0078	17810
pc:head:linq	5	2.76	Humanizer.dll	n=6;h=D93A2D05	5000	0.0033	0.0032	0.0035	10706
pc:head:linq	5	2.76	Mono.Cecil.dll	n=6;h=EAFAA362	5000	0.0032	0.0032	0.0034	10242
pc:head:linq	5	2.76	Newtonsoft.Json.dll	n=6;h=A4332D4B	5000	0.0032	0.0031	0.0033	10186
pc:head:linq	5	2.76	System.Text.Json.dll	n=6;h=7C8B77FF	5000	0.0072	0.0071	0.0073	10674
pc:head:linq	5	2.76	NuGet.Packaging.dll	n=6;h=10648FC9	5000	0.0057	0.0056	0.0058	15082
pc:head:linq	5	2.76	Microsoft.CodeAnalysis.CSharp.dll	n=6;h=83A9E69E	5000	0.0034	0.0033	0.0035	10242
pc:head:linq	5	2.76	System.Private.CoreLib.dll	n=6;h=8CF51FF1	5000	0.0101	0.0100	0.0103	18594
pc:head:nlinq	5	2.76	CommandLine.dll	n=6;h=38398B5E	5000	0.0041	0.0040	0.0046	10274
pc:head:nlinq	5	2.76	Humanizer.dll	n=6;h=D93A2D05	5000	0.0026	0.0026	0.0027	8274
pc:head:nlinq	5	2.76	Mono.Cecil.dll	n=6;h=EAFAA362	5000	0.0027	0.0026	0.0027	8042
pc:head:nlinq	5	2.76	Newtonsoft.Json.dll	n=6;h=A4332D4B	5000	0.0026	0.0025	0.0027	7986
pc:head:nlinq	5	2.76	System.Text.Json.dll	n=6;h=7C8B77FF	5000	0.0042	0.0042	0.0043	8474
pc:head:nlinq	5	2.76	NuGet.Packaging.dll	n=6;h=10648FC9	5000	0.0038	0.0037	0.0039	11026
pc:head:nlinq	5	2.76	Microsoft.CodeAnalysis.CSharp.dll	n=6;h=83A9E69E	5000	0.0026	0.0025	0.0027	7578
pc:head:nlinq	5	2.76	System.Private.CoreLib.dll	n=6;h=8CF51FF1	5000	0.0048	0.0047	0.0049	7346
pc:head:after	5	2.76	CommandLine.dll	n=6;h=38398B5E	5000	0.0032	0.0032	0.0039	10338
pc:head:after	5	2.76	Humanizer.dll	n=6;h=D93A2D05	5000	0.0025	0.0025	0.0026	8338
pc:head:after	5	2.76	Mono.Cecil.dll	n=6;h=EAFAA362	5000	0.0026	0.0026	0.0027	8106
pc:head:after	5	2.76	Newtonsoft.Json.dll	n=6;h=A4332D4B	5000	0.0025	0.0025	0.0026	8050
pc:head:after	5	2.76	System.Text.Json.dll	n=6;h=7C8B77FF	5000	0.0033	0.0033	0.0034	8538
pc:head:after	5	2.76	NuGet.Packaging.dll	n=6;h=10648FC9	5000	0.0032	0.0032	0.0034	11090
pc:head:after	5	2.76	Microsoft.CodeAnalysis.CSharp.dll	n=6;h=83A9E69E	5000	0.0025	0.0024	0.0025	7642
pc:head:after	5	2.76	System.Private.CoreLib.dll	n=6;h=8CF51FF1	5000	0.0036	0.0035	0.0037	7410
pa:head:old	5	2.76	CommandLine.dll	n=3;names=003D5581	5000	0.1940	0.1903	0.2059	613687
pa:head:old	5	2.76	Humanizer.dll	n=0;names=811C9DC5	5000	0.2112	0.2075	0.2264	761746
pa:head:old	5	2.76	Mono.Cecil.dll	n=0;names=811C9DC5	5000	0.2693	0.2643	0.3159	760202
pa:head:old	5	2.76	Newtonsoft.Json.dll	n=6;names=D2C3079F	3394	0.5590	0.5444	0.7118	1751530
pa:head:old	5	2.76	System.Text.Json.dll	n=6;names=E380D9F1	3717	0.5054	0.4943	0.6575	1662542
pa:head:old	5	2.76	NuGet.Packaging.dll	n=6;names=C5650123	3727	0.4890	0.4791	0.7281	1478666
pa:head:old	5	2.76	Microsoft.CodeAnalysis.CSharp.dll	n=0;names=811C9DC5	474	4.1932	4.1402	4.3899	9857529
pa:head:old	5	2.76	System.Private.CoreLib.dll	n=6;names=712F80E9	126	15.4218	14.5969	18.8379	36602232
pa:head:nlinq	5	2.66	CommandLine.dll	n=3;names=003D5581	5000	0.0777	0.0749	0.0846	265946
pa:head:nlinq	5	2.66	Humanizer.dll	n=0;names=811C9DC5	5000	0.0944	0.0912	0.1003	301394
pa:head:nlinq	5	2.66	Mono.Cecil.dll	n=0;names=811C9DC5	5000	0.0879	0.0866	0.0922	104882
pa:head:nlinq	5	2.66	Newtonsoft.Json.dll	n=6;names=D2C3079F	5000	0.1765	0.1713	0.1886	576642
pa:head:nlinq	5	2.66	System.Text.Json.dll	n=6;names=E380D9F1	5000	0.1598	0.1538	0.1735	601850
pa:head:nlinq	5	2.66	NuGet.Packaging.dll	n=6;names=C5650123	5000	0.0422	0.0419	0.0440	122242
pa:head:nlinq	5	2.66	Microsoft.CodeAnalysis.CSharp.dll	n=0;names=811C9DC5	1250	1.6021	1.5502	1.6520	2331314
pa:head:nlinq	5	2.66	System.Private.CoreLib.dll	n=6;names=712F80E9	1515	1.3172	1.2930	1.3492	3902149
pa:head:after	5	2.52	CommandLine.dll	n=3;names=003D5581	5000	0.0655	0.0651	0.0703	266106
pa:head:after	5	2.52	Humanizer.dll	n=0;names=811C9DC5	5000	0.0839	0.0834	0.0898	301458
pa:head:after	5	2.52	Mono.Cecil.dll	n=0;names=811C9DC5	5000	0.0725	0.0720	0.0753	104946
pa:head:after	5	2.52	Newtonsoft.Json.dll	n=6;names=D2C3079F	5000	0.1594	0.1576	0.1697	576706
pa:head:after	5	2.52	System.Text.Json.dll	n=6;names=E380D9F1	5000	0.1457	0.1435	0.1562	601914
pa:head:after	5	2.52	NuGet.Packaging.dll	n=6;names=C5650123	5000	0.0386	0.0383	0.0391	122306
pa:head:after	5	2.52	Microsoft.CodeAnalysis.CSharp.dll	n=0;names=811C9DC5	1419	1.4036	1.3870	1.4435	2331375
pa:head:after	5	2.52	System.Private.CoreLib.dll	n=6;names=712F80E9	1581	1.2606	1.2387	1.2943	3902212
pc:tail:naive	5	2.44	CommandLine.dll	n=6;h=2C0D37C1	5000	0.1669	0.1646	0.1781	622266
pc:tail:naive	5	2.44	Humanizer.dll	n=6;h=91D17220	5000	0.1618	0.1606	0.1718	585498
pc:tail:naive	5	2.44	Mono.Cecil.dll	n=6;h=3891C1A0	5000	0.2660	0.2630	0.2948	831938
pc:tail:naive	5	2.44	Newtonsoft.Json.dll	n=6;h=7111BB62	4603	0.4048	0.3997	0.5879	1354076
pc:tail:naive	5	2.44	System.Text.Json.dll	n=6;h=51F1B225	4857	0.3836	0.3756	0.5733	1391395
pc:tail:naive	5	2.44	NuGet.Packaging.dll	n=6;h=233EB48F	5000	0.3007	0.2965	0.3690	996074
pc:tail:naive	5	2.44	Microsoft.CodeAnalysis.CSharp.dll	n=6;h=DBA5688B	193	10.3632	7.3632	14.1937	16476994
pc:tail:naive	5	2.44	System.Private.CoreLib.dll	n=6;h=BC20A3BD	127	16.1659	11.9118	19.1904	26124913
pc:tail:linq	5	2.29	CommandLine.dll	n=6;h=2C0D37C1	5000	0.2092	0.2081	0.2197	653098
pc:tail:linq	5	2.29	Humanizer.dll	n=6;h=91D17220	5000	0.2002	0.1988	0.2102	574714
pc:tail:linq	5	2.29	Mono.Cecil.dll	n=6;h=3891C1A0	5000	0.3314	0.3284	0.3664	840506
pc:tail:linq	5	2.29	Newtonsoft.Json.dll	n=6;h=7111BB62	3945	0.4987	0.4916	0.5368	1335848
pc:tail:linq	5	2.29	System.Text.Json.dll	n=6;h=51F1B225	4235	0.4629	0.4569	0.5020	1344135
pc:tail:linq	5	2.29	NuGet.Packaging.dll	n=6;h=233EB48F	4967	0.3946	0.3893	0.4322	1063866
pc:tail:linq	5	2.29	Microsoft.CodeAnalysis.CSharp.dll	n=6;h=DBA5688B	370	5.3776	5.3460	5.6279	16033566
pc:tail:linq	5	2.29	System.Private.CoreLib.dll	n=6;h=BC20A3BD	246	8.1033	8.0630	8.4528	24621771
pc:tail:nlinq	5	2.23	CommandLine.dll	n=6;h=2C0D37C1	5000	0.0241	0.0239	0.0252	10122
pc:tail:nlinq	5	2.23	Humanizer.dll	n=6;h=91D17220	5000	0.0306	0.0305	0.0308	6810
pc:tail:nlinq	5	2.23	Mono.Cecil.dll	n=6;h=3891C1A0	5000	0.0582	0.0580	0.0606	8978
pc:tail:nlinq	5	2.23	Newtonsoft.Json.dll	n=6;h=7111BB62	5000	0.0740	0.0737	0.0778	9506
pc:tail:nlinq	5	2.23	System.Text.Json.dll	n=6;h=51F1B225	5000	0.0655	0.0651	0.0688	10266
pc:tail:nlinq	5	2.23	NuGet.Packaging.dll	n=6;h=233EB48F	5000	0.0605	0.0595	0.0632	6394
pc:tail:nlinq	5	2.23	Microsoft.CodeAnalysis.CSharp.dll	n=6;h=DBA5688B	3029	0.6600	0.6512	0.6695	9141
pc:tail:nlinq	5	2.23	System.Private.CoreLib.dll	n=6;h=BC20A3BD	2656	0.7529	0.7441	0.7615	9280
pc:tail:after	5	2.70	CommandLine.dll	n=6;h=2C0D37C1	5000	0.0132	0.0132	0.0140	9874
pc:tail:after	5	2.70	Humanizer.dll	n=6;h=91D17220	5000	0.0201	0.0200	0.0203	6562
pc:tail:after	5	2.70	Mono.Cecil.dll	n=6;h=3891C1A0	5000	0.0373	0.0370	0.0376	8730
pc:tail:after	5	2.70	Newtonsoft.Json.dll	n=6;h=7111BB62	5000	0.0438	0.0436	0.0441	9258
pc:tail:after	5	2.70	System.Text.Json.dll	n=6;h=51F1B225	5000	0.0380	0.0369	0.0390	10018
pc:tail:after	5	2.70	NuGet.Packaging.dll	n=6;h=233EB48F	5000	0.0332	0.0330	0.0334	6146
pc:tail:after	5	2.70	Microsoft.CodeAnalysis.CSharp.dll	n=6;h=DBA5688B	5000	0.3665	0.3561	0.3773	8898
pc:tail:after	5	2.70	System.Private.CoreLib.dll	n=6;h=BC20A3BD	4253	0.4701	0.4627	0.4791	9038
pa:tail:old	5	2.72	CommandLine.dll	n=3;names=003D5581	5000	0.1934	0.1902	0.2039	613855
pa:tail:old	5	2.72	Humanizer.dll	n=0;names=811C9DC5	5000	0.2113	0.2076	0.2271	761786
pa:tail:old	5	2.72	Mono.Cecil.dll	n=0;names=811C9DC5	5000	0.2689	0.2654	0.2825	760242
pa:tail:old	5	2.72	Newtonsoft.Json.dll	n=6;names=DBFE2D1D	3396	0.5564	0.5463	0.7237	1751877
pa:tail:old	5	2.72	System.Text.Json.dll	n=6;names=D5D3B3F0	3712	0.5021	0.4911	0.6801	1662661
pa:tail:old	5	2.72	NuGet.Packaging.dll	n=6;names=42CFFD24	3732	0.4878	0.4771	0.7447	1478949
pa:tail:old	5	2.72	Microsoft.CodeAnalysis.CSharp.dll	n=0;names=811C9DC5	478	4.1767	4.1462	4.2535	9857569
pa:tail:old	5	2.72	System.Private.CoreLib.dll	n=6;names=09E175C7	130	14.8289	14.4714	18.5327	36602646
pa:tail:nlinq	5	2.63	CommandLine.dll	n=3;names=003D5581	5000	0.0733	0.0729	0.0789	266218
pa:tail:nlinq	5	2.63	Humanizer.dll	n=0;names=811C9DC5	5000	0.0898	0.0892	0.0958	301570
pa:tail:nlinq	5	2.63	Mono.Cecil.dll	n=0;names=811C9DC5	5000	0.0852	0.0848	0.0902	105058
pa:tail:nlinq	5	2.63	Newtonsoft.Json.dll	n=6;names=DBFE2D1D	5000	0.2518	0.2494	0.2670	802250
pa:tail:nlinq	5	2.63	System.Text.Json.dll	n=6;names=D5D3B3F0	5000	0.2265	0.2232	0.2398	791786
pa:tail:nlinq	5	2.63	NuGet.Packaging.dll	n=6;names=42CFFD24	5000	0.1272	0.1268	0.1351	278370
pa:tail:nlinq	5	2.63	Microsoft.CodeAnalysis.CSharp.dll	n=0;names=811C9DC5	1300	1.5303	1.5155	1.5730	2331489
pa:tail:nlinq	5	2.63	System.Private.CoreLib.dll	n=6;names=09E175C7	582	3.4388	3.4150	3.4692	8879172
pa:tail:after	5	2.45	CommandLine.dll	n=3;names=003D5581	5000	0.0646	0.0643	0.0683	265970
pa:tail:after	5	2.45	Humanizer.dll	n=0;names=811C9DC5	5000	0.0825	0.0819	0.0883	301346
pa:tail:after	5	2.45	Mono.Cecil.dll	n=0;names=811C9DC5	5000	0.0692	0.0687	0.0719	104834
pa:tail:after	5	2.45	Newtonsoft.Json.dll	n=6;names=DBFE2D1D	5000	0.2321	0.2274	0.2662	802002
pa:tail:after	5	2.45	System.Text.Json.dll	n=6;names=D5D3B3F0	5000	0.2061	0.2044	0.2206	791538
pa:tail:after	5	2.45	NuGet.Packaging.dll	n=6;names=42CFFD24	5000	0.1061	0.1052	0.1131	278122
pa:tail:after	5	2.45	Microsoft.CodeAnalysis.CSharp.dll	n=0;names=811C9DC5	1477	1.3477	1.3327	1.3866	2331262
pa:tail:after	5	2.45	System.Private.CoreLib.dll	n=6;names=09E175C7	607	3.2954	3.2715	3.3342	8878923
pc:rows:naive	5	2.33	CommandLine.dll	n=403;h=0DAD55A3	5000	0.1646	0.1632	0.1745	621730
pc:rows:naive	5	2.33	Humanizer.dll	n=735;h=ABE64147	5000	0.1606	0.1598	0.1706	584962
pc:rows:naive	5	2.33	Mono.Cecil.dll	n=992;h=D45F7327	5000	0.2647	0.2627	0.2928	831402
pc:rows:naive	5	2.33	Newtonsoft.Json.dll	n=1509;h=30587641	4638	0.4013	0.3960	0.5891	1353540
pc:rows:naive	5	2.33	System.Text.Json.dll	n=1337;h=15AB9B20	4901	0.3793	0.3751	0.5702	1390858
pc:rows:naive	5	2.33	NuGet.Packaging.dll	n=999;h=910CC3CB	5000	0.2981	0.2920	0.3926	995538
pc:rows:naive	5	2.33	Microsoft.CodeAnalysis.CSharp.dll	n=13161;h=20D748F8	189	10.5846	7.4282	14.1562	16476490
pc:rows:naive	5	2.33	System.Private.CoreLib.dll	n=22475;h=21372B1F	128	16.0815	11.8482	18.9130	26124320
pc:rows:linq	5	2.24	CommandLine.dll	n=403;h=0DAD55A3	5000	0.2091	0.2068	0.2200	676954
pc:rows:linq	5	2.24	Humanizer.dll	n=735;h=ABE64147	5000	0.2007	0.1983	0.2112	623170
pc:rows:linq	5	2.24	Mono.Cecil.dll	n=992;h=D45F7327	5000	0.3332	0.3289	0.3857	888962
pc:rows:linq	5	2.24	Newtonsoft.Json.dll	n=1509;h=30587641	3771	0.4975	0.4906	0.6789	1433481
pc:rows:linq	5	2.24	System.Text.Json.dll	n=1337;h=15AB9B20	4038	0.4622	0.4557	0.6253	1441752
pc:rows:linq	5	2.24	NuGet.Packaging.dll	n=999;h=910CC3CB	4864	0.3946	0.3871	0.4831	1112323
pc:rows:linq	5	2.24	Microsoft.CodeAnalysis.CSharp.dll	n=13161;h=20D748F8	188	10.4234	7.9251	14.2620	16819416
pc:rows:linq	5	2.24	System.Private.CoreLib.dll	n=22475;h=21372B1F	120	17.0166	14.6188	18.5494	26195632
pc:rows:nlinq	5	2.12	CommandLine.dll	n=403;h=0DAD55A3	5000	0.1690	0.1670	0.2387	611426
pc:rows:nlinq	5	2.12	Humanizer.dll	n=735;h=ABE64147	5000	0.1585	0.1570	0.1682	566690
pc:rows:nlinq	5	2.12	Mono.Cecil.dll	n=992;h=D45F7327	5000	0.2602	0.2569	0.2799	806962
pc:rows:nlinq	5	2.12	Newtonsoft.Json.dll	n=1509;h=30587641	4636	0.3982	0.3905	0.5753	1316692
pc:rows:nlinq	5	2.12	System.Text.Json.dll	n=1337;h=15AB9B20	4861	0.3801	0.3697	0.5554	1358139
pc:rows:nlinq	5	2.12	NuGet.Packaging.dll	n=999;h=910CC3CB	5000	0.2988	0.2919	0.3616	970930
pc:rows:nlinq	5	2.12	Microsoft.CodeAnalysis.CSharp.dll	n=13161;h=20D748F8	203	9.9439	7.0417	13.5424	16159999
pc:rows:nlinq	5	2.12	System.Private.CoreLib.dll	n=22475;h=21372B1F	132	15.6637	11.4747	18.3882	25584436
pc:rows:after	5	2.02	CommandLine.dll	n=403;h=0DAD55A3	5000	0.1657	0.1631	0.1757	621730
pc:rows:after	5	2.02	Humanizer.dll	n=735;h=ABE64147	5000	0.1612	0.1602	0.1712	584962
pc:rows:after	5	2.02	Mono.Cecil.dll	n=992;h=D45F7327	5000	0.2662	0.2626	0.2989	831402
pc:rows:after	5	2.02	Newtonsoft.Json.dll	n=1509;h=30587641	4626	0.4030	0.3967	0.5860	1353540
pc:rows:after	5	2.02	System.Text.Json.dll	n=1337;h=15AB9B20	4868	0.3823	0.3779	0.5739	1390858
pc:rows:after	5	2.02	NuGet.Packaging.dll	n=999;h=910CC3CB	5000	0.3005	0.2950	0.3747	995538
pc:rows:after	5	2.02	Microsoft.CodeAnalysis.CSharp.dll	n=13161;h=20D748F8	192	10.4612	7.3748	14.1880	16476458
pc:rows:after	5	2.02	System.Private.CoreLib.dll	n=22475;h=21372B1F	129	15.9383	11.7222	18.8191	26124321
pa:rows:old	5	2.22	CommandLine.dll	n=3;names=003D5581	5000	0.1931	0.1898	0.2041	613459
pa:rows:old	5	2.22	Humanizer.dll	n=0;names=811C9DC5	5000	0.2093	0.2053	0.2260	761650
pa:rows:old	5	2.22	Mono.Cecil.dll	n=0;names=811C9DC5	5000	0.2668	0.2620	0.2802	760106
pa:rows:old	5	2.22	Newtonsoft.Json.dll	n=11;names=DF6BFB0D	3418	0.5527	0.5415	0.7183	1751160
pa:rows:old	5	2.22	System.Text.Json.dll	n=8;names=1113A289	3750	0.5001	0.4904	0.6704	1662171
pa:rows:old	5	2.22	NuGet.Packaging.dll	n=22;names=D7AF274C	3692	0.4899	0.4803	0.7769	1478391
pa:rows:old	5	2.22	Microsoft.CodeAnalysis.CSharp.dll	n=0;names=811C9DC5	476	4.1932	4.1638	4.2701	9857433
pa:rows:old	5	2.22	System.Private.CoreLib.dll	n=31;names=A234A9CC	129	14.8278	14.4433	18.6497	36602179
pa:rows:nlinq	5	2.18	CommandLine.dll	n=3;names=003D5581	5000	0.0741	0.0736	0.0747	265898
pa:rows:nlinq	5	2.18	Humanizer.dll	n=0;names=811C9DC5	5000	0.0904	0.0899	0.0965	301226
pa:rows:nlinq	5	2.18	Mono.Cecil.dll	n=0;names=811C9DC5	5000	0.0867	0.0863	0.0901	104714
pa:rows:nlinq	5	2.18	Newtonsoft.Json.dll	n=11;names=DF6BFB0D	5000	0.2572	0.2545	0.2750	807970
pa:rows:nlinq	5	2.18	System.Text.Json.dll	n=8;names=1113A289	5000	0.2304	0.2274	0.2425	793594
pa:rows:nlinq	5	2.18	NuGet.Packaging.dll	n=22;names=D7AF274C	5000	0.1360	0.1355	0.1385	310178
pa:rows:nlinq	5	2.18	Microsoft.CodeAnalysis.CSharp.dll	n=0;names=811C9DC5	1289	1.5447	1.5250	1.5856	2331145
pa:rows:nlinq	5	2.18	System.Private.CoreLib.dll	n=31;names=A234A9CC	577	3.4696	3.4357	3.4960	8899332
pa:rows:after	5	2.23	CommandLine.dll	n=3;names=003D5581	5000	0.0711	0.0707	0.0720	266818
pa:rows:after	5	2.23	Humanizer.dll	n=0;names=811C9DC5	5000	0.0935	0.0930	0.0995	302170
pa:rows:after	5	2.23	Mono.Cecil.dll	n=0;names=811C9DC5	5000	0.0923	0.0909	0.0981	105658
pa:rows:after	5	2.23	Newtonsoft.Json.dll	n=11;names=DF6BFB0D	5000	0.2604	0.2580	0.2804	808866
pa:rows:after	5	2.23	System.Text.Json.dll	n=8;names=1113A289	5000	0.2362	0.2337	0.2530	794202
pa:rows:after	5	2.23	NuGet.Packaging.dll	n=22;names=D7AF274C	5000	0.1396	0.1373	0.1460	311338
pa:rows:after	5	2.23	Microsoft.CodeAnalysis.CSharp.dll	n=0;names=811C9DC5	1237	1.6089	1.5889	1.6529	2332090
pa:rows:after	5	2.23	System.Private.CoreLib.dll	n=31;names=A234A9CC	569	3.5180	3.4887	3.5477	8900709
pc:window:naive	5	2.19	CommandLine.dll	n=11;h=9289C8A6	5000	0.1657	0.1647	0.1761	622186
pc:window:naive	5	2.19	Humanizer.dll	n=11;h=13A97420	5000	0.1615	0.1606	0.1717	585418
pc:window:naive	5	2.19	Mono.Cecil.dll	n=11;h=D01076C5	5000	0.2662	0.2633	0.2920	831858
pc:window:naive	5	2.19	Newtonsoft.Json.dll	n=11;h=1E2EEF32	4456	0.4067	0.3995	0.6223	1353997
pc:window:naive	5	2.19	System.Text.Json.dll	n=11;h=BA929ADB	4890	0.3817	0.3731	0.5700	1391314
pc:window:naive	5	2.19	NuGet.Packaging.dll	n=11;h=11E00573	5000	0.3004	0.2936	0.3704	995994
pc:window:naive	5	2.19	Microsoft.CodeAnalysis.CSharp.dll	n=11;h=F4CCA210	189	10.7363	7.4608	14.4444	16476917
pc:window:naive	5	2.19	System.Private.CoreLib.dll	n=11;h=3D959E9B	129	16.0754	11.6594	18.9282	26124858
pc:window:linq	5	2.32	CommandLine.dll	n=11;h=9289C8A6	5000	0.0538	0.0533	0.0595	176450
pc:window:linq	5	2.32	Humanizer.dll	n=11;h=13A97420	5000	0.0282	0.0280	0.0286	89570
pc:window:linq	5	2.32	Mono.Cecil.dll	n=11;h=D01076C5	5000	0.0315	0.0312	0.0319	96170
pc:window:linq	5	2.32	Newtonsoft.Json.dll	n=11;h=1E2EEF32	5000	0.0314	0.0311	0.0319	94954
pc:window:linq	5	2.32	System.Text.Json.dll	n=11;h=BA929ADB	5000	0.0330	0.0327	0.0335	113418
pc:window:linq	5	2.32	NuGet.Packaging.dll	n=11;h=11E00573	5000	0.0351	0.0348	0.0356	104746
pc:window:linq	5	2.32	Microsoft.CodeAnalysis.CSharp.dll	n=11;h=F4CCA210	5000	0.0673	0.0669	0.0706	124674
pc:window:linq	5	2.32	System.Private.CoreLib.dll	n=11;h=3D959E9B	5000	0.0383	0.0380	0.0395	96858
pc:window:nlinq	5	2.29	CommandLine.dll	n=11;h=9289C8A6	5000	0.0089	0.0088	0.0095	19074
pc:window:nlinq	5	2.29	Humanizer.dll	n=11;h=13A97420	5000	0.0062	0.0061	0.0064	12890
pc:window:nlinq	5	2.29	Mono.Cecil.dll	n=11;h=D01076C5	5000	0.0075	0.0075	0.0077	15842
pc:window:nlinq	5	2.29	Newtonsoft.Json.dll	n=11;h=1E2EEF32	5000	0.0085	0.0084	0.0086	16690
pc:window:nlinq	5	2.29	System.Text.Json.dll	n=11;h=BA929ADB	5000	0.0080	0.0080	0.0082	16986
pc:window:nlinq	5	2.29	NuGet.Packaging.dll	n=11;h=11E00573	5000	0.0080	0.0079	0.0082	15378
pc:window:nlinq	5	2.29	Microsoft.CodeAnalysis.CSharp.dll	n=11;h=F4CCA210	5000	0.0206	0.0205	0.0209	15282
pc:window:nlinq	5	2.29	System.Private.CoreLib.dll	n=11;h=3D959E9B	5000	0.0093	0.0092	0.0095	11250
pc:window:after	5	2.29	CommandLine.dll	n=11;h=9289C8A6	5000	0.0073	0.0071	0.0077	19138
pc:window:after	5	2.29	Humanizer.dll	n=11;h=13A97420	5000	0.0055	0.0054	0.0057	12954
pc:window:after	5	2.29	Mono.Cecil.dll	n=11;h=D01076C5	5000	0.0065	0.0064	0.0066	15906
pc:window:after	5	2.29	Newtonsoft.Json.dll	n=11;h=1E2EEF32	5000	0.0073	0.0072	0.0074	16754
pc:window:after	5	2.29	System.Text.Json.dll	n=11;h=BA929ADB	5000	0.0062	0.0062	0.0063	17050
pc:window:after	5	2.29	NuGet.Packaging.dll	n=11;h=11E00573	5000	0.0065	0.0064	0.0065	15442
pc:window:after	5	2.29	Microsoft.CodeAnalysis.CSharp.dll	n=11;h=F4CCA210	5000	0.0116	0.0115	0.0118	15346
pc:window:after	5	2.29	System.Private.CoreLib.dll	n=11;h=3D959E9B	5000	0.0068	0.0067	0.0069	11314
pa:window:old	5	2.29	CommandLine.dll	fail	5000	0.1930	0.1898	0.2062	613465
pa:window:old	5	2.29	Humanizer.dll	fail	5000	0.2099	0.2064	0.2221	761658
pa:window:old	5	2.29	Mono.Cecil.dll	fail	5000	0.2662	0.2618	0.2802	760114
pa:window:old	5	2.29	Newtonsoft.Json.dll	fail	3412	0.5522	0.5412	0.7278	1751196
pa:window:old	5	2.29	System.Text.Json.dll	fail	3655	0.5066	0.4901	0.7009	1662135
pa:window:old	5	2.29	NuGet.Packaging.dll	fail	3691	0.4875	0.4780	0.7932	1478354
pa:window:old	5	2.29	Microsoft.CodeAnalysis.CSharp.dll	fail	480	4.1550	4.1157	4.2375	9857441
pa:window:old	5	2.29	System.Private.CoreLib.dll	fail	131	14.6895	14.3265	18.5399	36602195
pa:window:nlinq	5	2.44	CommandLine.dll	fail	5000	0.0740	0.0735	0.0792	258850
pa:window:nlinq	5	2.44	Humanizer.dll	fail	5000	0.0928	0.0922	0.0992	301202
pa:window:nlinq	5	2.44	Mono.Cecil.dll	fail	5000	0.0892	0.0886	0.0930	104690
pa:window:nlinq	5	2.44	Newtonsoft.Json.dll	fail	5000	0.2574	0.2547	0.2752	793522
pa:window:nlinq	5	2.44	System.Text.Json.dll	fail	5000	0.2305	0.2288	0.2452	784546
pa:window:nlinq	5	2.44	NuGet.Packaging.dll	fail	5000	0.1314	0.1307	0.1387	269474
pa:window:nlinq	5	2.44	Microsoft.CodeAnalysis.CSharp.dll	fail	1255	1.5890	1.5690	1.6289	2331122
pa:window:nlinq	5	2.44	System.Private.CoreLib.dll	fail	573	3.4920	3.4618	3.5224	8874500
pa:window:after	5	2.33	CommandLine.dll	fail	5000	0.0633	0.0630	0.0680	259210
pa:window:after	5	2.33	Humanizer.dll	fail	5000	0.0836	0.0831	0.0892	301562
pa:window:after	5	2.33	Mono.Cecil.dll	fail	5000	0.0720	0.0715	0.0749	105050
pa:window:after	5	2.33	Newtonsoft.Json.dll	fail	5000	0.2319	0.2297	0.2459	793882
pa:window:after	5	2.33	System.Text.Json.dll	fail	5000	0.2069	0.2040	0.2208	784906
pa:window:after	5	2.33	NuGet.Packaging.dll	fail	5000	0.1072	0.1041	0.1135	269834
pa:window:after	5	2.33	Microsoft.CodeAnalysis.CSharp.dll	fail	1418	1.4043	1.3877	1.4432	2331479
pa:window:after	5	2.33	System.Private.CoreLib.dll	fail	600	3.3357	3.3122	3.3638	8874859
pc:exists:naive	5	2.34	CommandLine.dll	true	5000	0.1658	0.1638	0.1760	621738
pc:exists:naive	5	2.34	Humanizer.dll	true	5000	0.1615	0.1590	0.1712	584970
pc:exists:naive	5	2.34	Mono.Cecil.dll	true	5000	0.2648	0.2608	0.3045	831410
pc:exists:naive	5	2.34	Newtonsoft.Json.dll	true	4631	0.4024	0.3967	0.5864	1353548
pc:exists:naive	5	2.34	System.Text.Json.dll	true	4896	0.3802	0.3745	0.5708	1390866
pc:exists:naive	5	2.34	NuGet.Packaging.dll	true	5000	0.3007	0.2956	0.3719	995546
pc:exists:naive	5	2.34	Microsoft.CodeAnalysis.CSharp.dll	true	194	10.4082	7.4197	14.1373	16476466
pc:exists:naive	5	2.34	System.Private.CoreLib.dll	true	129	15.9741	11.8577	18.9175	26124320
pc:exists:linq	5	2.29	CommandLine.dll	true	5000	0.0056	0.0055	0.0062	11490
pc:exists:linq	5	2.29	Humanizer.dll	true	5000	0.0020	0.0019	0.0020	5818
pc:exists:linq	5	2.29	Mono.Cecil.dll	true	5000	0.0020	0.0019	0.0020	5818
pc:exists:linq	5	2.29	Newtonsoft.Json.dll	true	5000	0.0020	0.0018	0.0020	5818
pc:exists:linq	5	2.29	System.Text.Json.dll	true	5000	0.0020	0.0019	0.0021	6154
pc:exists:linq	5	2.29	NuGet.Packaging.dll	true	5000	0.0041	0.0041	0.0042	9490
pc:exists:linq	5	2.29	Microsoft.CodeAnalysis.CSharp.dll	true	5000	0.0023	0.0022	0.0023	6282
pc:exists:linq	5	2.29	System.Private.CoreLib.dll	true	5000	0.0041	0.0040	0.0042	7530
pc:exists:nlinq	5	2.29	CommandLine.dll	true	5000	0.0027	0.0026	0.0033	4370
pc:exists:nlinq	5	2.29	Humanizer.dll	true	5000	0.0017	0.0016	0.0017	4370
pc:exists:nlinq	5	2.29	Mono.Cecil.dll	true	5000	0.0017	0.0016	0.0017	4370
pc:exists:nlinq	5	2.29	Newtonsoft.Json.dll	true	5000	0.0017	0.0016	0.0017	4370
pc:exists:nlinq	5	2.29	System.Text.Json.dll	true	5000	0.0017	0.0016	0.0017	4370
pc:exists:nlinq	5	2.29	NuGet.Packaging.dll	true	5000	0.0022	0.0021	0.0023	4370
pc:exists:nlinq	5	2.29	Microsoft.CodeAnalysis.CSharp.dll	true	5000	0.0017	0.0017	0.0018	4370
pc:exists:nlinq	5	2.29	System.Private.CoreLib.dll	true	5000	0.0024	0.0023	0.0025	4370
pc:exists:after	5	2.29	CommandLine.dll	true	5000	0.0019	0.0018	0.0024	5026
pc:exists:after	5	2.29	Humanizer.dll	true	5000	0.0018	0.0017	0.0018	5026
pc:exists:after	5	2.29	Mono.Cecil.dll	true	5000	0.0018	0.0017	0.0018	5026
pc:exists:after	5	2.29	Newtonsoft.Json.dll	true	5000	0.0018	0.0017	0.0018	5026
pc:exists:after	5	2.29	System.Text.Json.dll	true	5000	0.0018	0.0017	0.0018	5026
pc:exists:after	5	2.29	NuGet.Packaging.dll	true	5000	0.0018	0.0017	0.0019	5026
pc:exists:after	5	2.29	Microsoft.CodeAnalysis.CSharp.dll	true	5000	0.0018	0.0017	0.0018	5026
pc:exists:after	5	2.29	System.Private.CoreLib.dll	true	5000	0.0020	0.0019	0.0021	5026
pa:exists:old	5	2.29	CommandLine.dll	true	5000	0.1937	0.1908	0.2071	613465
pa:exists:old	5	2.29	Humanizer.dll	false	5000	0.2109	0.2064	0.2238	761658
pa:exists:old	5	2.29	Mono.Cecil.dll	false	5000	0.2694	0.2652	0.2825	760114
pa:exists:old	5	2.29	Newtonsoft.Json.dll	true	3406	0.5546	0.5422	0.7245	1751194
pa:exists:old	5	2.29	System.Text.Json.dll	true	3563	0.5052	0.4939	0.7022	1662134
pa:exists:old	5	2.29	NuGet.Packaging.dll	true	3694	0.4912	0.4816	0.7591	1478344
pa:exists:old	5	2.29	Microsoft.CodeAnalysis.CSharp.dll	false	481	4.1527	4.1149	4.2206	9857441
pa:exists:old	5	2.29	System.Private.CoreLib.dll	true	130	14.8081	14.4703	18.7082	36601975
pa:exists:nlinq	6	2.70	CommandLine.dll	true	5000	0.0374	0.0372	0.0379	152322
pa:exists:nlinq	6	2.70	Humanizer.dll	false	5000	0.0923	0.0918	0.0987	301202
pa:exists:nlinq	6	2.70	Mono.Cecil.dll	false	5000	0.0895	0.0890	0.0945	104690
pa:exists:nlinq	6	2.70	Newtonsoft.Json.dll	true	5000	0.0344	0.0342	0.0347	152898
pa:exists:nlinq	6	2.70	System.Text.Json.dll	true	5000	0.0045	0.0044	0.0047	5058
pa:exists:nlinq	6	2.70	NuGet.Packaging.dll	true	5000	0.0237	0.0235	0.0240	68354
pa:exists:nlinq	6	2.70	Microsoft.CodeAnalysis.CSharp.dll	false	1228	1.6140	1.5859	1.6605	2331122
pa:exists:nlinq	6	2.70	System.Private.CoreLib.dll	true	1506	1.3272	1.2938	1.3596	3885261
pa:exists:old	6	2.64	CommandLine.dll	true	5000	0.1936	0.1913	0.2049	613465
pa:exists:old	6	2.64	Humanizer.dll	false	5000	0.2120	0.2078	0.2254	761658
pa:exists:old	6	2.64	Mono.Cecil.dll	false	5000	0.2681	0.2622	0.2910	760114
pa:exists:old	6	2.64	Newtonsoft.Json.dll	true	3171	0.5565	0.5434	0.7562	1751185
pa:exists:old	6	2.64	System.Text.Json.dll	true	3725	0.5019	0.4900	0.6713	1662317
pa:exists:old	6	2.64	NuGet.Packaging.dll	true	3696	0.4914	0.4807	0.7480	1478348
pa:exists:old	6	2.64	Microsoft.CodeAnalysis.CSharp.dll	false	477	4.1872	4.1535	4.2687	9857441
pa:exists:old	6	2.64	System.Private.CoreLib.dll	true	130	14.7717	14.4060	18.7232	36601920
pc:exists:after	6	2.44	CommandLine.dll	true	5000	0.0019	0.0018	0.0024	5026
pc:exists:after	6	2.44	Humanizer.dll	true	5000	0.0018	0.0017	0.0018	5026
pc:exists:after	6	2.44	Mono.Cecil.dll	true	5000	0.0018	0.0017	0.0018	5026
pc:exists:after	6	2.44	Newtonsoft.Json.dll	true	5000	0.0018	0.0017	0.0018	5026
pc:exists:after	6	2.44	System.Text.Json.dll	true	5000	0.0018	0.0017	0.0018	5026
pc:exists:after	6	2.44	NuGet.Packaging.dll	true	5000	0.0018	0.0017	0.0019	5026
pc:exists:after	6	2.44	Microsoft.CodeAnalysis.CSharp.dll	true	5000	0.0018	0.0017	0.0019	5026
pc:exists:after	6	2.44	System.Private.CoreLib.dll	true	5000	0.0020	0.0019	0.0021	5026
pc:exists:nlinq	6	2.44	CommandLine.dll	true	5000	0.0027	0.0026	0.0033	4370
pc:exists:nlinq	6	2.44	Humanizer.dll	true	5000	0.0017	0.0016	0.0017	4370
pc:exists:nlinq	6	2.44	Mono.Cecil.dll	true	5000	0.0017	0.0016	0.0017	4370
pc:exists:nlinq	6	2.44	Newtonsoft.Json.dll	true	5000	0.0017	0.0016	0.0017	4370
pc:exists:nlinq	6	2.44	System.Text.Json.dll	true	5000	0.0017	0.0016	0.0017	4370
pc:exists:nlinq	6	2.44	NuGet.Packaging.dll	true	5000	0.0022	0.0022	0.0023	4370
pc:exists:nlinq	6	2.44	Microsoft.CodeAnalysis.CSharp.dll	true	5000	0.0018	0.0017	0.0019	4370
pc:exists:nlinq	6	2.44	System.Private.CoreLib.dll	true	5000	0.0024	0.0023	0.0025	4370
pc:exists:linq	6	2.44	CommandLine.dll	true	5000	0.0056	0.0055	0.0062	11490
pc:exists:linq	6	2.44	Humanizer.dll	true	5000	0.0020	0.0018	0.0020	5818
pc:exists:linq	6	2.44	Mono.Cecil.dll	true	5000	0.0020	0.0018	0.0020	5818
pc:exists:linq	6	2.44	Newtonsoft.Json.dll	true	5000	0.0020	0.0018	0.0020	5818
pc:exists:linq	6	2.44	System.Text.Json.dll	true	5000	0.0020	0.0019	0.0021	6154
pc:exists:linq	6	2.44	NuGet.Packaging.dll	true	5000	0.0042	0.0041	0.0042	9490
pc:exists:linq	6	2.44	Microsoft.CodeAnalysis.CSharp.dll	true	5000	0.0023	0.0022	0.0023	6282
pc:exists:linq	6	2.44	System.Private.CoreLib.dll	true	5000	0.0041	0.0040	0.0042	7530
pc:exists:naive	6	2.44	CommandLine.dll	true	5000	0.1670	0.1652	0.1783	621738
pc:exists:naive	6	2.44	Humanizer.dll	true	5000	0.1621	0.1610	0.1720	584970
pc:exists:naive	6	2.44	Mono.Cecil.dll	true	5000	0.2678	0.2643	0.2962	831410
pc:exists:naive	6	2.44	Newtonsoft.Json.dll	true	4607	0.4049	0.3995	0.5862	1353548
pc:exists:naive	6	2.44	System.Text.Json.dll	true	4859	0.3831	0.3775	0.5722	1390867
pc:exists:naive	6	2.44	NuGet.Packaging.dll	true	5000	0.3017	0.2970	0.3742	995546
pc:exists:naive	6	2.44	Microsoft.CodeAnalysis.CSharp.dll	true	191	10.4667	7.4117	14.1051	16476495
pc:exists:naive	6	2.44	System.Private.CoreLib.dll	true	127	16.1352	11.9325	19.0121	26124292
pa:window:after	6	2.43	CommandLine.dll	fail	5000	0.0639	0.0634	0.0683	259210
pa:window:after	6	2.43	Humanizer.dll	fail	5000	0.0838	0.0832	0.0893	301562
pa:window:after	6	2.43	Mono.Cecil.dll	fail	5000	0.0713	0.0710	0.0738	105050
pa:window:after	6	2.43	Newtonsoft.Json.dll	fail	5000	0.2313	0.2284	0.2466	793882
pa:window:after	6	2.43	System.Text.Json.dll	fail	5000	0.2066	0.2050	0.2216	784906
pa:window:after	6	2.43	NuGet.Packaging.dll	fail	5000	0.1080	0.1074	0.1151	269834
pa:window:after	6	2.43	Microsoft.CodeAnalysis.CSharp.dll	fail	1415	1.4057	1.3885	1.4462	2331479
pa:window:after	6	2.43	System.Private.CoreLib.dll	fail	599	3.3386	3.3103	3.3688	8874859
pa:window:nlinq	6	2.48	CommandLine.dll	fail	5000	0.0737	0.0734	0.0790	258850
pa:window:nlinq	6	2.48	Humanizer.dll	fail	5000	0.0930	0.0918	0.0992	301202
pa:window:nlinq	6	2.48	Mono.Cecil.dll	fail	5000	0.0901	0.0888	0.0961	104690
pa:window:nlinq	6	2.48	Newtonsoft.Json.dll	fail	5000	0.2569	0.2532	0.2745	793522
pa:window:nlinq	6	2.48	System.Text.Json.dll	fail	5000	0.2307	0.2291	0.2448	784546
pa:window:nlinq	6	2.48	NuGet.Packaging.dll	fail	5000	0.1315	0.1282	0.1386	269474
pa:window:nlinq	6	2.48	Microsoft.CodeAnalysis.CSharp.dll	fail	1250	1.5949	1.5713	1.6360	2331122
pa:window:nlinq	6	2.48	System.Private.CoreLib.dll	fail	573	3.4890	3.4599	3.5218	8874500
pa:window:old	6	2.56	CommandLine.dll	fail	5000	0.1934	0.1909	0.2043	613465
pa:window:old	6	2.56	Humanizer.dll	fail	5000	0.2117	0.2078	0.2239	761658
pa:window:old	6	2.56	Mono.Cecil.dll	fail	5000	0.2680	0.2634	0.3093	760114
pa:window:old	6	2.56	Newtonsoft.Json.dll	fail	3262	0.5602	0.5474	0.7445	1751188
pa:window:old	6	2.56	System.Text.Json.dll	fail	3717	0.5028	0.4908	0.6733	1662197
pa:window:old	6	2.56	NuGet.Packaging.dll	fail	3674	0.4913	0.4790	0.7900	1478407
pa:window:old	6	2.56	Microsoft.CodeAnalysis.CSharp.dll	fail	478	4.1840	4.1473	4.2535	9857441
pa:window:old	6	2.56	System.Private.CoreLib.dll	fail	130	14.8257	14.4319	18.7060	36602151
pc:window:after	6	2.59	CommandLine.dll	n=11;h=9289C8A6	5000	0.0072	0.0071	0.0076	19138
pc:window:after	6	2.59	Humanizer.dll	n=11;h=13A97420	5000	0.0055	0.0054	0.0057	12954
pc:window:after	6	2.59	Mono.Cecil.dll	n=11;h=D01076C5	5000	0.0065	0.0064	0.0066	15906
pc:window:after	6	2.59	Newtonsoft.Json.dll	n=11;h=1E2EEF32	5000	0.0073	0.0072	0.0074	16754
pc:window:after	6	2.59	System.Text.Json.dll	n=11;h=BA929ADB	5000	0.0062	0.0061	0.0063	17050
pc:window:after	6	2.59	NuGet.Packaging.dll	n=11;h=11E00573	5000	0.0065	0.0064	0.0065	15442
pc:window:after	6	2.59	Microsoft.CodeAnalysis.CSharp.dll	n=11;h=F4CCA210	5000	0.0115	0.0115	0.0117	15346
pc:window:after	6	2.59	System.Private.CoreLib.dll	n=11;h=3D959E9B	5000	0.0067	0.0067	0.0069	11314
pc:window:nlinq	6	2.59	CommandLine.dll	n=11;h=9289C8A6	5000	0.0089	0.0088	0.0092	19074
pc:window:nlinq	6	2.59	Humanizer.dll	n=11;h=13A97420	5000	0.0063	0.0062	0.0064	12890
pc:window:nlinq	6	2.59	Mono.Cecil.dll	n=11;h=D01076C5	5000	0.0076	0.0075	0.0077	15842
pc:window:nlinq	6	2.59	Newtonsoft.Json.dll	n=11;h=1E2EEF32	5000	0.0085	0.0084	0.0087	16690
pc:window:nlinq	6	2.59	System.Text.Json.dll	n=11;h=BA929ADB	5000	0.0082	0.0080	0.0083	16986
pc:window:nlinq	6	2.59	NuGet.Packaging.dll	n=11;h=11E00573	5000	0.0081	0.0080	0.0082	15378
pc:window:nlinq	6	2.59	Microsoft.CodeAnalysis.CSharp.dll	n=11;h=F4CCA210	5000	0.0205	0.0204	0.0230	15282
pc:window:nlinq	6	2.59	System.Private.CoreLib.dll	n=11;h=3D959E9B	5000	0.0092	0.0091	0.0094	11250
pc:window:linq	6	2.59	CommandLine.dll	n=11;h=9289C8A6	5000	0.0530	0.0527	0.0565	176450
pc:window:linq	6	2.59	Humanizer.dll	n=11;h=13A97420	5000	0.0280	0.0277	0.0287	89570
pc:window:linq	6	2.59	Mono.Cecil.dll	n=11;h=D01076C5	5000	0.0312	0.0309	0.0319	96170
pc:window:linq	6	2.59	Newtonsoft.Json.dll	n=11;h=1E2EEF32	5000	0.0314	0.0312	0.0320	94954
pc:window:linq	6	2.59	System.Text.Json.dll	n=11;h=BA929ADB	5000	0.0332	0.0329	0.0337	113418
pc:window:linq	6	2.59	NuGet.Packaging.dll	n=11;h=11E00573	5000	0.0350	0.0348	0.0355	104746
pc:window:linq	6	2.59	Microsoft.CodeAnalysis.CSharp.dll	n=11;h=F4CCA210	5000	0.0673	0.0669	0.0700	124674
pc:window:linq	6	2.59	System.Private.CoreLib.dll	n=11;h=3D959E9B	5000	0.0381	0.0378	0.0387	96858
pc:window:naive	6	2.59	CommandLine.dll	n=11;h=9289C8A6	5000	0.1661	0.1648	0.1763	622186
pc:window:naive	6	2.59	Humanizer.dll	n=11;h=13A97420	5000	0.1621	0.1612	0.1722	585418
pc:window:naive	6	2.59	Mono.Cecil.dll	n=11;h=D01076C5	5000	0.2650	0.2608	0.2943	831858
pc:window:naive	6	2.59	Newtonsoft.Json.dll	n=11;h=1E2EEF32	4609	0.4046	0.3979	0.5852	1353996
pc:window:naive	6	2.59	System.Text.Json.dll	n=11;h=BA929ADB	4863	0.3830	0.3777	0.5751	1391315
pc:window:naive	6	2.59	NuGet.Packaging.dll	n=11;h=11E00573	5000	0.3031	0.2977	0.4050	995994
pc:window:naive	6	2.59	Microsoft.CodeAnalysis.CSharp.dll	n=11;h=F4CCA210	191	10.5828	7.3778	14.3025	16476915
pc:window:naive	6	2.59	System.Private.CoreLib.dll	n=11;h=3D959E9B	128	16.0369	11.8046	19.0244	26124790
pa:rows:after	6	2.53	CommandLine.dll	n=3;names=003D5581	5000	0.0706	0.0701	0.0757	266818
pa:rows:after	6	2.53	Humanizer.dll	n=0;names=811C9DC5	5000	0.0932	0.0926	0.0995	302170
pa:rows:after	6	2.53	Mono.Cecil.dll	n=0;names=811C9DC5	5000	0.0914	0.0910	0.0960	105658
pa:rows:after	6	2.53	Newtonsoft.Json.dll	n=11;names=DF6BFB0D	5000	0.2605	0.2578	0.2825	808866
pa:rows:after	6	2.53	System.Text.Json.dll	n=8;names=1113A289	5000	0.2348	0.2335	0.2487	794202
pa:rows:after	6	2.53	NuGet.Packaging.dll	n=22;names=D7AF274C	5000	0.1382	0.1367	0.1464	311338
pa:rows:after	6	2.53	Microsoft.CodeAnalysis.CSharp.dll	n=0;names=811C9DC5	1237	1.6087	1.5937	1.6523	2332090
pa:rows:after	6	2.53	System.Private.CoreLib.dll	n=31;names=A234A9CC	564	3.5282	3.4992	3.5722	8900709
pa:rows:nlinq	6	2.57	CommandLine.dll	n=3;names=003D5581	5000	0.0742	0.0737	0.0802	265898
pa:rows:nlinq	6	2.57	Humanizer.dll	n=0;names=811C9DC5	5000	0.0907	0.0897	0.0964	301226
pa:rows:nlinq	6	2.57	Mono.Cecil.dll	n=0;names=811C9DC5	5000	0.0863	0.0859	0.0913	104714
pa:rows:nlinq	6	2.57	Newtonsoft.Json.dll	n=11;names=DF6BFB0D	5000	0.2582	0.2551	0.2750	807970
pa:rows:nlinq	6	2.57	System.Text.Json.dll	n=8;names=1113A289	5000	0.2315	0.2254	0.2456	793594
pa:rows:nlinq	6	2.57	NuGet.Packaging.dll	n=22;names=D7AF274C	5000	0.1380	0.1369	0.1462	310178
pa:rows:nlinq	6	2.57	Microsoft.CodeAnalysis.CSharp.dll	n=0;names=811C9DC5	1276	1.5575	1.5339	1.6015	2331145
pa:rows:nlinq	6	2.57	System.Private.CoreLib.dll	n=31;names=A234A9CC	577	3.4690	3.4418	3.4991	8899332
pa:rows:old	6	2.63	CommandLine.dll	n=3;names=003D5581	5000	0.1932	0.1902	0.2050	613459
pa:rows:old	6	2.63	Humanizer.dll	n=0;names=811C9DC5	5000	0.2103	0.2065	0.2284	761650
pa:rows:old	6	2.63	Mono.Cecil.dll	n=0;names=811C9DC5	5000	0.2685	0.2624	0.2857	760106
pa:rows:old	6	2.63	Newtonsoft.Json.dll	n=11;names=DF6BFB0D	3423	0.5515	0.5405	0.7168	1751159
pa:rows:old	6	2.63	System.Text.Json.dll	n=8;names=1113A289	3740	0.5018	0.4914	0.6737	1662169
pa:rows:old	6	2.63	NuGet.Packaging.dll	n=22;names=D7AF274C	3662	0.4914	0.4820	0.8019	1478398
pa:rows:old	6	2.63	Microsoft.CodeAnalysis.CSharp.dll	n=0;names=811C9DC5	477	4.1842	4.1576	4.2626	9857433
pa:rows:old	6	2.63	System.Private.CoreLib.dll	n=31;names=A234A9CC	130	14.7880	14.4066	18.6632	36602299
pc:rows:after	6	2.35	CommandLine.dll	n=403;h=0DAD55A3	5000	0.1643	0.1632	0.1742	621730
pc:rows:after	6	2.35	Humanizer.dll	n=735;h=ABE64147	5000	0.1610	0.1601	0.1709	584962
pc:rows:after	6	2.35	Mono.Cecil.dll	n=992;h=D45F7327	5000	0.2661	0.2618	0.3047	831402
pc:rows:after	6	2.35	Newtonsoft.Json.dll	n=1509;h=30587641	4491	0.4030	0.3940	0.6167	1353541
pc:rows:after	6	2.35	System.Text.Json.dll	n=1337;h=15AB9B20	4812	0.3824	0.3750	0.5756	1390859
pc:rows:after	6	2.35	NuGet.Packaging.dll	n=999;h=910CC3CB	5000	0.2993	0.2927	0.3716	995538
pc:rows:after	6	2.35	Microsoft.CodeAnalysis.CSharp.dll	n=13161;h=20D748F8	190	10.6727	7.4127	14.2211	16476463
pc:rows:after	6	2.35	System.Private.CoreLib.dll	n=22475;h=21372B1F	128	16.0807	11.7814	18.9102	26124124
pc:rows:nlinq	6	2.38	CommandLine.dll	n=403;h=0DAD55A3	5000	0.1697	0.1670	0.1798	611426
pc:rows:nlinq	6	2.38	Humanizer.dll	n=735;h=ABE64147	5000	0.1591	0.1578	0.1689	566690
pc:rows:nlinq	6	2.38	Mono.Cecil.dll	n=992;h=D45F7327	5000	0.2640	0.2596	0.2840	806962
pc:rows:nlinq	6	2.38	Newtonsoft.Json.dll	n=1509;h=30587641	4617	0.3990	0.3923	0.5772	1316692
pc:rows:nlinq	6	2.38	System.Text.Json.dll	n=1337;h=15AB9B20	4967	0.3725	0.3668	0.5405	1358138
pc:rows:nlinq	6	2.38	NuGet.Packaging.dll	n=999;h=910CC3CB	5000	0.2994	0.2970	0.3743	970930
pc:rows:nlinq	6	2.38	Microsoft.CodeAnalysis.CSharp.dll	n=13161;h=20D748F8	204	10.0845	7.0804	13.4650	16159963
pc:rows:nlinq	6	2.38	System.Private.CoreLib.dll	n=22475;h=21372B1F	133	15.5931	11.3153	18.1392	25584325
pc:rows:linq	6	2.45	CommandLine.dll	n=403;h=0DAD55A3	5000	0.2092	0.2068	0.2235	676954
pc:rows:linq	6	2.45	Humanizer.dll	n=735;h=ABE64147	5000	0.2000	0.1989	0.2100	623170
pc:rows:linq	6	2.45	Mono.Cecil.dll	n=992;h=D45F7327	5000	0.3315	0.3284	0.3909	888962
pc:rows:linq	6	2.45	Newtonsoft.Json.dll	n=1509;h=30587641	3768	0.4973	0.4907	0.6800	1433481
pc:rows:linq	6	2.45	System.Text.Json.dll	n=1337;h=15AB9B20	4045	0.4613	0.4545	0.6266	1441752
pc:rows:linq	6	2.45	NuGet.Packaging.dll	n=999;h=910CC3CB	4876	0.3921	0.3854	0.4876	1112322
pc:rows:linq	6	2.45	Microsoft.CodeAnalysis.CSharp.dll	n=13161;h=20D748F8	184	10.8326	7.9537	14.3109	16819419
pc:rows:linq	6	2.45	System.Private.CoreLib.dll	n=22475;h=21372B1F	120	16.7298	14.5036	18.5561	26195701
pc:rows:naive	6	2.52	CommandLine.dll	n=403;h=0DAD55A3	5000	0.1655	0.1633	0.1758	621730
pc:rows:naive	6	2.52	Humanizer.dll	n=735;h=ABE64147	5000	0.1617	0.1602	0.1717	584962
pc:rows:naive	6	2.52	Mono.Cecil.dll	n=992;h=D45F7327	5000	0.2658	0.2628	0.2962	831402
pc:rows:naive	6	2.52	Newtonsoft.Json.dll	n=1509;h=30587641	4616	0.4034	0.3980	0.5897	1353540
pc:rows:naive	6	2.52	System.Text.Json.dll	n=1337;h=15AB9B20	4876	0.3818	0.3765	0.5718	1390858
pc:rows:naive	6	2.52	NuGet.Packaging.dll	n=999;h=910CC3CB	5000	0.2988	0.2932	0.3704	995538
pc:rows:naive	6	2.52	Microsoft.CodeAnalysis.CSharp.dll	n=13161;h=20D748F8	188	10.6075	7.3525	14.3156	16476476
pc:rows:naive	6	2.52	System.Private.CoreLib.dll	n=22475;h=21372B1F	128	16.0186	11.7717	18.9611	26124239
pa:tail:after	6	2.44	CommandLine.dll	n=3;names=003D5581	5000	0.0649	0.0645	0.0707	265970
pa:tail:after	6	2.44	Humanizer.dll	n=0;names=811C9DC5	5000	0.0831	0.0821	0.0890	301346
pa:tail:after	6	2.44	Mono.Cecil.dll	n=0;names=811C9DC5	5000	0.0700	0.0695	0.0751	104834
pa:tail:after	6	2.44	Newtonsoft.Json.dll	n=6;names=DBFE2D1D	5000	0.2312	0.2288	0.2504	802002
pa:tail:after	6	2.44	System.Text.Json.dll	n=6;names=D5D3B3F0	5000	0.2067	0.2049	0.2220	791538
pa:tail:after	6	2.44	NuGet.Packaging.dll	n=6;names=42CFFD24	5000	0.1097	0.1059	0.1157	278122
pa:tail:after	6	2.44	Microsoft.CodeAnalysis.CSharp.dll	n=0;names=811C9DC5	1473	1.3508	1.3359	1.3897	2331262
pa:tail:after	6	2.44	System.Private.CoreLib.dll	n=6;names=09E175C7	607	3.2960	3.2692	3.3297	8878923
pa:tail:nlinq	6	2.38	CommandLine.dll	n=3;names=003D5581	5000	0.0735	0.0731	0.0795	266218
pa:tail:nlinq	6	2.38	Humanizer.dll	n=0;names=811C9DC5	5000	0.0902	0.0895	0.0962	301570
pa:tail:nlinq	6	2.38	Mono.Cecil.dll	n=0;names=811C9DC5	5000	0.0861	0.0852	0.0892	105058
pa:tail:nlinq	6	2.38	Newtonsoft.Json.dll	n=6;names=DBFE2D1D	5000	0.2539	0.2513	0.2687	802250
pa:tail:nlinq	6	2.38	System.Text.Json.dll	n=6;names=D5D3B3F0	5000	0.2295	0.2265	0.2655	791786
pa:tail:nlinq	6	2.38	NuGet.Packaging.dll	n=6;names=42CFFD24	5000	0.1275	0.1265	0.1365	278370
pa:tail:nlinq	6	2.38	Microsoft.CodeAnalysis.CSharp.dll	n=0;names=811C9DC5	1295	1.5382	1.5194	1.5797	2331489
pa:tail:nlinq	6	2.38	System.Private.CoreLib.dll	n=6;names=09E175C7	580	3.4499	3.4230	3.4790	8879172
pa:tail:old	6	2.16	CommandLine.dll	n=3;names=003D5581	5000	0.1924	0.1892	0.2041	613855
pa:tail:old	6	2.16	Humanizer.dll	n=0;names=811C9DC5	5000	0.2103	0.2069	0.2246	761786
pa:tail:old	6	2.16	Mono.Cecil.dll	n=0;names=811C9DC5	5000	0.2670	0.2626	0.2807	760242
pa:tail:old	6	2.16	Newtonsoft.Json.dll	n=6;names=DBFE2D1D	3404	0.5545	0.5439	0.7251	1751879
pa:tail:old	6	2.16	System.Text.Json.dll	n=6;names=D5D3B3F0	3652	0.5010	0.4898	0.7339	1662663
pa:tail:old	6	2.16	NuGet.Packaging.dll	n=6;names=42CFFD24	3711	0.4888	0.4771	0.7689	1478891
pa:tail:old	6	2.16	Microsoft.CodeAnalysis.CSharp.dll	n=0;names=811C9DC5	481	4.1669	4.0805	4.2342	9857569
pa:tail:old	6	2.16	System.Private.CoreLib.dll	n=6;names=09E175C7	129	14.8589	14.4495	18.8232	36602738
pc:tail:after	6	2.13	CommandLine.dll	n=6;h=2C0D37C1	5000	0.0131	0.0130	0.0139	9874
pc:tail:after	6	2.13	Humanizer.dll	n=6;h=91D17220	5000	0.0198	0.0197	0.0199	6562
pc:tail:after	6	2.13	Mono.Cecil.dll	n=6;h=3891C1A0	5000	0.0365	0.0363	0.0378	8730
pc:tail:after	6	2.13	Newtonsoft.Json.dll	n=6;h=7111BB62	5000	0.0440	0.0438	0.0443	9258
pc:tail:after	6	2.13	System.Text.Json.dll	n=6;h=51F1B225	5000	0.0371	0.0369	0.0379	10018
pc:tail:after	6	2.13	NuGet.Packaging.dll	n=6;h=233EB48F	5000	0.0338	0.0331	0.0342	6146
pc:tail:after	6	2.13	Microsoft.CodeAnalysis.CSharp.dll	n=6;h=DBA5688B	5000	0.3650	0.3582	0.3769	8898
pc:tail:after	6	2.13	System.Private.CoreLib.dll	n=6;h=BC20A3BD	4233	0.4715	0.4640	0.4808	9039
pc:tail:nlinq	6	2.12	CommandLine.dll	n=6;h=2C0D37C1	5000	0.0239	0.0237	0.0251	10122
pc:tail:nlinq	6	2.12	Humanizer.dll	n=6;h=91D17220	5000	0.0305	0.0304	0.0307	6810
pc:tail:nlinq	6	2.12	Mono.Cecil.dll	n=6;h=3891C1A0	5000	0.0580	0.0577	0.0592	8978
pc:tail:nlinq	6	2.12	Newtonsoft.Json.dll	n=6;h=7111BB62	5000	0.0730	0.0726	0.0761	9506
pc:tail:nlinq	6	2.12	System.Text.Json.dll	n=6;h=51F1B225	5000	0.0653	0.0650	0.0679	10266
pc:tail:nlinq	6	2.12	NuGet.Packaging.dll	n=6;h=233EB48F	5000	0.0595	0.0591	0.0618	6394
pc:tail:nlinq	6	2.12	Microsoft.CodeAnalysis.CSharp.dll	n=6;h=DBA5688B	3068	0.6510	0.6426	0.6627	9141
pc:tail:nlinq	6	2.12	System.Private.CoreLib.dll	n=6;h=BC20A3BD	2683	0.7443	0.7337	0.7585	9280
pc:tail:linq	6	2.11	CommandLine.dll	n=6;h=2C0D37C1	5000	0.2101	0.2091	0.2212	653098
pc:tail:linq	6	2.11	Humanizer.dll	n=6;h=91D17220	5000	0.2001	0.1991	0.2106	574714
pc:tail:linq	6	2.11	Mono.Cecil.dll	n=6;h=3891C1A0	5000	0.3335	0.3304	0.3681	840506
pc:tail:linq	6	2.11	Newtonsoft.Json.dll	n=6;h=7111BB62	3925	0.5007	0.4938	0.5387	1335848
pc:tail:linq	6	2.11	System.Text.Json.dll	n=6;h=51F1B225	4219	0.4651	0.4582	0.5039	1344135
pc:tail:linq	6	2.11	NuGet.Packaging.dll	n=6;h=233EB48F	4934	0.3968	0.3923	0.4355	1063866
pc:tail:linq	6	2.11	Microsoft.CodeAnalysis.CSharp.dll	n=6;h=DBA5688B	365	5.4562	5.3528	5.6597	16033566
pc:tail:linq	6	2.11	System.Private.CoreLib.dll	n=6;h=BC20A3BD	246	8.1103	8.0639	8.4479	24621695
pc:tail:naive	6	2.10	CommandLine.dll	n=6;h=2C0D37C1	5000	0.1671	0.1645	0.1773	622266
pc:tail:naive	6	2.10	Humanizer.dll	n=6;h=91D17220	5000	0.1622	0.1600	0.1725	585498
pc:tail:naive	6	2.10	Mono.Cecil.dll	n=6;h=3891C1A0	5000	0.2662	0.2632	0.3011	831938
pc:tail:naive	6	2.10	Newtonsoft.Json.dll	n=6;h=7111BB62	4630	0.4025	0.3972	0.5857	1354076
pc:tail:naive	6	2.10	System.Text.Json.dll	n=6;h=51F1B225	4874	0.3822	0.3766	0.5731	1391394
pc:tail:naive	6	2.10	NuGet.Packaging.dll	n=6;h=233EB48F	5000	0.3016	0.2957	0.3845	996074
pc:tail:naive	6	2.10	Microsoft.CodeAnalysis.CSharp.dll	n=6;h=DBA5688B	194	10.3330	7.3272	14.0211	16477026
pc:tail:naive	6	2.10	System.Private.CoreLib.dll	n=6;h=BC20A3BD	124	16.3210	11.9933	19.7694	26125024
pa:head:after	6	2.23	CommandLine.dll	n=3;names=003D5581	5000	0.0655	0.0651	0.0710	266106
pa:head:after	6	2.23	Humanizer.dll	n=0;names=811C9DC5	5000	0.0847	0.0839	0.0893	301458
pa:head:after	6	2.23	Mono.Cecil.dll	n=0;names=811C9DC5	5000	0.0721	0.0712	0.0747	104946
pa:head:after	6	2.23	Newtonsoft.Json.dll	n=6;names=D2C3079F	5000	0.1591	0.1577	0.1692	576706
pa:head:after	6	2.23	System.Text.Json.dll	n=6;names=E380D9F1	5000	0.1467	0.1448	0.1547	601914
pa:head:after	6	2.23	NuGet.Packaging.dll	n=6;names=C5650123	5000	0.0382	0.0380	0.0387	122306
pa:head:after	6	2.23	Microsoft.CodeAnalysis.CSharp.dll	n=0;names=811C9DC5	1355	1.4242	1.3885	1.4760	2331376
pa:head:after	6	2.23	System.Private.CoreLib.dll	n=6;names=712F80E9	1574	1.2713	1.2407	1.3016	3902212
pa:head:nlinq	6	2.37	CommandLine.dll	n=3;names=003D5581	5000	0.0743	0.0737	0.0795	265946
pa:head:nlinq	6	2.37	Humanizer.dll	n=0;names=811C9DC5	5000	0.0911	0.0906	0.0974	301394
pa:head:nlinq	6	2.37	Mono.Cecil.dll	n=0;names=811C9DC5	5000	0.0880	0.0875	0.0925	104882
pa:head:nlinq	6	2.37	Newtonsoft.Json.dll	n=6;names=D2C3079F	5000	0.1725	0.1713	0.1843	576642
pa:head:nlinq	6	2.37	System.Text.Json.dll	n=6;names=E380D9F1	5000	0.1564	0.1535	0.1670	601850
pa:head:nlinq	6	2.37	NuGet.Packaging.dll	n=6;names=C5650123	5000	0.0430	0.0425	0.0445	122242
pa:head:nlinq	6	2.37	Microsoft.CodeAnalysis.CSharp.dll	n=0;names=811C9DC5	1269	1.5737	1.5468	1.6150	2331314
pa:head:nlinq	6	2.37	System.Private.CoreLib.dll	n=6;names=712F80E9	1518	1.3175	1.2874	1.3495	3902149
pa:head:old	6	2.39	CommandLine.dll	n=3;names=003D5581	5000	0.1930	0.1905	0.2040	613687
pa:head:old	6	2.39	Humanizer.dll	n=0;names=811C9DC5	5000	0.2109	0.2071	0.2249	761746
pa:head:old	6	2.39	Mono.Cecil.dll	n=0;names=811C9DC5	5000	0.2672	0.2630	0.2852	760202
pa:head:old	6	2.39	Newtonsoft.Json.dll	n=6;names=D2C3079F	3411	0.5557	0.5426	0.7104	1751530
pa:head:old	6	2.39	System.Text.Json.dll	n=6;names=E380D9F1	3736	0.5039	0.4919	0.6649	1662519
pa:head:old	6	2.39	NuGet.Packaging.dll	n=6;names=C5650123	3670	0.4907	0.4780	0.7919	1478696
pa:head:old	6	2.39	Microsoft.CodeAnalysis.CSharp.dll	n=0;names=811C9DC5	471	4.2288	4.1545	4.3806	9857529
pa:head:old	6	2.39	System.Private.CoreLib.dll	n=6;names=712F80E9	129	14.8661	14.4809	18.7513	36602206
pc:head:after	6	2.34	CommandLine.dll	n=6;h=38398B5E	5000	0.0032	0.0031	0.0038	10338
pc:head:after	6	2.34	Humanizer.dll	n=6;h=D93A2D05	5000	0.0025	0.0025	0.0026	8338
pc:head:after	6	2.34	Mono.Cecil.dll	n=6;h=EAFAA362	5000	0.0026	0.0026	0.0027	8106
pc:head:after	6	2.34	Newtonsoft.Json.dll	n=6;h=A4332D4B	5000	0.0025	0.0025	0.0026	8050
pc:head:after	6	2.34	System.Text.Json.dll	n=6;h=7C8B77FF	5000	0.0034	0.0033	0.0034	8538
pc:head:after	6	2.34	NuGet.Packaging.dll	n=6;h=10648FC9	5000	0.0032	0.0031	0.0033	11090
pc:head:after	6	2.34	Microsoft.CodeAnalysis.CSharp.dll	n=6;h=83A9E69E	5000	0.0025	0.0024	0.0025	7642
pc:head:after	6	2.34	System.Private.CoreLib.dll	n=6;h=8CF51FF1	5000	0.0036	0.0035	0.0037	7410
pc:head:nlinq	6	2.34	CommandLine.dll	n=6;h=38398B5E	5000	0.0041	0.0040	0.0047	10274
pc:head:nlinq	6	2.34	Humanizer.dll	n=6;h=D93A2D05	5000	0.0026	0.0026	0.0027	8274
pc:head:nlinq	6	2.34	Mono.Cecil.dll	n=6;h=EAFAA362	5000	0.0027	0.0026	0.0027	8042
pc:head:nlinq	6	2.34	Newtonsoft.Json.dll	n=6;h=A4332D4B	5000	0.0026	0.0025	0.0026	7986
pc:head:nlinq	6	2.34	System.Text.Json.dll	n=6;h=7C8B77FF	5000	0.0042	0.0041	0.0043	8474
pc:head:nlinq	6	2.34	NuGet.Packaging.dll	n=6;h=10648FC9	5000	0.0038	0.0037	0.0039	11026
pc:head:nlinq	6	2.34	Microsoft.CodeAnalysis.CSharp.dll	n=6;h=83A9E69E	5000	0.0026	0.0025	0.0027	7578
pc:head:nlinq	6	2.34	System.Private.CoreLib.dll	n=6;h=8CF51FF1	5000	0.0047	0.0047	0.0048	7346
pc:head:linq	6	2.34	CommandLine.dll	n=6;h=38398B5E	5000	0.0074	0.0073	0.0077	17810
pc:head:linq	6	2.34	Humanizer.dll	n=6;h=D93A2D05	5000	0.0033	0.0032	0.0034	10706
pc:head:linq	6	2.34	Mono.Cecil.dll	n=6;h=EAFAA362	5000	0.0032	0.0032	0.0033	10242
pc:head:linq	6	2.34	Newtonsoft.Json.dll	n=6;h=A4332D4B	5000	0.0032	0.0031	0.0033	10186
pc:head:linq	6	2.34	System.Text.Json.dll	n=6;h=7C8B77FF	5000	0.0071	0.0070	0.0073	10674
pc:head:linq	6	2.34	NuGet.Packaging.dll	n=6;h=10648FC9	5000	0.0057	0.0056	0.0057	15082
pc:head:linq	6	2.34	Microsoft.CodeAnalysis.CSharp.dll	n=6;h=83A9E69E	5000	0.0034	0.0033	0.0035	10242
pc:head:linq	6	2.34	System.Private.CoreLib.dll	n=6;h=8CF51FF1	5000	0.0102	0.0100	0.0104	18594
pc:head:naive	6	2.39	CommandLine.dll	n=6;h=38398B5E	5000	0.1648	0.1640	0.1752	621994
pc:head:naive	6	2.39	Humanizer.dll	n=6;h=D93A2D05	5000	0.1615	0.1603	0.1714	585226
pc:head:naive	6	2.39	Mono.Cecil.dll	n=6;h=EAFAA362	5000	0.2641	0.2615	0.2965	831666
pc:head:naive	6	2.39	Newtonsoft.Json.dll	n=6;h=A4332D4B	4640	0.4012	0.3966	0.5827	1353804
pc:head:naive	6	2.39	System.Text.Json.dll	n=6;h=7C8B77FF	4881	0.3807	0.3754	0.5729	1391122
pc:head:naive	6	2.39	NuGet.Packaging.dll	n=6;h=10648FC9	5000	0.3005	0.2980	0.3599	995802
pc:head:naive	6	2.39	Microsoft.CodeAnalysis.CSharp.dll	n=6;h=83A9E69E	191	10.5421	7.3914	14.4131	16476727
pc:head:naive	6	2.39	System.Private.CoreLib.dll	n=6;h=8CF51FF1	128	16.0802	11.8796	19.0205	26124489
pa:count:after	6	2.56	CommandLine.dll	c=3	5000	0.0638	0.0632	0.0690	259498
pa:count:after	6	2.56	Humanizer.dll	c=0	5000	0.0838	0.0833	0.0885	301850
pa:count:after	6	2.56	Mono.Cecil.dll	c=0	5000	0.0714	0.0710	0.0749	105338
pa:count:after	6	2.56	Newtonsoft.Json.dll	c=11	5000	0.2310	0.2290	0.2490	794170
pa:count:after	6	2.56	System.Text.Json.dll	c=8	5000	0.2056	0.2035	0.2240	785194
pa:count:after	6	2.56	NuGet.Packaging.dll	c=22	5000	0.1065	0.1057	0.1131	270122
pa:count:after	6	2.56	Microsoft.CodeAnalysis.CSharp.dll	c=0	1437	1.3846	1.3693	1.4251	2331766
pa:count:after	6	2.56	System.Private.CoreLib.dll	c=31	602	3.3243	3.3030	3.3525	8875147
pa:count:nlinq	6	2.63	CommandLine.dll	c=3	5000	0.0687	0.0682	0.0748	258842
pa:count:nlinq	6	2.63	Humanizer.dll	c=0	5000	0.0869	0.0863	0.0930	301194
pa:count:nlinq	6	2.63	Mono.Cecil.dll	c=0	5000	0.0798	0.0794	0.0847	104682
pa:count:nlinq	6	2.63	Newtonsoft.Json.dll	c=11	5000	0.2426	0.2405	0.2577	793514
pa:count:nlinq	6	2.63	System.Text.Json.dll	c=8	5000	0.2179	0.2161	0.2320	784538
pa:count:nlinq	6	2.63	NuGet.Packaging.dll	c=22	5000	0.1179	0.1170	0.1253	269466
pa:count:nlinq	6	2.63	Microsoft.CodeAnalysis.CSharp.dll	c=0	1357	1.4665	1.4490	1.5074	2331112
pa:count:nlinq	6	2.63	System.Private.CoreLib.dll	c=31	594	3.3681	3.3468	3.3962	8874491
pa:count:old	6	2.66	CommandLine.dll	c=3	5000	0.1928	0.1902	0.2036	613459
pa:count:old	6	2.66	Humanizer.dll	c=0	5000	0.2105	0.2065	0.2226	761650
pa:count:old	6	2.66	Mono.Cecil.dll	c=0	5000	0.2686	0.2634	0.2865	760106
pa:count:old	6	2.66	Newtonsoft.Json.dll	c=11	3402	0.5550	0.5447	0.7215	1751159
pa:count:old	6	2.66	System.Text.Json.dll	c=8	3656	0.5024	0.4915	0.6665	1662177
pa:count:old	6	2.66	NuGet.Packaging.dll	c=22	3670	0.4896	0.4780	0.8020	1478361
pa:count:old	6	2.66	Microsoft.CodeAnalysis.CSharp.dll	c=0	480	4.1617	4.1257	4.2392	9857433
pa:count:old	6	2.66	System.Private.CoreLib.dll	c=31	130	14.6901	14.3311	18.5980	36601847
pc:count:after	6	2.37	CommandLine.dll	c=403	5000	0.0125	0.0124	0.0133	5018
pc:count:after	6	2.37	Humanizer.dll	c=735	5000	0.0202	0.0201	0.0205	5018
pc:count:after	6	2.37	Mono.Cecil.dll	c=992	5000	0.0381	0.0378	0.0385	5018
pc:count:after	6	2.37	Newtonsoft.Json.dll	c=1509	5000	0.0456	0.0453	0.0473	5018
pc:count:after	6	2.37	System.Text.Json.dll	c=1337	5000	0.0385	0.0382	0.0389	5018
pc:count:after	6	2.37	NuGet.Packaging.dll	c=999	5000	0.0355	0.0351	0.0359	5018
pc:count:after	6	2.37	Microsoft.CodeAnalysis.CSharp.dll	c=13161	5000	0.3915	0.3867	0.4000	5018
pc:count:after	6	2.37	System.Private.CoreLib.dll	c=22475	4026	0.4957	0.4908	0.5035	5008
pc:count:nlinq	6	2.34	CommandLine.dll	c=403	5000	0.0180	0.0179	0.0187	4362
pc:count:nlinq	6	2.34	Humanizer.dll	c=735	5000	0.0245	0.0243	0.0246	4362
pc:count:nlinq	6	2.34	Mono.Cecil.dll	c=992	5000	0.0464	0.0462	0.0469	4362
pc:count:nlinq	6	2.34	Newtonsoft.Json.dll	c=1509	5000	0.0577	0.0575	0.0602	4362
pc:count:nlinq	6	2.34	System.Text.Json.dll	c=1337	5000	0.0502	0.0500	0.0527	4362
pc:count:nlinq	6	2.34	NuGet.Packaging.dll	c=999	5000	0.0475	0.0472	0.0482	4362
pc:count:nlinq	6	2.34	Microsoft.CodeAnalysis.CSharp.dll	c=13161	3887	0.5136	0.5063	0.5228	4352
pc:count:nlinq	6	2.34	System.Private.CoreLib.dll	c=22475	3372	0.5930	0.5849	0.6012	4355
pc:count:linq	6	2.31	CommandLine.dll	c=403	5000	0.2044	0.2032	0.2176	652250
pc:count:linq	6	2.31	Humanizer.dll	c=735	5000	0.1911	0.1899	0.2020	573866
pc:count:linq	6	2.31	Mono.Cecil.dll	c=992	5000	0.3195	0.3166	0.3493	839658
pc:count:linq	6	2.31	Newtonsoft.Json.dll	c=1509	4095	0.4809	0.4742	0.5140	1335000
pc:count:linq	6	2.31	System.Text.Json.dll	c=1337	4373	0.4488	0.4430	0.4819	1343286
pc:count:linq	6	2.31	NuGet.Packaging.dll	c=999	5000	0.3831	0.3786	0.4152	1063018
pc:count:linq	6	2.31	Microsoft.CodeAnalysis.CSharp.dll	c=13161	382	5.2215	5.1894	5.2879	16032717
pc:count:linq	6	2.31	System.Private.CoreLib.dll	c=22475	255	7.8235	7.7712	8.1478	24620827
pc:count:naive	6	2.23	CommandLine.dll	c=403	5000	0.1655	0.1629	0.1758	621730
pc:count:naive	6	2.23	Humanizer.dll	c=735	5000	0.1622	0.1612	0.1722	584962
pc:count:naive	6	2.23	Mono.Cecil.dll	c=992	5000	0.2677	0.2653	0.3000	831402
pc:count:naive	6	2.23	Newtonsoft.Json.dll	c=1509	4589	0.4060	0.4004	0.5933	1353540
pc:count:naive	6	2.23	System.Text.Json.dll	c=1337	4852	0.3837	0.3794	0.5737	1390859
pc:count:naive	6	2.23	NuGet.Packaging.dll	c=999	5000	0.3011	0.2960	0.3730	995538
pc:count:naive	6	2.23	Microsoft.CodeAnalysis.CSharp.dll	c=13161	190	10.4480	7.4862	14.0950	16476460
pc:count:naive	6	2.23	System.Private.CoreLib.dll	c=22475	129	16.0724	11.7167	18.8497	26124307
pa:exists:after	6	2.34	CommandLine.dll	true	5000	0.0350	0.0347	0.0355	152978
pa:exists:after	6	2.34	Humanizer.dll	false	5000	0.0841	0.0834	0.0902	301858
pa:exists:after	6	2.34	Mono.Cecil.dll	false	5000	0.0720	0.0717	0.0751	105346
pa:exists:after	6	2.34	Newtonsoft.Json.dll	true	5000	0.0333	0.0331	0.0337	153554
pa:exists:after	6	2.34	System.Text.Json.dll	true	5000	0.0034	0.0032	0.0035	5714
pa:exists:after	6	2.34	NuGet.Packaging.dll	true	5000	0.0217	0.0215	0.0220	69010
pa:exists:after	6	2.34	Microsoft.CodeAnalysis.CSharp.dll	false	1440	1.3820	1.3657	1.4227	2331774
pa:exists:after	6	2.34	System.Private.CoreLib.dll	true	1588	1.2534	1.2326	1.2875	3885916
