case	side	pair	processMs	package	version	framework	asset	terminal	flow	cache	ms	jsonBytes	sha256	cardinality	available	residentBytes
avalonia-base	before	1	378.1	Avalonia	12.1.2	net10.0	compile:ref/net10.0/Avalonia.Base.dll	overview	direct	cold	365.6	3135	52ceaa30a35d424e014e44fb0b10a88380c72c7eaf5848eb41eb1b43e51fbff9	1	True	10143223
avalonia-base	before	1	378.1	Avalonia	12.1.2	net10.0	compile:ref/net10.0/Avalonia.Base.dll	overview	direct	warm	0.3	3135	52ceaa30a35d424e014e44fb0b10a88380c72c7eaf5848eb41eb1b43e51fbff9	1	True	10143223
avalonia-base	after	1	419.1	Avalonia	12.1.2	net10.0	compile:ref/net10.0/Avalonia.Base.dll	overview	direct	cold	405.2	3135	52ceaa30a35d424e014e44fb0b10a88380c72c7eaf5848eb41eb1b43e51fbff9	1	True	16475372
avalonia-base	after	1	419.1	Avalonia	12.1.2	net10.0	compile:ref/net10.0/Avalonia.Base.dll	overview	direct	warm	0.3	3135	52ceaa30a35d424e014e44fb0b10a88380c72c7eaf5848eb41eb1b43e51fbff9	1	True	16475372
avalonia-base	before	1	579.9	Avalonia	12.1.2	net10.0	compile:ref/net10.0/Avalonia.Base.dll	overview	summary	cold	566.7	3135	52ceaa30a35d424e014e44fb0b10a88380c72c7eaf5848eb41eb1b43e51fbff9	1	True	26618595
avalonia-base	before	1	579.9	Avalonia	12.1.2	net10.0	compile:ref/net10.0/Avalonia.Base.dll	overview	summary	warm	0.5	3135	52ceaa30a35d424e014e44fb0b10a88380c72c7eaf5848eb41eb1b43e51fbff9	1	True	26618595
avalonia-base	after	1	565.9	Avalonia	12.1.2	net10.0	compile:ref/net10.0/Avalonia.Base.dll	overview	summary	cold	553.7	3135	52ceaa30a35d424e014e44fb0b10a88380c72c7eaf5848eb41eb1b43e51fbff9	1	True	16475372
avalonia-base	after	1	565.9	Avalonia	12.1.2	net10.0	compile:ref/net10.0/Avalonia.Base.dll	overview	summary	warm	0.4	3135	52ceaa30a35d424e014e44fb0b10a88380c72c7eaf5848eb41eb1b43e51fbff9	1	True	16475372
avalonia-base	before	1	325.1	Avalonia	12.1.2	net10.0	compile:ref/net10.0/Avalonia.Base.dll	table	direct	cold	314.0	16889	e769a537a7d3fd461bce89d4077e55815f7122de2788e0a38e10e25fcc3c830e	10	True	10143223
avalonia-base	before	1	325.1	Avalonia	12.1.2	net10.0	compile:ref/net10.0/Avalonia.Base.dll	table	direct	warm	0.2	16889	e769a537a7d3fd461bce89d4077e55815f7122de2788e0a38e10e25fcc3c830e	10	True	10143223
avalonia-base	after	1	396.8	Avalonia	12.1.2	net10.0	compile:ref/net10.0/Avalonia.Base.dll	table	direct	cold	384.5	16889	e769a537a7d3fd461bce89d4077e55815f7122de2788e0a38e10e25fcc3c830e	10	True	16475372
avalonia-base	after	1	396.8	Avalonia	12.1.2	net10.0	compile:ref/net10.0/Avalonia.Base.dll	table	direct	warm	0.3	16889	e769a537a7d3fd461bce89d4077e55815f7122de2788e0a38e10e25fcc3c830e	10	True	16475372
avalonia-base	before	1	569.1	Avalonia	12.1.2	net10.0	compile:ref/net10.0/Avalonia.Base.dll	table	summary	cold	557.5	16889	e769a537a7d3fd461bce89d4077e55815f7122de2788e0a38e10e25fcc3c830e	10	True	26618595
avalonia-base	before	1	569.1	Avalonia	12.1.2	net10.0	compile:ref/net10.0/Avalonia.Base.dll	table	summary	warm	0.3	16889	e769a537a7d3fd461bce89d4077e55815f7122de2788e0a38e10e25fcc3c830e	10	True	26618595
avalonia-base	after	1	390.3	Avalonia	12.1.2	net10.0	compile:ref/net10.0/Avalonia.Base.dll	table	summary	cold	378.3	16889	e769a537a7d3fd461bce89d4077e55815f7122de2788e0a38e10e25fcc3c830e	10	True	16475372
avalonia-base	after	1	390.3	Avalonia	12.1.2	net10.0	compile:ref/net10.0/Avalonia.Base.dll	table	summary	warm	0.3	16889	e769a537a7d3fd461bce89d4077e55815f7122de2788e0a38e10e25fcc3c830e	10	True	16475372
avalonia-base	before	1	443.4	Avalonia	12.1.2	net10.0	compile:ref/net10.0/Avalonia.Base.dll	heap	direct	cold	335.0	1374275	4d0f1c7a56de27b12cc592994a4216db7b3587f692d604a76c1f1b2f7fd4543f	4096	True	10143223
avalonia-base	before	1	443.4	Avalonia	12.1.2	net10.0	compile:ref/net10.0/Avalonia.Base.dll	heap	direct	warm	90.4	1374275	4d0f1c7a56de27b12cc592994a4216db7b3587f692d604a76c1f1b2f7fd4543f	4096	True	10143223
avalonia-base	after	1	861.1	Avalonia	12.1.2	net10.0	compile:ref/net10.0/Avalonia.Base.dll	heap	direct	cold	770.0	1374275	4d0f1c7a56de27b12cc592994a4216db7b3587f692d604a76c1f1b2f7fd4543f	4096	True	16475372
avalonia-base	after	1	861.1	Avalonia	12.1.2	net10.0	compile:ref/net10.0/Avalonia.Base.dll	heap	direct	warm	75.8	1374275	4d0f1c7a56de27b12cc592994a4216db7b3587f692d604a76c1f1b2f7fd4543f	4096	True	16475372
avalonia-base	before	1	819.9	Avalonia	12.1.2	net10.0	compile:ref/net10.0/Avalonia.Base.dll	heap	summary	cold	720.4	1374275	4d0f1c7a56de27b12cc592994a4216db7b3587f692d604a76c1f1b2f7fd4543f	4096	True	26618595
avalonia-base	before	1	819.9	Avalonia	12.1.2	net10.0	compile:ref/net10.0/Avalonia.Base.dll	heap	summary	warm	83.4	1374275	4d0f1c7a56de27b12cc592994a4216db7b3587f692d604a76c1f1b2f7fd4543f	4096	True	26618595
avalonia-base	after	1	593.8	Avalonia	12.1.2	net10.0	compile:ref/net10.0/Avalonia.Base.dll	heap	summary	cold	498.8	1374275	4d0f1c7a56de27b12cc592994a4216db7b3587f692d604a76c1f1b2f7fd4543f	4096	True	16475372
avalonia-base	after	1	593.8	Avalonia	12.1.2	net10.0	compile:ref/net10.0/Avalonia.Base.dll	heap	summary	warm	80.7	1374275	4d0f1c7a56de27b12cc592994a4216db7b3587f692d604a76c1f1b2f7fd4543f	4096	True	16475372
roslyn	before	1	470.1	Microsoft.CodeAnalysis.CSharp	4.11.0	net8.0	compile:lib/net8.0/Microsoft.CodeAnalysis.CSharp.dll	overview	direct	cold	457.3	2907	9a9bdd04bcbade15fb8de8672498a362d0ab2e3005e1f98001c92e92953a5371	1	True	16919271
roslyn	before	1	470.1	Microsoft.CodeAnalysis.CSharp	4.11.0	net8.0	compile:lib/net8.0/Microsoft.CodeAnalysis.CSharp.dll	overview	direct	warm	0.9	2907	9a9bdd04bcbade15fb8de8672498a362d0ab2e3005e1f98001c92e92953a5371	1	True	16919271
roslyn	after	1	397.1	Microsoft.CodeAnalysis.CSharp	4.11.0	net8.0	compile:lib/net8.0/Microsoft.CodeAnalysis.CSharp.dll	overview	direct	cold	384.3	2907	9a9bdd04bcbade15fb8de8672498a362d0ab2e3005e1f98001c92e92953a5371	1	True	12593086
roslyn	after	1	397.1	Microsoft.CodeAnalysis.CSharp	4.11.0	net8.0	compile:lib/net8.0/Microsoft.CodeAnalysis.CSharp.dll	overview	direct	warm	0.7	2907	9a9bdd04bcbade15fb8de8672498a362d0ab2e3005e1f98001c92e92953a5371	1	True	12593086
roslyn	before	1	719.2	Microsoft.CodeAnalysis.CSharp	4.11.0	net8.0	compile:lib/net8.0/Microsoft.CodeAnalysis.CSharp.dll	overview	summary	cold	707.6	2907	9a9bdd04bcbade15fb8de8672498a362d0ab2e3005e1f98001c92e92953a5371	1	True	29512357
roslyn	before	1	719.2	Microsoft.CodeAnalysis.CSharp	4.11.0	net8.0	compile:lib/net8.0/Microsoft.CodeAnalysis.CSharp.dll	overview	summary	warm	0.5	2907	9a9bdd04bcbade15fb8de8672498a362d0ab2e3005e1f98001c92e92953a5371	1	True	29512357
roslyn	after	1	402.8	Microsoft.CodeAnalysis.CSharp	4.11.0	net8.0	compile:lib/net8.0/Microsoft.CodeAnalysis.CSharp.dll	overview	summary	cold	391.3	2907	9a9bdd04bcbade15fb8de8672498a362d0ab2e3005e1f98001c92e92953a5371	1	True	12593086
roslyn	after	1	402.8	Microsoft.CodeAnalysis.CSharp	4.11.0	net8.0	compile:lib/net8.0/Microsoft.CodeAnalysis.CSharp.dll	overview	summary	warm	0.8	2907	9a9bdd04bcbade15fb8de8672498a362d0ab2e3005e1f98001c92e92953a5371	1	True	12593086
roslyn	before	1	481.5	Microsoft.CodeAnalysis.CSharp	4.11.0	net8.0	compile:lib/net8.0/Microsoft.CodeAnalysis.CSharp.dll	table	direct	cold	467.6	17371	3114c16b6a5668eb7bcb11d265a20c4e8b919541c537ba5e8566b6fb7399f9ea	10	True	16919271
roslyn	before	1	481.5	Microsoft.CodeAnalysis.CSharp	4.11.0	net8.0	compile:lib/net8.0/Microsoft.CodeAnalysis.CSharp.dll	table	direct	warm	0.2	17371	3114c16b6a5668eb7bcb11d265a20c4e8b919541c537ba5e8566b6fb7399f9ea	10	True	16919271
roslyn	after	1	372.5	Microsoft.CodeAnalysis.CSharp	4.11.0	net8.0	compile:lib/net8.0/Microsoft.CodeAnalysis.CSharp.dll	table	direct	cold	361.6	17371	3114c16b6a5668eb7bcb11d265a20c4e8b919541c537ba5e8566b6fb7399f9ea	10	True	12593086
roslyn	after	1	372.5	Microsoft.CodeAnalysis.CSharp	4.11.0	net8.0	compile:lib/net8.0/Microsoft.CodeAnalysis.CSharp.dll	table	direct	warm	0.2	17371	3114c16b6a5668eb7bcb11d265a20c4e8b919541c537ba5e8566b6fb7399f9ea	10	True	12593086
roslyn	before	1	579.9	Microsoft.CodeAnalysis.CSharp	4.11.0	net8.0	compile:lib/net8.0/Microsoft.CodeAnalysis.CSharp.dll	table	summary	cold	567.7	17371	3114c16b6a5668eb7bcb11d265a20c4e8b919541c537ba5e8566b6fb7399f9ea	10	True	29512357
roslyn	before	1	579.9	Microsoft.CodeAnalysis.CSharp	4.11.0	net8.0	compile:lib/net8.0/Microsoft.CodeAnalysis.CSharp.dll	table	summary	warm	0.6	17371	3114c16b6a5668eb7bcb11d265a20c4e8b919541c537ba5e8566b6fb7399f9ea	10	True	29512357
roslyn	after	1	409.7	Microsoft.CodeAnalysis.CSharp	4.11.0	net8.0	compile:lib/net8.0/Microsoft.CodeAnalysis.CSharp.dll	table	summary	cold	398.7	17371	3114c16b6a5668eb7bcb11d265a20c4e8b919541c537ba5e8566b6fb7399f9ea	10	True	12593086
roslyn	after	1	409.7	Microsoft.CodeAnalysis.CSharp	4.11.0	net8.0	compile:lib/net8.0/Microsoft.CodeAnalysis.CSharp.dll	table	summary	warm	0.5	17371	3114c16b6a5668eb7bcb11d265a20c4e8b919541c537ba5e8566b6fb7399f9ea	10	True	12593086
roslyn	before	1	619.3	Microsoft.CodeAnalysis.CSharp	4.11.0	net8.0	compile:lib/net8.0/Microsoft.CodeAnalysis.CSharp.dll	heap	direct	cold	509.3	1441520	ba802a6cd20f1230be4dd4b3f89c55637c31eeeee8484e3473a0c55837ab8373	4096	True	16919271
roslyn	before	1	619.3	Microsoft.CodeAnalysis.CSharp	4.11.0	net8.0	compile:lib/net8.0/Microsoft.CodeAnalysis.CSharp.dll	heap	direct	warm	95.0	1441520	ba802a6cd20f1230be4dd4b3f89c55637c31eeeee8484e3473a0c55837ab8373	4096	True	16919271
roslyn	after	1	614.4	Microsoft.CodeAnalysis.CSharp	4.11.0	net8.0	compile:lib/net8.0/Microsoft.CodeAnalysis.CSharp.dll	heap	direct	cold	504.7	1441520	ba802a6cd20f1230be4dd4b3f89c55637c31eeeee8484e3473a0c55837ab8373	4096	True	12593086
roslyn	after	1	614.4	Microsoft.CodeAnalysis.CSharp	4.11.0	net8.0	compile:lib/net8.0/Microsoft.CodeAnalysis.CSharp.dll	heap	direct	warm	95.8	1441520	ba802a6cd20f1230be4dd4b3f89c55637c31eeeee8484e3473a0c55837ab8373	4096	True	12593086
roslyn	before	1	1037.3	Microsoft.CodeAnalysis.CSharp	4.11.0	net8.0	compile:lib/net8.0/Microsoft.CodeAnalysis.CSharp.dll	heap	summary	cold	925.0	1441520	ba802a6cd20f1230be4dd4b3f89c55637c31eeeee8484e3473a0c55837ab8373	4096	True	29512357
roslyn	before	1	1037.3	Microsoft.CodeAnalysis.CSharp	4.11.0	net8.0	compile:lib/net8.0/Microsoft.CodeAnalysis.CSharp.dll	heap	summary	warm	97.0	1441520	ba802a6cd20f1230be4dd4b3f89c55637c31eeeee8484e3473a0c55837ab8373	4096	True	29512357
roslyn	after	1	580.0	Microsoft.CodeAnalysis.CSharp	4.11.0	net8.0	compile:lib/net8.0/Microsoft.CodeAnalysis.CSharp.dll	heap	summary	cold	469.6	1441520	ba802a6cd20f1230be4dd4b3f89c55637c31eeeee8484e3473a0c55837ab8373	4096	True	12593086
roslyn	after	1	580.0	Microsoft.CodeAnalysis.CSharp	4.11.0	net8.0	compile:lib/net8.0/Microsoft.CodeAnalysis.CSharp.dll	heap	summary	warm	97.0	1441520	ba802a6cd20f1230be4dd4b3f89c55637c31eeeee8484e3473a0c55837ab8373	4096	True	12593086
dapper	before	1	113.4	Dapper	2.1.66	net8.0	compile:lib/net8.0/Dapper.dll	overview	direct	cold	105.0	2753	bfbac0a4f62b4f77d4dc5c0e99690153e6c20db45deb20c638bce191406309e5	1	True	437579
dapper	before	1	113.4	Dapper	2.1.66	net8.0	compile:lib/net8.0/Dapper.dll	overview	direct	warm	0.2	2753	bfbac0a4f62b4f77d4dc5c0e99690153e6c20db45deb20c638bce191406309e5	1	True	437579
dapper	after	1	126.1	Dapper	2.1.66	net8.0	compile:lib/net8.0/Dapper.dll	overview	direct	cold	117.6	2753	bfbac0a4f62b4f77d4dc5c0e99690153e6c20db45deb20c638bce191406309e5	1	True	437579
dapper	after	1	126.1	Dapper	2.1.66	net8.0	compile:lib/net8.0/Dapper.dll	overview	direct	warm	0.3	2753	bfbac0a4f62b4f77d4dc5c0e99690153e6c20db45deb20c638bce191406309e5	1	True	437579
dapper	before	1	134.3	Dapper	2.1.66	net8.0	compile:lib/net8.0/Dapper.dll	overview	summary	cold	125.4	2753	bfbac0a4f62b4f77d4dc5c0e99690153e6c20db45deb20c638bce191406309e5	1	True	437579
dapper	before	1	134.3	Dapper	2.1.66	net8.0	compile:lib/net8.0/Dapper.dll	overview	summary	warm	0.3	2753	bfbac0a4f62b4f77d4dc5c0e99690153e6c20db45deb20c638bce191406309e5	1	True	437579
dapper	after	1	127.1	Dapper	2.1.66	net8.0	compile:lib/net8.0/Dapper.dll	overview	summary	cold	117.4	2753	bfbac0a4f62b4f77d4dc5c0e99690153e6c20db45deb20c638bce191406309e5	1	True	437579
dapper	after	1	127.1	Dapper	2.1.66	net8.0	compile:lib/net8.0/Dapper.dll	overview	summary	warm	0.4	2753	bfbac0a4f62b4f77d4dc5c0e99690153e6c20db45deb20c638bce191406309e5	1	True	437579
dapper	before	1	158.5	Dapper	2.1.66	net8.0	compile:lib/net8.0/Dapper.dll	table	direct	cold	149.7	18107	d7a04943bb3b17a017cf67b99b9e0f6a740b8430c6e4ba1bd5cf6dd83b66ffdd	10	True	437579
dapper	before	1	158.5	Dapper	2.1.66	net8.0	compile:lib/net8.0/Dapper.dll	table	direct	warm	0.2	18107	d7a04943bb3b17a017cf67b99b9e0f6a740b8430c6e4ba1bd5cf6dd83b66ffdd	10	True	437579
dapper	after	1	160.8	Dapper	2.1.66	net8.0	compile:lib/net8.0/Dapper.dll	table	direct	cold	151.7	18107	d7a04943bb3b17a017cf67b99b9e0f6a740b8430c6e4ba1bd5cf6dd83b66ffdd	10	True	437579
dapper	after	1	160.8	Dapper	2.1.66	net8.0	compile:lib/net8.0/Dapper.dll	table	direct	warm	0.3	18107	d7a04943bb3b17a017cf67b99b9e0f6a740b8430c6e4ba1bd5cf6dd83b66ffdd	10	True	437579
dapper	before	1	136.4	Dapper	2.1.66	net8.0	compile:lib/net8.0/Dapper.dll	table	summary	cold	126.4	18107	d7a04943bb3b17a017cf67b99b9e0f6a740b8430c6e4ba1bd5cf6dd83b66ffdd	10	True	437579
dapper	before	1	136.4	Dapper	2.1.66	net8.0	compile:lib/net8.0/Dapper.dll	table	summary	warm	0.4	18107	d7a04943bb3b17a017cf67b99b9e0f6a740b8430c6e4ba1bd5cf6dd83b66ffdd	10	True	437579
dapper	after	1	125.0	Dapper	2.1.66	net8.0	compile:lib/net8.0/Dapper.dll	table	summary	cold	115.1	18107	d7a04943bb3b17a017cf67b99b9e0f6a740b8430c6e4ba1bd5cf6dd83b66ffdd	10	True	437579
dapper	after	1	125.0	Dapper	2.1.66	net8.0	compile:lib/net8.0/Dapper.dll	table	summary	warm	0.4	18107	d7a04943bb3b17a017cf67b99b9e0f6a740b8430c6e4ba1bd5cf6dd83b66ffdd	10	True	437579
dapper	before	1	164.2	Dapper	2.1.66	net8.0	compile:lib/net8.0/Dapper.dll	heap	direct	cold	141.2	557938	84822eb910e88a38709ee5a39c65934cef43c8fe689cd09bb43390dad357f444	1669	True	437579
dapper	before	1	164.2	Dapper	2.1.66	net8.0	compile:lib/net8.0/Dapper.dll	heap	direct	warm	12.1	557938	84822eb910e88a38709ee5a39c65934cef43c8fe689cd09bb43390dad357f444	1669	True	437579
dapper	after	1	190.0	Dapper	2.1.66	net8.0	compile:lib/net8.0/Dapper.dll	heap	direct	cold	166.6	557938	84822eb910e88a38709ee5a39c65934cef43c8fe689cd09bb43390dad357f444	1669	True	437579
dapper	after	1	190.0	Dapper	2.1.66	net8.0	compile:lib/net8.0/Dapper.dll	heap	direct	warm	11.0	557938	84822eb910e88a38709ee5a39c65934cef43c8fe689cd09bb43390dad357f444	1669	True	437579
dapper	before	1	179.8	Dapper	2.1.66	net8.0	compile:lib/net8.0/Dapper.dll	heap	summary	cold	156.4	557938	84822eb910e88a38709ee5a39c65934cef43c8fe689cd09bb43390dad357f444	1669	True	437579
dapper	before	1	179.8	Dapper	2.1.66	net8.0	compile:lib/net8.0/Dapper.dll	heap	summary	warm	11.5	557938	84822eb910e88a38709ee5a39c65934cef43c8fe689cd09bb43390dad357f444	1669	True	437579
dapper	after	1	175.5	Dapper	2.1.66	net8.0	compile:lib/net8.0/Dapper.dll	heap	summary	cold	150.9	557938	84822eb910e88a38709ee5a39c65934cef43c8fe689cd09bb43390dad357f444	1669	True	437579
dapper	after	1	175.5	Dapper	2.1.66	net8.0	compile:lib/net8.0/Dapper.dll	heap	summary	warm	13.7	557938	84822eb910e88a38709ee5a39c65934cef43c8fe689cd09bb43390dad357f444	1669	True	437579
zero	before	1	100.9	Microsoft.NETCore.Platforms	7.0.0	net8.0	None	overview	direct	cold	90.6	161	6cd9270fddfbb980e1dbe13b3c286b16df358360aaace5bbc9657627f756123a	0	False	48954
zero	before	1	100.9	Microsoft.NETCore.Platforms	7.0.0	net8.0	None	overview	direct	warm	0.1	161	6cd9270fddfbb980e1dbe13b3c286b16df358360aaace5bbc9657627f756123a	0	False	48954
zero	after	1	94.6	Microsoft.NETCore.Platforms	7.0.0	net8.0	None	overview	direct	cold	84.7	161	6cd9270fddfbb980e1dbe13b3c286b16df358360aaace5bbc9657627f756123a	0	False	48954
zero	after	1	94.6	Microsoft.NETCore.Platforms	7.0.0	net8.0	None	overview	direct	warm	0.1	161	6cd9270fddfbb980e1dbe13b3c286b16df358360aaace5bbc9657627f756123a	0	False	48954
zero	before	1	86.0	Microsoft.NETCore.Platforms	7.0.0	net8.0	None	overview	summary	cold	76.2	161	6cd9270fddfbb980e1dbe13b3c286b16df358360aaace5bbc9657627f756123a	0	False	48954
zero	before	1	86.0	Microsoft.NETCore.Platforms	7.0.0	net8.0	None	overview	summary	warm	0.2	161	6cd9270fddfbb980e1dbe13b3c286b16df358360aaace5bbc9657627f756123a	0	False	48954
zero	after	1	103.4	Microsoft.NETCore.Platforms	7.0.0	net8.0	None	overview	summary	cold	93.3	161	6cd9270fddfbb980e1dbe13b3c286b16df358360aaace5bbc9657627f756123a	0	False	48954
zero	after	1	103.4	Microsoft.NETCore.Platforms	7.0.0	net8.0	None	overview	summary	warm	0.2	161	6cd9270fddfbb980e1dbe13b3c286b16df358360aaace5bbc9657627f756123a	0	False	48954
avalonia-base	after	2	457.6	Avalonia	12.1.2	net10.0	compile:ref/net10.0/Avalonia.Base.dll	overview	direct	cold	443.0	3135	52ceaa30a35d424e014e44fb0b10a88380c72c7eaf5848eb41eb1b43e51fbff9	1	True	16475372
avalonia-base	after	2	457.6	Avalonia	12.1.2	net10.0	compile:ref/net10.0/Avalonia.Base.dll	overview	direct	warm	0.3	3135	52ceaa30a35d424e014e44fb0b10a88380c72c7eaf5848eb41eb1b43e51fbff9	1	True	16475372
avalonia-base	before	2	510.8	Avalonia	12.1.2	net10.0	compile:ref/net10.0/Avalonia.Base.dll	overview	direct	cold	500.6	3135	52ceaa30a35d424e014e44fb0b10a88380c72c7eaf5848eb41eb1b43e51fbff9	1	True	10143223
avalonia-base	before	2	510.8	Avalonia	12.1.2	net10.0	compile:ref/net10.0/Avalonia.Base.dll	overview	direct	warm	0.4	3135	52ceaa30a35d424e014e44fb0b10a88380c72c7eaf5848eb41eb1b43e51fbff9	1	True	10143223
avalonia-base	after	2	478.4	Avalonia	12.1.2	net10.0	compile:ref/net10.0/Avalonia.Base.dll	overview	summary	cold	466.8	3135	52ceaa30a35d424e014e44fb0b10a88380c72c7eaf5848eb41eb1b43e51fbff9	1	True	16475372
avalonia-base	after	2	478.4	Avalonia	12.1.2	net10.0	compile:ref/net10.0/Avalonia.Base.dll	overview	summary	warm	0.5	3135	52ceaa30a35d424e014e44fb0b10a88380c72c7eaf5848eb41eb1b43e51fbff9	1	True	16475372
avalonia-base	before	2	1826.2	Avalonia	12.1.2	net10.0	compile:ref/net10.0/Avalonia.Base.dll	overview	summary	cold	1812.9	3135	52ceaa30a35d424e014e44fb0b10a88380c72c7eaf5848eb41eb1b43e51fbff9	1	True	26618595
avalonia-base	before	2	1826.2	Avalonia	12.1.2	net10.0	compile:ref/net10.0/Avalonia.Base.dll	overview	summary	warm	0.4	3135	52ceaa30a35d424e014e44fb0b10a88380c72c7eaf5848eb41eb1b43e51fbff9	1	True	26618595
avalonia-base	after	2	410.2	Avalonia	12.1.2	net10.0	compile:ref/net10.0/Avalonia.Base.dll	table	direct	cold	398.1	16889	e769a537a7d3fd461bce89d4077e55815f7122de2788e0a38e10e25fcc3c830e	10	True	16475372
avalonia-base	after	2	410.2	Avalonia	12.1.2	net10.0	compile:ref/net10.0/Avalonia.Base.dll	table	direct	warm	0.2	16889	e769a537a7d3fd461bce89d4077e55815f7122de2788e0a38e10e25fcc3c830e	10	True	16475372
avalonia-base	before	2	332.6	Avalonia	12.1.2	net10.0	compile:ref/net10.0/Avalonia.Base.dll	table	direct	cold	320.8	16889	e769a537a7d3fd461bce89d4077e55815f7122de2788e0a38e10e25fcc3c830e	10	True	10143223
avalonia-base	before	2	332.6	Avalonia	12.1.2	net10.0	compile:ref/net10.0/Avalonia.Base.dll	table	direct	warm	0.3	16889	e769a537a7d3fd461bce89d4077e55815f7122de2788e0a38e10e25fcc3c830e	10	True	10143223
avalonia-base	after	2	494.6	Avalonia	12.1.2	net10.0	compile:ref/net10.0/Avalonia.Base.dll	table	summary	cold	479.5	16889	e769a537a7d3fd461bce89d4077e55815f7122de2788e0a38e10e25fcc3c830e	10	True	16475372
avalonia-base	after	2	494.6	Avalonia	12.1.2	net10.0	compile:ref/net10.0/Avalonia.Base.dll	table	summary	warm	0.6	16889	e769a537a7d3fd461bce89d4077e55815f7122de2788e0a38e10e25fcc3c830e	10	True	16475372
avalonia-base	before	2	505.2	Avalonia	12.1.2	net10.0	compile:ref/net10.0/Avalonia.Base.dll	table	summary	cold	492.0	16889	e769a537a7d3fd461bce89d4077e55815f7122de2788e0a38e10e25fcc3c830e	10	True	26618595
avalonia-base	before	2	505.2	Avalonia	12.1.2	net10.0	compile:ref/net10.0/Avalonia.Base.dll	table	summary	warm	0.4	16889	e769a537a7d3fd461bce89d4077e55815f7122de2788e0a38e10e25fcc3c830e	10	True	26618595
avalonia-base	after	2	598.6	Avalonia	12.1.2	net10.0	compile:ref/net10.0/Avalonia.Base.dll	heap	direct	cold	497.0	1374275	4d0f1c7a56de27b12cc592994a4216db7b3587f692d604a76c1f1b2f7fd4543f	4096	True	16475372
avalonia-base	after	2	598.6	Avalonia	12.1.2	net10.0	compile:ref/net10.0/Avalonia.Base.dll	heap	direct	warm	84.2	1374275	4d0f1c7a56de27b12cc592994a4216db7b3587f692d604a76c1f1b2f7fd4543f	4096	True	16475372
avalonia-base	before	2	529.5	Avalonia	12.1.2	net10.0	compile:ref/net10.0/Avalonia.Base.dll	heap	direct	cold	428.7	1374275	4d0f1c7a56de27b12cc592994a4216db7b3587f692d604a76c1f1b2f7fd4543f	4096	True	10143223
avalonia-base	before	2	529.5	Avalonia	12.1.2	net10.0	compile:ref/net10.0/Avalonia.Base.dll	heap	direct	warm	84.9	1374275	4d0f1c7a56de27b12cc592994a4216db7b3587f692d604a76c1f1b2f7fd4543f	4096	True	10143223
avalonia-base	after	2	631.0	Avalonia	12.1.2	net10.0	compile:ref/net10.0/Avalonia.Base.dll	heap	summary	cold	532.5	1374275	4d0f1c7a56de27b12cc592994a4216db7b3587f692d604a76c1f1b2f7fd4543f	4096	True	16475372
avalonia-base	after	2	631.0	Avalonia	12.1.2	net10.0	compile:ref/net10.0/Avalonia.Base.dll	heap	summary	warm	81.8	1374275	4d0f1c7a56de27b12cc592994a4216db7b3587f692d604a76c1f1b2f7fd4543f	4096	True	16475372
avalonia-base	before	2	743.2	Avalonia	12.1.2	net10.0	compile:ref/net10.0/Avalonia.Base.dll	heap	summary	cold	642.3	1374275	4d0f1c7a56de27b12cc592994a4216db7b3587f692d604a76c1f1b2f7fd4543f	4096	True	26618595
avalonia-base	before	2	743.2	Avalonia	12.1.2	net10.0	compile:ref/net10.0/Avalonia.Base.dll	heap	summary	warm	83.3	1374275	4d0f1c7a56de27b12cc592994a4216db7b3587f692d604a76c1f1b2f7fd4543f	4096	True	26618595
roslyn	after	2	377.8	Microsoft.CodeAnalysis.CSharp	4.11.0	net8.0	compile:lib/net8.0/Microsoft.CodeAnalysis.CSharp.dll	overview	direct	cold	366.1	2907	9a9bdd04bcbade15fb8de8672498a362d0ab2e3005e1f98001c92e92953a5371	1	True	12593086
roslyn	after	2	377.8	Microsoft.CodeAnalysis.CSharp	4.11.0	net8.0	compile:lib/net8.0/Microsoft.CodeAnalysis.CSharp.dll	overview	direct	warm	0.6	2907	9a9bdd04bcbade15fb8de8672498a362d0ab2e3005e1f98001c92e92953a5371	1	True	12593086
roslyn	before	2	385.0	Microsoft.CodeAnalysis.CSharp	4.11.0	net8.0	compile:lib/net8.0/Microsoft.CodeAnalysis.CSharp.dll	overview	direct	cold	376.1	2907	9a9bdd04bcbade15fb8de8672498a362d0ab2e3005e1f98001c92e92953a5371	1	True	16919271
roslyn	before	2	385.0	Microsoft.CodeAnalysis.CSharp	4.11.0	net8.0	compile:lib/net8.0/Microsoft.CodeAnalysis.CSharp.dll	overview	direct	warm	0.8	2907	9a9bdd04bcbade15fb8de8672498a362d0ab2e3005e1f98001c92e92953a5371	1	True	16919271
roslyn	after	2	404.8	Microsoft.CodeAnalysis.CSharp	4.11.0	net8.0	compile:lib/net8.0/Microsoft.CodeAnalysis.CSharp.dll	overview	summary	cold	391.9	2907	9a9bdd04bcbade15fb8de8672498a362d0ab2e3005e1f98001c92e92953a5371	1	True	12593086
roslyn	after	2	404.8	Microsoft.CodeAnalysis.CSharp	4.11.0	net8.0	compile:lib/net8.0/Microsoft.CodeAnalysis.CSharp.dll	overview	summary	warm	0.9	2907	9a9bdd04bcbade15fb8de8672498a362d0ab2e3005e1f98001c92e92953a5371	1	True	12593086
roslyn	before	2	614.7	Microsoft.CodeAnalysis.CSharp	4.11.0	net8.0	compile:lib/net8.0/Microsoft.CodeAnalysis.CSharp.dll	overview	summary	cold	601.5	2907	9a9bdd04bcbade15fb8de8672498a362d0ab2e3005e1f98001c92e92953a5371	1	True	29512357
roslyn	before	2	614.7	Microsoft.CodeAnalysis.CSharp	4.11.0	net8.0	compile:lib/net8.0/Microsoft.CodeAnalysis.CSharp.dll	overview	summary	warm	0.6	2907	9a9bdd04bcbade15fb8de8672498a362d0ab2e3005e1f98001c92e92953a5371	1	True	29512357
roslyn	after	2	412.0	Microsoft.CodeAnalysis.CSharp	4.11.0	net8.0	compile:lib/net8.0/Microsoft.CodeAnalysis.CSharp.dll	table	direct	cold	400.4	17371	3114c16b6a5668eb7bcb11d265a20c4e8b919541c537ba5e8566b6fb7399f9ea	10	True	12593086
roslyn	after	2	412.0	Microsoft.CodeAnalysis.CSharp	4.11.0	net8.0	compile:lib/net8.0/Microsoft.CodeAnalysis.CSharp.dll	table	direct	warm	0.2	17371	3114c16b6a5668eb7bcb11d265a20c4e8b919541c537ba5e8566b6fb7399f9ea	10	True	12593086
roslyn	before	2	326.6	Microsoft.CodeAnalysis.CSharp	4.11.0	net8.0	compile:lib/net8.0/Microsoft.CodeAnalysis.CSharp.dll	table	direct	cold	314.5	17371	3114c16b6a5668eb7bcb11d265a20c4e8b919541c537ba5e8566b6fb7399f9ea	10	True	16919271
roslyn	before	2	326.6	Microsoft.CodeAnalysis.CSharp	4.11.0	net8.0	compile:lib/net8.0/Microsoft.CodeAnalysis.CSharp.dll	table	direct	warm	0.2	17371	3114c16b6a5668eb7bcb11d265a20c4e8b919541c537ba5e8566b6fb7399f9ea	10	True	16919271
roslyn	after	2	414.5	Microsoft.CodeAnalysis.CSharp	4.11.0	net8.0	compile:lib/net8.0/Microsoft.CodeAnalysis.CSharp.dll	table	summary	cold	403.0	17371	3114c16b6a5668eb7bcb11d265a20c4e8b919541c537ba5e8566b6fb7399f9ea	10	True	12593086
roslyn	after	2	414.5	Microsoft.CodeAnalysis.CSharp	4.11.0	net8.0	compile:lib/net8.0/Microsoft.CodeAnalysis.CSharp.dll	table	summary	warm	0.4	17371	3114c16b6a5668eb7bcb11d265a20c4e8b919541c537ba5e8566b6fb7399f9ea	10	True	12593086
roslyn	before	2	657.0	Microsoft.CodeAnalysis.CSharp	4.11.0	net8.0	compile:lib/net8.0/Microsoft.CodeAnalysis.CSharp.dll	table	summary	cold	645.8	17371	3114c16b6a5668eb7bcb11d265a20c4e8b919541c537ba5e8566b6fb7399f9ea	10	True	29512357
roslyn	before	2	657.0	Microsoft.CodeAnalysis.CSharp	4.11.0	net8.0	compile:lib/net8.0/Microsoft.CodeAnalysis.CSharp.dll	table	summary	warm	0.4	17371	3114c16b6a5668eb7bcb11d265a20c4e8b919541c537ba5e8566b6fb7399f9ea	10	True	29512357
roslyn	after	2	616.2	Microsoft.CodeAnalysis.CSharp	4.11.0	net8.0	compile:lib/net8.0/Microsoft.CodeAnalysis.CSharp.dll	heap	direct	cold	500.3	1441520	ba802a6cd20f1230be4dd4b3f89c55637c31eeeee8484e3473a0c55837ab8373	4096	True	12593086
roslyn	after	2	616.2	Microsoft.CodeAnalysis.CSharp	4.11.0	net8.0	compile:lib/net8.0/Microsoft.CodeAnalysis.CSharp.dll	heap	direct	warm	101.4	1441520	ba802a6cd20f1230be4dd4b3f89c55637c31eeeee8484e3473a0c55837ab8373	4096	True	12593086
roslyn	before	2	626.5	Microsoft.CodeAnalysis.CSharp	4.11.0	net8.0	compile:lib/net8.0/Microsoft.CodeAnalysis.CSharp.dll	heap	direct	cold	505.2	1441520	ba802a6cd20f1230be4dd4b3f89c55637c31eeeee8484e3473a0c55837ab8373	4096	True	16919271
roslyn	before	2	626.5	Microsoft.CodeAnalysis.CSharp	4.11.0	net8.0	compile:lib/net8.0/Microsoft.CodeAnalysis.CSharp.dll	heap	direct	warm	105.1	1441520	ba802a6cd20f1230be4dd4b3f89c55637c31eeeee8484e3473a0c55837ab8373	4096	True	16919271
roslyn	after	2	607.6	Microsoft.CodeAnalysis.CSharp	4.11.0	net8.0	compile:lib/net8.0/Microsoft.CodeAnalysis.CSharp.dll	heap	summary	cold	489.3	1441520	ba802a6cd20f1230be4dd4b3f89c55637c31eeeee8484e3473a0c55837ab8373	4096	True	12593086
roslyn	after	2	607.6	Microsoft.CodeAnalysis.CSharp	4.11.0	net8.0	compile:lib/net8.0/Microsoft.CodeAnalysis.CSharp.dll	heap	summary	warm	102.3	1441520	ba802a6cd20f1230be4dd4b3f89c55637c31eeeee8484e3473a0c55837ab8373	4096	True	12593086
roslyn	before	2	903.6	Microsoft.CodeAnalysis.CSharp	4.11.0	net8.0	compile:lib/net8.0/Microsoft.CodeAnalysis.CSharp.dll	heap	summary	cold	774.5	1441520	ba802a6cd20f1230be4dd4b3f89c55637c31eeeee8484e3473a0c55837ab8373	4096	True	29512357
roslyn	before	2	903.6	Microsoft.CodeAnalysis.CSharp	4.11.0	net8.0	compile:lib/net8.0/Microsoft.CodeAnalysis.CSharp.dll	heap	summary	warm	111.8	1441520	ba802a6cd20f1230be4dd4b3f89c55637c31eeeee8484e3473a0c55837ab8373	4096	True	29512357
dapper	after	2	144.6	Dapper	2.1.66	net8.0	compile:lib/net8.0/Dapper.dll	overview	direct	cold	135.4	2753	bfbac0a4f62b4f77d4dc5c0e99690153e6c20db45deb20c638bce191406309e5	1	True	437579
dapper	after	2	144.6	Dapper	2.1.66	net8.0	compile:lib/net8.0/Dapper.dll	overview	direct	warm	0.2	2753	bfbac0a4f62b4f77d4dc5c0e99690153e6c20db45deb20c638bce191406309e5	1	True	437579
dapper	before	2	121.2	Dapper	2.1.66	net8.0	compile:lib/net8.0/Dapper.dll	overview	direct	cold	112.3	2753	bfbac0a4f62b4f77d4dc5c0e99690153e6c20db45deb20c638bce191406309e5	1	True	437579
dapper	before	2	121.2	Dapper	2.1.66	net8.0	compile:lib/net8.0/Dapper.dll	overview	direct	warm	0.1	2753	bfbac0a4f62b4f77d4dc5c0e99690153e6c20db45deb20c638bce191406309e5	1	True	437579
dapper	after	2	123.1	Dapper	2.1.66	net8.0	compile:lib/net8.0/Dapper.dll	overview	summary	cold	114.4	2753	bfbac0a4f62b4f77d4dc5c0e99690153e6c20db45deb20c638bce191406309e5	1	True	437579
dapper	after	2	123.1	Dapper	2.1.66	net8.0	compile:lib/net8.0/Dapper.dll	overview	summary	warm	0.4	2753	bfbac0a4f62b4f77d4dc5c0e99690153e6c20db45deb20c638bce191406309e5	1	True	437579
dapper	before	2	114.5	Dapper	2.1.66	net8.0	compile:lib/net8.0/Dapper.dll	overview	summary	cold	105.6	2753	bfbac0a4f62b4f77d4dc5c0e99690153e6c20db45deb20c638bce191406309e5	1	True	437579
dapper	before	2	114.5	Dapper	2.1.66	net8.0	compile:lib/net8.0/Dapper.dll	overview	summary	warm	0.4	2753	bfbac0a4f62b4f77d4dc5c0e99690153e6c20db45deb20c638bce191406309e5	1	True	437579
dapper	after	2	139.7	Dapper	2.1.66	net8.0	compile:lib/net8.0/Dapper.dll	table	direct	cold	130.5	18107	d7a04943bb3b17a017cf67b99b9e0f6a740b8430c6e4ba1bd5cf6dd83b66ffdd	10	True	437579
dapper	after	2	139.7	Dapper	2.1.66	net8.0	compile:lib/net8.0/Dapper.dll	table	direct	warm	0.3	18107	d7a04943bb3b17a017cf67b99b9e0f6a740b8430c6e4ba1bd5cf6dd83b66ffdd	10	True	437579
dapper	before	2	122.4	Dapper	2.1.66	net8.0	compile:lib/net8.0/Dapper.dll	table	direct	cold	113.7	18107	d7a04943bb3b17a017cf67b99b9e0f6a740b8430c6e4ba1bd5cf6dd83b66ffdd	10	True	437579
dapper	before	2	122.4	Dapper	2.1.66	net8.0	compile:lib/net8.0/Dapper.dll	table	direct	warm	0.2	18107	d7a04943bb3b17a017cf67b99b9e0f6a740b8430c6e4ba1bd5cf6dd83b66ffdd	10	True	437579
dapper	after	2	128.7	Dapper	2.1.66	net8.0	compile:lib/net8.0/Dapper.dll	table	summary	cold	119.2	18107	d7a04943bb3b17a017cf67b99b9e0f6a740b8430c6e4ba1bd5cf6dd83b66ffdd	10	True	437579
dapper	after	2	128.7	Dapper	2.1.66	net8.0	compile:lib/net8.0/Dapper.dll	table	summary	warm	0.4	18107	d7a04943bb3b17a017cf67b99b9e0f6a740b8430c6e4ba1bd5cf6dd83b66ffdd	10	True	437579
dapper	before	2	111.4	Dapper	2.1.66	net8.0	compile:lib/net8.0/Dapper.dll	table	summary	cold	102.7	18107	d7a04943bb3b17a017cf67b99b9e0f6a740b8430c6e4ba1bd5cf6dd83b66ffdd	10	True	437579
dapper	before	2	111.4	Dapper	2.1.66	net8.0	compile:lib/net8.0/Dapper.dll	table	summary	warm	0.3	18107	d7a04943bb3b17a017cf67b99b9e0f6a740b8430c6e4ba1bd5cf6dd83b66ffdd	10	True	437579
dapper	after	2	159.0	Dapper	2.1.66	net8.0	compile:lib/net8.0/Dapper.dll	heap	direct	cold	136.8	557938	84822eb910e88a38709ee5a39c65934cef43c8fe689cd09bb43390dad357f444	1669	True	437579
dapper	after	2	159.0	Dapper	2.1.66	net8.0	compile:lib/net8.0/Dapper.dll	heap	direct	warm	10.8	557938	84822eb910e88a38709ee5a39c65934cef43c8fe689cd09bb43390dad357f444	1669	True	437579
dapper	before	2	141.4	Dapper	2.1.66	net8.0	compile:lib/net8.0/Dapper.dll	heap	direct	cold	118.3	557938	84822eb910e88a38709ee5a39c65934cef43c8fe689cd09bb43390dad357f444	1669	True	437579
dapper	before	2	141.4	Dapper	2.1.66	net8.0	compile:lib/net8.0/Dapper.dll	heap	direct	warm	10.9	557938	84822eb910e88a38709ee5a39c65934cef43c8fe689cd09bb43390dad357f444	1669	True	437579
dapper	after	2	156.9	Dapper	2.1.66	net8.0	compile:lib/net8.0/Dapper.dll	heap	summary	cold	134.3	557938	84822eb910e88a38709ee5a39c65934cef43c8fe689cd09bb43390dad357f444	1669	True	437579
dapper	after	2	156.9	Dapper	2.1.66	net8.0	compile:lib/net8.0/Dapper.dll	heap	summary	warm	11.5	557938	84822eb910e88a38709ee5a39c65934cef43c8fe689cd09bb43390dad357f444	1669	True	437579
dapper	before	2	158.1	Dapper	2.1.66	net8.0	compile:lib/net8.0/Dapper.dll	heap	summary	cold	133.0	557938	84822eb910e88a38709ee5a39c65934cef43c8fe689cd09bb43390dad357f444	1669	True	437579
dapper	before	2	158.1	Dapper	2.1.66	net8.0	compile:lib/net8.0/Dapper.dll	heap	summary	warm	10.9	557938	84822eb910e88a38709ee5a39c65934cef43c8fe689cd09bb43390dad357f444	1669	True	437579
zero	after	2	95.5	Microsoft.NETCore.Platforms	7.0.0	net8.0	None	overview	direct	cold	86.5	161	6cd9270fddfbb980e1dbe13b3c286b16df358360aaace5bbc9657627f756123a	0	False	48954
zero	after	2	95.5	Microsoft.NETCore.Platforms	7.0.0	net8.0	None	overview	direct	warm	0.1	161	6cd9270fddfbb980e1dbe13b3c286b16df358360aaace5bbc9657627f756123a	0	False	48954
zero	before	2	118.3	Microsoft.NETCore.Platforms	7.0.0	net8.0	None	overview	direct	cold	108.3	161	6cd9270fddfbb980e1dbe13b3c286b16df358360aaace5bbc9657627f756123a	0	False	48954
zero	before	2	118.3	Microsoft.NETCore.Platforms	7.0.0	net8.0	None	overview	direct	warm	0.1	161	6cd9270fddfbb980e1dbe13b3c286b16df358360aaace5bbc9657627f756123a	0	False	48954
zero	after	2	98.1	Microsoft.NETCore.Platforms	7.0.0	net8.0	None	overview	summary	cold	88.7	161	6cd9270fddfbb980e1dbe13b3c286b16df358360aaace5bbc9657627f756123a	0	False	48954
zero	after	2	98.1	Microsoft.NETCore.Platforms	7.0.0	net8.0	None	overview	summary	warm	0.2	161	6cd9270fddfbb980e1dbe13b3c286b16df358360aaace5bbc9657627f756123a	0	False	48954
zero	before	2	93.2	Microsoft.NETCore.Platforms	7.0.0	net8.0	None	overview	summary	cold	83.7	161	6cd9270fddfbb980e1dbe13b3c286b16df358360aaace5bbc9657627f756123a	0	False	48954
zero	before	2	93.2	Microsoft.NETCore.Platforms	7.0.0	net8.0	None	overview	summary	warm	0.2	161	6cd9270fddfbb980e1dbe13b3c286b16df358360aaace5bbc9657627f756123a	0	False	48954
avalonia-base	before	3	345.0	Avalonia	12.1.2	net10.0	compile:ref/net10.0/Avalonia.Base.dll	overview	direct	cold	332.6	3135	52ceaa30a35d424e014e44fb0b10a88380c72c7eaf5848eb41eb1b43e51fbff9	1	True	10143223
avalonia-base	before	3	345.0	Avalonia	12.1.2	net10.0	compile:ref/net10.0/Avalonia.Base.dll	overview	direct	warm	0.3	3135	52ceaa30a35d424e014e44fb0b10a88380c72c7eaf5848eb41eb1b43e51fbff9	1	True	10143223
avalonia-base	after	3	416.0	Avalonia	12.1.2	net10.0	compile:ref/net10.0/Avalonia.Base.dll	overview	direct	cold	404.2	3135	52ceaa30a35d424e014e44fb0b10a88380c72c7eaf5848eb41eb1b43e51fbff9	1	True	16475372
avalonia-base	after	3	416.0	Avalonia	12.1.2	net10.0	compile:ref/net10.0/Avalonia.Base.dll	overview	direct	warm	0.3	3135	52ceaa30a35d424e014e44fb0b10a88380c72c7eaf5848eb41eb1b43e51fbff9	1	True	16475372
avalonia-base	before	3	600.2	Avalonia	12.1.2	net10.0	compile:ref/net10.0/Avalonia.Base.dll	overview	summary	cold	586.9	3135	52ceaa30a35d424e014e44fb0b10a88380c72c7eaf5848eb41eb1b43e51fbff9	1	True	26618595
avalonia-base	before	3	600.2	Avalonia	12.1.2	net10.0	compile:ref/net10.0/Avalonia.Base.dll	overview	summary	warm	0.6	3135	52ceaa30a35d424e014e44fb0b10a88380c72c7eaf5848eb41eb1b43e51fbff9	1	True	26618595
avalonia-base	after	3	490.2	Avalonia	12.1.2	net10.0	compile:ref/net10.0/Avalonia.Base.dll	overview	summary	cold	477.7	3135	52ceaa30a35d424e014e44fb0b10a88380c72c7eaf5848eb41eb1b43e51fbff9	1	True	16475372
avalonia-base	after	3	490.2	Avalonia	12.1.2	net10.0	compile:ref/net10.0/Avalonia.Base.dll	overview	summary	warm	0.4	3135	52ceaa30a35d424e014e44fb0b10a88380c72c7eaf5848eb41eb1b43e51fbff9	1	True	16475372
avalonia-base	before	3	405.7	Avalonia	12.1.2	net10.0	compile:ref/net10.0/Avalonia.Base.dll	table	direct	cold	395.8	16889	e769a537a7d3fd461bce89d4077e55815f7122de2788e0a38e10e25fcc3c830e	10	True	10143223
avalonia-base	before	3	405.7	Avalonia	12.1.2	net10.0	compile:ref/net10.0/Avalonia.Base.dll	table	direct	warm	0.2	16889	e769a537a7d3fd461bce89d4077e55815f7122de2788e0a38e10e25fcc3c830e	10	True	10143223
avalonia-base	after	3	435.6	Avalonia	12.1.2	net10.0	compile:ref/net10.0/Avalonia.Base.dll	table	direct	cold	423.9	16889	e769a537a7d3fd461bce89d4077e55815f7122de2788e0a38e10e25fcc3c830e	10	True	16475372
avalonia-base	after	3	435.6	Avalonia	12.1.2	net10.0	compile:ref/net10.0/Avalonia.Base.dll	table	direct	warm	0.2	16889	e769a537a7d3fd461bce89d4077e55815f7122de2788e0a38e10e25fcc3c830e	10	True	16475372
avalonia-base	before	3	686.1	Avalonia	12.1.2	net10.0	compile:ref/net10.0/Avalonia.Base.dll	table	summary	cold	674.7	16889	e769a537a7d3fd461bce89d4077e55815f7122de2788e0a38e10e25fcc3c830e	10	True	26618595
avalonia-base	before	3	686.1	Avalonia	12.1.2	net10.0	compile:ref/net10.0/Avalonia.Base.dll	table	summary	warm	0.4	16889	e769a537a7d3fd461bce89d4077e55815f7122de2788e0a38e10e25fcc3c830e	10	True	26618595
avalonia-base	after	3	425.5	Avalonia	12.1.2	net10.0	compile:ref/net10.0/Avalonia.Base.dll	table	summary	cold	414.5	16889	e769a537a7d3fd461bce89d4077e55815f7122de2788e0a38e10e25fcc3c830e	10	True	16475372
avalonia-base	after	3	425.5	Avalonia	12.1.2	net10.0	compile:ref/net10.0/Avalonia.Base.dll	table	summary	warm	0.3	16889	e769a537a7d3fd461bce89d4077e55815f7122de2788e0a38e10e25fcc3c830e	10	True	16475372
avalonia-base	before	3	479.2	Avalonia	12.1.2	net10.0	compile:ref/net10.0/Avalonia.Base.dll	heap	direct	cold	383.8	1374275	4d0f1c7a56de27b12cc592994a4216db7b3587f692d604a76c1f1b2f7fd4543f	4096	True	10143223
avalonia-base	before	3	479.2	Avalonia	12.1.2	net10.0	compile:ref/net10.0/Avalonia.Base.dll	heap	direct	warm	81.0	1374275	4d0f1c7a56de27b12cc592994a4216db7b3587f692d604a76c1f1b2f7fd4543f	4096	True	10143223
avalonia-base	after	3	584.9	Avalonia	12.1.2	net10.0	compile:ref/net10.0/Avalonia.Base.dll	heap	direct	cold	489.7	1374275	4d0f1c7a56de27b12cc592994a4216db7b3587f692d604a76c1f1b2f7fd4543f	4096	True	16475372
avalonia-base	after	3	584.9	Avalonia	12.1.2	net10.0	compile:ref/net10.0/Avalonia.Base.dll	heap	direct	warm	80.4	1374275	4d0f1c7a56de27b12cc592994a4216db7b3587f692d604a76c1f1b2f7fd4543f	4096	True	16475372
avalonia-base	before	3	737.0	Avalonia	12.1.2	net10.0	compile:ref/net10.0/Avalonia.Base.dll	heap	summary	cold	629.5	1374275	4d0f1c7a56de27b12cc592994a4216db7b3587f692d604a76c1f1b2f7fd4543f	4096	True	26618595
avalonia-base	before	3	737.0	Avalonia	12.1.2	net10.0	compile:ref/net10.0/Avalonia.Base.dll	heap	summary	warm	92.8	1374275	4d0f1c7a56de27b12cc592994a4216db7b3587f692d604a76c1f1b2f7fd4543f	4096	True	26618595
avalonia-base	after	3	585.7	Avalonia	12.1.2	net10.0	compile:ref/net10.0/Avalonia.Base.dll	heap	summary	cold	488.2	1374275	4d0f1c7a56de27b12cc592994a4216db7b3587f692d604a76c1f1b2f7fd4543f	4096	True	16475372
avalonia-base	after	3	585.7	Avalonia	12.1.2	net10.0	compile:ref/net10.0/Avalonia.Base.dll	heap	summary	warm	81.9	1374275	4d0f1c7a56de27b12cc592994a4216db7b3587f692d604a76c1f1b2f7fd4543f	4096	True	16475372
roslyn	before	3	420.5	Microsoft.CodeAnalysis.CSharp	4.11.0	net8.0	compile:lib/net8.0/Microsoft.CodeAnalysis.CSharp.dll	overview	direct	cold	407.8	2907	9a9bdd04bcbade15fb8de8672498a362d0ab2e3005e1f98001c92e92953a5371	1	True	16919271
roslyn	before	3	420.5	Microsoft.CodeAnalysis.CSharp	4.11.0	net8.0	compile:lib/net8.0/Microsoft.CodeAnalysis.CSharp.dll	overview	direct	warm	0.7	2907	9a9bdd04bcbade15fb8de8672498a362d0ab2e3005e1f98001c92e92953a5371	1	True	16919271
roslyn	after	3	406.2	Microsoft.CodeAnalysis.CSharp	4.11.0	net8.0	compile:lib/net8.0/Microsoft.CodeAnalysis.CSharp.dll	overview	direct	cold	392.8	2907	9a9bdd04bcbade15fb8de8672498a362d0ab2e3005e1f98001c92e92953a5371	1	True	12593086
roslyn	after	3	406.2	Microsoft.CodeAnalysis.CSharp	4.11.0	net8.0	compile:lib/net8.0/Microsoft.CodeAnalysis.CSharp.dll	overview	direct	warm	0.6	2907	9a9bdd04bcbade15fb8de8672498a362d0ab2e3005e1f98001c92e92953a5371	1	True	12593086
roslyn	before	3	583.1	Microsoft.CodeAnalysis.CSharp	4.11.0	net8.0	compile:lib/net8.0/Microsoft.CodeAnalysis.CSharp.dll	overview	summary	cold	570.2	2907	9a9bdd04bcbade15fb8de8672498a362d0ab2e3005e1f98001c92e92953a5371	1	True	29512357
roslyn	before	3	583.1	Microsoft.CodeAnalysis.CSharp	4.11.0	net8.0	compile:lib/net8.0/Microsoft.CodeAnalysis.CSharp.dll	overview	summary	warm	0.5	2907	9a9bdd04bcbade15fb8de8672498a362d0ab2e3005e1f98001c92e92953a5371	1	True	29512357
roslyn	after	3	366.7	Microsoft.CodeAnalysis.CSharp	4.11.0	net8.0	compile:lib/net8.0/Microsoft.CodeAnalysis.CSharp.dll	overview	summary	cold	353.6	2907	9a9bdd04bcbade15fb8de8672498a362d0ab2e3005e1f98001c92e92953a5371	1	True	12593086
roslyn	after	3	366.7	Microsoft.CodeAnalysis.CSharp	4.11.0	net8.0	compile:lib/net8.0/Microsoft.CodeAnalysis.CSharp.dll	overview	summary	warm	0.9	2907	9a9bdd04bcbade15fb8de8672498a362d0ab2e3005e1f98001c92e92953a5371	1	True	12593086
roslyn	before	3	447.4	Microsoft.CodeAnalysis.CSharp	4.11.0	net8.0	compile:lib/net8.0/Microsoft.CodeAnalysis.CSharp.dll	table	direct	cold	436.7	17371	3114c16b6a5668eb7bcb11d265a20c4e8b919541c537ba5e8566b6fb7399f9ea	10	True	16919271
roslyn	before	3	447.4	Microsoft.CodeAnalysis.CSharp	4.11.0	net8.0	compile:lib/net8.0/Microsoft.CodeAnalysis.CSharp.dll	table	direct	warm	0.2	17371	3114c16b6a5668eb7bcb11d265a20c4e8b919541c537ba5e8566b6fb7399f9ea	10	True	16919271
roslyn	after	3	393.9	Microsoft.CodeAnalysis.CSharp	4.11.0	net8.0	compile:lib/net8.0/Microsoft.CodeAnalysis.CSharp.dll	table	direct	cold	379.8	17371	3114c16b6a5668eb7bcb11d265a20c4e8b919541c537ba5e8566b6fb7399f9ea	10	True	12593086
roslyn	after	3	393.9	Microsoft.CodeAnalysis.CSharp	4.11.0	net8.0	compile:lib/net8.0/Microsoft.CodeAnalysis.CSharp.dll	table	direct	warm	0.2	17371	3114c16b6a5668eb7bcb11d265a20c4e8b919541c537ba5e8566b6fb7399f9ea	10	True	12593086
roslyn	before	3	590.9	Microsoft.CodeAnalysis.CSharp	4.11.0	net8.0	compile:lib/net8.0/Microsoft.CodeAnalysis.CSharp.dll	table	summary	cold	577.0	17371	3114c16b6a5668eb7bcb11d265a20c4e8b919541c537ba5e8566b6fb7399f9ea	10	True	29512357
roslyn	before	3	590.9	Microsoft.CodeAnalysis.CSharp	4.11.0	net8.0	compile:lib/net8.0/Microsoft.CodeAnalysis.CSharp.dll	table	summary	warm	0.4	17371	3114c16b6a5668eb7bcb11d265a20c4e8b919541c537ba5e8566b6fb7399f9ea	10	True	29512357
roslyn	after	3	453.4	Microsoft.CodeAnalysis.CSharp	4.11.0	net8.0	compile:lib/net8.0/Microsoft.CodeAnalysis.CSharp.dll	table	summary	cold	439.7	17371	3114c16b6a5668eb7bcb11d265a20c4e8b919541c537ba5e8566b6fb7399f9ea	10	True	12593086
roslyn	after	3	453.4	Microsoft.CodeAnalysis.CSharp	4.11.0	net8.0	compile:lib/net8.0/Microsoft.CodeAnalysis.CSharp.dll	table	summary	warm	0.3	17371	3114c16b6a5668eb7bcb11d265a20c4e8b919541c537ba5e8566b6fb7399f9ea	10	True	12593086
roslyn	before	3	536.8	Microsoft.CodeAnalysis.CSharp	4.11.0	net8.0	compile:lib/net8.0/Microsoft.CodeAnalysis.CSharp.dll	heap	direct	cold	417.3	1441520	ba802a6cd20f1230be4dd4b3f89c55637c31eeeee8484e3473a0c55837ab8373	4096	True	16919271
roslyn	before	3	536.8	Microsoft.CodeAnalysis.CSharp	4.11.0	net8.0	compile:lib/net8.0/Microsoft.CodeAnalysis.CSharp.dll	heap	direct	warm	102.2	1441520	ba802a6cd20f1230be4dd4b3f89c55637c31eeeee8484e3473a0c55837ab8373	4096	True	16919271
roslyn	after	3	623.6	Microsoft.CodeAnalysis.CSharp	4.11.0	net8.0	compile:lib/net8.0/Microsoft.CodeAnalysis.CSharp.dll	heap	direct	cold	512.4	1441520	ba802a6cd20f1230be4dd4b3f89c55637c31eeeee8484e3473a0c55837ab8373	4096	True	12593086
roslyn	after	3	623.6	Microsoft.CodeAnalysis.CSharp	4.11.0	net8.0	compile:lib/net8.0/Microsoft.CodeAnalysis.CSharp.dll	heap	direct	warm	95.0	1441520	ba802a6cd20f1230be4dd4b3f89c55637c31eeeee8484e3473a0c55837ab8373	4096	True	12593086
roslyn	before	3	920.1	Microsoft.CodeAnalysis.CSharp	4.11.0	net8.0	compile:lib/net8.0/Microsoft.CodeAnalysis.CSharp.dll	heap	summary	cold	796.4	1441520	ba802a6cd20f1230be4dd4b3f89c55637c31eeeee8484e3473a0c55837ab8373	4096	True	29512357
roslyn	before	3	920.1	Microsoft.CodeAnalysis.CSharp	4.11.0	net8.0	compile:lib/net8.0/Microsoft.CodeAnalysis.CSharp.dll	heap	summary	warm	103.4	1441520	ba802a6cd20f1230be4dd4b3f89c55637c31eeeee8484e3473a0c55837ab8373	4096	True	29512357
roslyn	after	3	664.3	Microsoft.CodeAnalysis.CSharp	4.11.0	net8.0	compile:lib/net8.0/Microsoft.CodeAnalysis.CSharp.dll	heap	summary	cold	545.2	1441520	ba802a6cd20f1230be4dd4b3f89c55637c31eeeee8484e3473a0c55837ab8373	4096	True	12593086
roslyn	after	3	664.3	Microsoft.CodeAnalysis.CSharp	4.11.0	net8.0	compile:lib/net8.0/Microsoft.CodeAnalysis.CSharp.dll	heap	summary	warm	101.6	1441520	ba802a6cd20f1230be4dd4b3f89c55637c31eeeee8484e3473a0c55837ab8373	4096	True	12593086
dapper	before	3	137.0	Dapper	2.1.66	net8.0	compile:lib/net8.0/Dapper.dll	overview	direct	cold	126.9	2753	bfbac0a4f62b4f77d4dc5c0e99690153e6c20db45deb20c638bce191406309e5	1	True	437579
dapper	before	3	137.0	Dapper	2.1.66	net8.0	compile:lib/net8.0/Dapper.dll	overview	direct	warm	0.1	2753	bfbac0a4f62b4f77d4dc5c0e99690153e6c20db45deb20c638bce191406309e5	1	True	437579
dapper	after	3	126.5	Dapper	2.1.66	net8.0	compile:lib/net8.0/Dapper.dll	overview	direct	cold	116.1	2753	bfbac0a4f62b4f77d4dc5c0e99690153e6c20db45deb20c638bce191406309e5	1	True	437579
dapper	after	3	126.5	Dapper	2.1.66	net8.0	compile:lib/net8.0/Dapper.dll	overview	direct	warm	0.4	2753	bfbac0a4f62b4f77d4dc5c0e99690153e6c20db45deb20c638bce191406309e5	1	True	437579
dapper	before	3	126.7	Dapper	2.1.66	net8.0	compile:lib/net8.0/Dapper.dll	overview	summary	cold	117.3	2753	bfbac0a4f62b4f77d4dc5c0e99690153e6c20db45deb20c638bce191406309e5	1	True	437579
dapper	before	3	126.7	Dapper	2.1.66	net8.0	compile:lib/net8.0/Dapper.dll	overview	summary	warm	0.4	2753	bfbac0a4f62b4f77d4dc5c0e99690153e6c20db45deb20c638bce191406309e5	1	True	437579
dapper	after	3	134.6	Dapper	2.1.66	net8.0	compile:lib/net8.0/Dapper.dll	overview	summary	cold	125.1	2753	bfbac0a4f62b4f77d4dc5c0e99690153e6c20db45deb20c638bce191406309e5	1	True	437579
dapper	after	3	134.6	Dapper	2.1.66	net8.0	compile:lib/net8.0/Dapper.dll	overview	summary	warm	0.4	2753	bfbac0a4f62b4f77d4dc5c0e99690153e6c20db45deb20c638bce191406309e5	1	True	437579
dapper	before	3	128.7	Dapper	2.1.66	net8.0	compile:lib/net8.0/Dapper.dll	table	direct	cold	119.3	18107	d7a04943bb3b17a017cf67b99b9e0f6a740b8430c6e4ba1bd5cf6dd83b66ffdd	10	True	437579
dapper	before	3	128.7	Dapper	2.1.66	net8.0	compile:lib/net8.0/Dapper.dll	table	direct	warm	0.2	18107	d7a04943bb3b17a017cf67b99b9e0f6a740b8430c6e4ba1bd5cf6dd83b66ffdd	10	True	437579
dapper	after	3	131.3	Dapper	2.1.66	net8.0	compile:lib/net8.0/Dapper.dll	table	direct	cold	122.4	18107	d7a04943bb3b17a017cf67b99b9e0f6a740b8430c6e4ba1bd5cf6dd83b66ffdd	10	True	437579
dapper	after	3	131.3	Dapper	2.1.66	net8.0	compile:lib/net8.0/Dapper.dll	table	direct	warm	0.3	18107	d7a04943bb3b17a017cf67b99b9e0f6a740b8430c6e4ba1bd5cf6dd83b66ffdd	10	True	437579
dapper	before	3	120.8	Dapper	2.1.66	net8.0	compile:lib/net8.0/Dapper.dll	table	summary	cold	111.9	18107	d7a04943bb3b17a017cf67b99b9e0f6a740b8430c6e4ba1bd5cf6dd83b66ffdd	10	True	437579
dapper	before	3	120.8	Dapper	2.1.66	net8.0	compile:lib/net8.0/Dapper.dll	table	summary	warm	0.4	18107	d7a04943bb3b17a017cf67b99b9e0f6a740b8430c6e4ba1bd5cf6dd83b66ffdd	10	True	437579
dapper	after	3	110.5	Dapper	2.1.66	net8.0	compile:lib/net8.0/Dapper.dll	table	summary	cold	101.0	18107	d7a04943bb3b17a017cf67b99b9e0f6a740b8430c6e4ba1bd5cf6dd83b66ffdd	10	True	437579
dapper	after	3	110.5	Dapper	2.1.66	net8.0	compile:lib/net8.0/Dapper.dll	table	summary	warm	0.4	18107	d7a04943bb3b17a017cf67b99b9e0f6a740b8430c6e4ba1bd5cf6dd83b66ffdd	10	True	437579
dapper	before	3	171.4	Dapper	2.1.66	net8.0	compile:lib/net8.0/Dapper.dll	heap	direct	cold	146.6	557938	84822eb910e88a38709ee5a39c65934cef43c8fe689cd09bb43390dad357f444	1669	True	437579
dapper	before	3	171.4	Dapper	2.1.66	net8.0	compile:lib/net8.0/Dapper.dll	heap	direct	warm	12.8	557938	84822eb910e88a38709ee5a39c65934cef43c8fe689cd09bb43390dad357f444	1669	True	437579
dapper	after	3	169.1	Dapper	2.1.66	net8.0	compile:lib/net8.0/Dapper.dll	heap	direct	cold	146.2	557938	84822eb910e88a38709ee5a39c65934cef43c8fe689cd09bb43390dad357f444	1669	True	437579
dapper	after	3	169.1	Dapper	2.1.66	net8.0	compile:lib/net8.0/Dapper.dll	heap	direct	warm	10.9	557938	84822eb910e88a38709ee5a39c65934cef43c8fe689cd09bb43390dad357f444	1669	True	437579
dapper	before	3	149.8	Dapper	2.1.66	net8.0	compile:lib/net8.0/Dapper.dll	heap	summary	cold	128.8	557938	84822eb910e88a38709ee5a39c65934cef43c8fe689cd09bb43390dad357f444	1669	True	437579
dapper	before	3	149.8	Dapper	2.1.66	net8.0	compile:lib/net8.0/Dapper.dll	heap	summary	warm	10.8	557938	84822eb910e88a38709ee5a39c65934cef43c8fe689cd09bb43390dad357f444	1669	True	437579
dapper	after	3	161.7	Dapper	2.1.66	net8.0	compile:lib/net8.0/Dapper.dll	heap	summary	cold	139.9	557938	84822eb910e88a38709ee5a39c65934cef43c8fe689cd09bb43390dad357f444	1669	True	437579
dapper	after	3	161.7	Dapper	2.1.66	net8.0	compile:lib/net8.0/Dapper.dll	heap	summary	warm	10.5	557938	84822eb910e88a38709ee5a39c65934cef43c8fe689cd09bb43390dad357f444	1669	True	437579
zero	before	3	85.2	Microsoft.NETCore.Platforms	7.0.0	net8.0	None	overview	direct	cold	76.2	161	6cd9270fddfbb980e1dbe13b3c286b16df358360aaace5bbc9657627f756123a	0	False	48954
zero	before	3	85.2	Microsoft.NETCore.Platforms	7.0.0	net8.0	None	overview	direct	warm	0.1	161	6cd9270fddfbb980e1dbe13b3c286b16df358360aaace5bbc9657627f756123a	0	False	48954
zero	after	3	78.3	Microsoft.NETCore.Platforms	7.0.0	net8.0	None	overview	direct	cold	69.7	161	6cd9270fddfbb980e1dbe13b3c286b16df358360aaace5bbc9657627f756123a	0	False	48954
zero	after	3	78.3	Microsoft.NETCore.Platforms	7.0.0	net8.0	None	overview	direct	warm	0.1	161	6cd9270fddfbb980e1dbe13b3c286b16df358360aaace5bbc9657627f756123a	0	False	48954
zero	before	3	84.0	Microsoft.NETCore.Platforms	7.0.0	net8.0	None	overview	summary	cold	74.0	161	6cd9270fddfbb980e1dbe13b3c286b16df358360aaace5bbc9657627f756123a	0	False	48954
zero	before	3	84.0	Microsoft.NETCore.Platforms	7.0.0	net8.0	None	overview	summary	warm	0.1	161	6cd9270fddfbb980e1dbe13b3c286b16df358360aaace5bbc9657627f756123a	0	False	48954
zero	after	3	82.4	Microsoft.NETCore.Platforms	7.0.0	net8.0	None	overview	summary	cold	73.0	161	6cd9270fddfbb980e1dbe13b3c286b16df358360aaace5bbc9657627f756123a	0	False	48954
zero	after	3	82.4	Microsoft.NETCore.Platforms	7.0.0	net8.0	None	overview	summary	warm	0.3	161	6cd9270fddfbb980e1dbe13b3c286b16df358360aaace5bbc9657627f756123a	0	False	48954
avalonia-base	after	4	390.2	Avalonia	12.1.2	net10.0	compile:ref/net10.0/Avalonia.Base.dll	overview	direct	cold	378.9	3135	52ceaa30a35d424e014e44fb0b10a88380c72c7eaf5848eb41eb1b43e51fbff9	1	True	16475372
avalonia-base	after	4	390.2	Avalonia	12.1.2	net10.0	compile:ref/net10.0/Avalonia.Base.dll	overview	direct	warm	0.3	3135	52ceaa30a35d424e014e44fb0b10a88380c72c7eaf5848eb41eb1b43e51fbff9	1	True	16475372
avalonia-base	before	4	328.6	Avalonia	12.1.2	net10.0	compile:ref/net10.0/Avalonia.Base.dll	overview	direct	cold	316.8	3135	52ceaa30a35d424e014e44fb0b10a88380c72c7eaf5848eb41eb1b43e51fbff9	1	True	10143223
avalonia-base	before	4	328.6	Avalonia	12.1.2	net10.0	compile:ref/net10.0/Avalonia.Base.dll	overview	direct	warm	0.5	3135	52ceaa30a35d424e014e44fb0b10a88380c72c7eaf5848eb41eb1b43e51fbff9	1	True	10143223
avalonia-base	after	4	401.3	Avalonia	12.1.2	net10.0	compile:ref/net10.0/Avalonia.Base.dll	overview	summary	cold	389.3	3135	52ceaa30a35d424e014e44fb0b10a88380c72c7eaf5848eb41eb1b43e51fbff9	1	True	16475372
avalonia-base	after	4	401.3	Avalonia	12.1.2	net10.0	compile:ref/net10.0/Avalonia.Base.dll	overview	summary	warm	0.6	3135	52ceaa30a35d424e014e44fb0b10a88380c72c7eaf5848eb41eb1b43e51fbff9	1	True	16475372
avalonia-base	before	4	592.6	Avalonia	12.1.2	net10.0	compile:ref/net10.0/Avalonia.Base.dll	overview	summary	cold	580.0	3135	52ceaa30a35d424e014e44fb0b10a88380c72c7eaf5848eb41eb1b43e51fbff9	1	True	26618595
avalonia-base	before	4	592.6	Avalonia	12.1.2	net10.0	compile:ref/net10.0/Avalonia.Base.dll	overview	summary	warm	0.5	3135	52ceaa30a35d424e014e44fb0b10a88380c72c7eaf5848eb41eb1b43e51fbff9	1	True	26618595
avalonia-base	after	4	436.4	Avalonia	12.1.2	net10.0	compile:ref/net10.0/Avalonia.Base.dll	table	direct	cold	424.7	16889	e769a537a7d3fd461bce89d4077e55815f7122de2788e0a38e10e25fcc3c830e	10	True	16475372
avalonia-base	after	4	436.4	Avalonia	12.1.2	net10.0	compile:ref/net10.0/Avalonia.Base.dll	table	direct	warm	0.2	16889	e769a537a7d3fd461bce89d4077e55815f7122de2788e0a38e10e25fcc3c830e	10	True	16475372
avalonia-base	before	4	316.9	Avalonia	12.1.2	net10.0	compile:ref/net10.0/Avalonia.Base.dll	table	direct	cold	306.6	16889	e769a537a7d3fd461bce89d4077e55815f7122de2788e0a38e10e25fcc3c830e	10	True	10143223
avalonia-base	before	4	316.9	Avalonia	12.1.2	net10.0	compile:ref/net10.0/Avalonia.Base.dll	table	direct	warm	0.2	16889	e769a537a7d3fd461bce89d4077e55815f7122de2788e0a38e10e25fcc3c830e	10	True	10143223
avalonia-base	after	4	653.0	Avalonia	12.1.2	net10.0	compile:ref/net10.0/Avalonia.Base.dll	table	summary	cold	642.1	16889	e769a537a7d3fd461bce89d4077e55815f7122de2788e0a38e10e25fcc3c830e	10	True	16475372
avalonia-base	after	4	653.0	Avalonia	12.1.2	net10.0	compile:ref/net10.0/Avalonia.Base.dll	table	summary	warm	0.3	16889	e769a537a7d3fd461bce89d4077e55815f7122de2788e0a38e10e25fcc3c830e	10	True	16475372
avalonia-base	before	4	626.3	Avalonia	12.1.2	net10.0	compile:ref/net10.0/Avalonia.Base.dll	table	summary	cold	614.3	16889	e769a537a7d3fd461bce89d4077e55815f7122de2788e0a38e10e25fcc3c830e	10	True	26618595
avalonia-base	before	4	626.3	Avalonia	12.1.2	net10.0	compile:ref/net10.0/Avalonia.Base.dll	table	summary	warm	0.4	16889	e769a537a7d3fd461bce89d4077e55815f7122de2788e0a38e10e25fcc3c830e	10	True	26618595
avalonia-base	after	4	608.0	Avalonia	12.1.2	net10.0	compile:ref/net10.0/Avalonia.Base.dll	heap	direct	cold	512.3	1374275	4d0f1c7a56de27b12cc592994a4216db7b3587f692d604a76c1f1b2f7fd4543f	4096	True	16475372
avalonia-base	after	4	608.0	Avalonia	12.1.2	net10.0	compile:ref/net10.0/Avalonia.Base.dll	heap	direct	warm	81.8	1374275	4d0f1c7a56de27b12cc592994a4216db7b3587f692d604a76c1f1b2f7fd4543f	4096	True	16475372
avalonia-base	before	4	465.5	Avalonia	12.1.2	net10.0	compile:ref/net10.0/Avalonia.Base.dll	heap	direct	cold	367.1	1374275	4d0f1c7a56de27b12cc592994a4216db7b3587f692d604a76c1f1b2f7fd4543f	4096	True	10143223
avalonia-base	before	4	465.5	Avalonia	12.1.2	net10.0	compile:ref/net10.0/Avalonia.Base.dll	heap	direct	warm	83.2	1374275	4d0f1c7a56de27b12cc592994a4216db7b3587f692d604a76c1f1b2f7fd4543f	4096	True	10143223
avalonia-base	after	4	628.4	Avalonia	12.1.2	net10.0	compile:ref/net10.0/Avalonia.Base.dll	heap	summary	cold	515.6	1374275	4d0f1c7a56de27b12cc592994a4216db7b3587f692d604a76c1f1b2f7fd4543f	4096	True	16475372
avalonia-base	after	4	628.4	Avalonia	12.1.2	net10.0	compile:ref/net10.0/Avalonia.Base.dll	heap	summary	warm	96.5	1374275	4d0f1c7a56de27b12cc592994a4216db7b3587f692d604a76c1f1b2f7fd4543f	4096	True	16475372
avalonia-base	before	4	924.1	Avalonia	12.1.2	net10.0	compile:ref/net10.0/Avalonia.Base.dll	heap	summary	cold	827.3	1374275	4d0f1c7a56de27b12cc592994a4216db7b3587f692d604a76c1f1b2f7fd4543f	4096	True	26618595
avalonia-base	before	4	924.1	Avalonia	12.1.2	net10.0	compile:ref/net10.0/Avalonia.Base.dll	heap	summary	warm	80.4	1374275	4d0f1c7a56de27b12cc592994a4216db7b3587f692d604a76c1f1b2f7fd4543f	4096	True	26618595
roslyn	after	4	410.4	Microsoft.CodeAnalysis.CSharp	4.11.0	net8.0	compile:lib/net8.0/Microsoft.CodeAnalysis.CSharp.dll	overview	direct	cold	397.1	2907	9a9bdd04bcbade15fb8de8672498a362d0ab2e3005e1f98001c92e92953a5371	1	True	12593086
roslyn	after	4	410.4	Microsoft.CodeAnalysis.CSharp	4.11.0	net8.0	compile:lib/net8.0/Microsoft.CodeAnalysis.CSharp.dll	overview	direct	warm	0.7	2907	9a9bdd04bcbade15fb8de8672498a362d0ab2e3005e1f98001c92e92953a5371	1	True	12593086
roslyn	before	4	360.0	Microsoft.CodeAnalysis.CSharp	4.11.0	net8.0	compile:lib/net8.0/Microsoft.CodeAnalysis.CSharp.dll	overview	direct	cold	352.1	2907	9a9bdd04bcbade15fb8de8672498a362d0ab2e3005e1f98001c92e92953a5371	1	True	16919271
roslyn	before	4	360.0	Microsoft.CodeAnalysis.CSharp	4.11.0	net8.0	compile:lib/net8.0/Microsoft.CodeAnalysis.CSharp.dll	overview	direct	warm	0.7	2907	9a9bdd04bcbade15fb8de8672498a362d0ab2e3005e1f98001c92e92953a5371	1	True	16919271
roslyn	after	4	429.1	Microsoft.CodeAnalysis.CSharp	4.11.0	net8.0	compile:lib/net8.0/Microsoft.CodeAnalysis.CSharp.dll	overview	summary	cold	416.3	2907	9a9bdd04bcbade15fb8de8672498a362d0ab2e3005e1f98001c92e92953a5371	1	True	12593086
roslyn	after	4	429.1	Microsoft.CodeAnalysis.CSharp	4.11.0	net8.0	compile:lib/net8.0/Microsoft.CodeAnalysis.CSharp.dll	overview	summary	warm	0.9	2907	9a9bdd04bcbade15fb8de8672498a362d0ab2e3005e1f98001c92e92953a5371	1	True	12593086
roslyn	before	4	607.2	Microsoft.CodeAnalysis.CSharp	4.11.0	net8.0	compile:lib/net8.0/Microsoft.CodeAnalysis.CSharp.dll	overview	summary	cold	593.7	2907	9a9bdd04bcbade15fb8de8672498a362d0ab2e3005e1f98001c92e92953a5371	1	True	29512357
roslyn	before	4	607.2	Microsoft.CodeAnalysis.CSharp	4.11.0	net8.0	compile:lib/net8.0/Microsoft.CodeAnalysis.CSharp.dll	overview	summary	warm	0.5	2907	9a9bdd04bcbade15fb8de8672498a362d0ab2e3005e1f98001c92e92953a5371	1	True	29512357
roslyn	after	4	390.8	Microsoft.CodeAnalysis.CSharp	4.11.0	net8.0	compile:lib/net8.0/Microsoft.CodeAnalysis.CSharp.dll	table	direct	cold	378.9	17371	3114c16b6a5668eb7bcb11d265a20c4e8b919541c537ba5e8566b6fb7399f9ea	10	True	12593086
roslyn	after	4	390.8	Microsoft.CodeAnalysis.CSharp	4.11.0	net8.0	compile:lib/net8.0/Microsoft.CodeAnalysis.CSharp.dll	table	direct	warm	0.3	17371	3114c16b6a5668eb7bcb11d265a20c4e8b919541c537ba5e8566b6fb7399f9ea	10	True	12593086
roslyn	before	4	420.8	Microsoft.CodeAnalysis.CSharp	4.11.0	net8.0	compile:lib/net8.0/Microsoft.CodeAnalysis.CSharp.dll	table	direct	cold	409.1	17371	3114c16b6a5668eb7bcb11d265a20c4e8b919541c537ba5e8566b6fb7399f9ea	10	True	16919271
roslyn	before	4	420.8	Microsoft.CodeAnalysis.CSharp	4.11.0	net8.0	compile:lib/net8.0/Microsoft.CodeAnalysis.CSharp.dll	table	direct	warm	0.2	17371	3114c16b6a5668eb7bcb11d265a20c4e8b919541c537ba5e8566b6fb7399f9ea	10	True	16919271
roslyn	after	4	378.5	Microsoft.CodeAnalysis.CSharp	4.11.0	net8.0	compile:lib/net8.0/Microsoft.CodeAnalysis.CSharp.dll	table	summary	cold	366.0	17371	3114c16b6a5668eb7bcb11d265a20c4e8b919541c537ba5e8566b6fb7399f9ea	10	True	12593086
roslyn	after	4	378.5	Microsoft.CodeAnalysis.CSharp	4.11.0	net8.0	compile:lib/net8.0/Microsoft.CodeAnalysis.CSharp.dll	table	summary	warm	0.3	17371	3114c16b6a5668eb7bcb11d265a20c4e8b919541c537ba5e8566b6fb7399f9ea	10	True	12593086
roslyn	before	4	546.3	Microsoft.CodeAnalysis.CSharp	4.11.0	net8.0	compile:lib/net8.0/Microsoft.CodeAnalysis.CSharp.dll	table	summary	cold	533.1	17371	3114c16b6a5668eb7bcb11d265a20c4e8b919541c537ba5e8566b6fb7399f9ea	10	True	29512357
roslyn	before	4	546.3	Microsoft.CodeAnalysis.CSharp	4.11.0	net8.0	compile:lib/net8.0/Microsoft.CodeAnalysis.CSharp.dll	table	summary	warm	0.4	17371	3114c16b6a5668eb7bcb11d265a20c4e8b919541c537ba5e8566b6fb7399f9ea	10	True	29512357
roslyn	after	4	564.3	Microsoft.CodeAnalysis.CSharp	4.11.0	net8.0	compile:lib/net8.0/Microsoft.CodeAnalysis.CSharp.dll	heap	direct	cold	447.4	1441520	ba802a6cd20f1230be4dd4b3f89c55637c31eeeee8484e3473a0c55837ab8373	4096	True	12593086
roslyn	after	4	564.3	Microsoft.CodeAnalysis.CSharp	4.11.0	net8.0	compile:lib/net8.0/Microsoft.CodeAnalysis.CSharp.dll	heap	direct	warm	101.4	1441520	ba802a6cd20f1230be4dd4b3f89c55637c31eeeee8484e3473a0c55837ab8373	4096	True	12593086
roslyn	before	4	517.5	Microsoft.CodeAnalysis.CSharp	4.11.0	net8.0	compile:lib/net8.0/Microsoft.CodeAnalysis.CSharp.dll	heap	direct	cold	412.0	1441520	ba802a6cd20f1230be4dd4b3f89c55637c31eeeee8484e3473a0c55837ab8373	4096	True	16919271
roslyn	before	4	517.5	Microsoft.CodeAnalysis.CSharp	4.11.0	net8.0	compile:lib/net8.0/Microsoft.CodeAnalysis.CSharp.dll	heap	direct	warm	90.8	1441520	ba802a6cd20f1230be4dd4b3f89c55637c31eeeee8484e3473a0c55837ab8373	4096	True	16919271
roslyn	after	4	604.1	Microsoft.CodeAnalysis.CSharp	4.11.0	net8.0	compile:lib/net8.0/Microsoft.CodeAnalysis.CSharp.dll	heap	summary	cold	489.5	1441520	ba802a6cd20f1230be4dd4b3f89c55637c31eeeee8484e3473a0c55837ab8373	4096	True	12593086
roslyn	after	4	604.1	Microsoft.CodeAnalysis.CSharp	4.11.0	net8.0	compile:lib/net8.0/Microsoft.CodeAnalysis.CSharp.dll	heap	summary	warm	99.1	1441520	ba802a6cd20f1230be4dd4b3f89c55637c31eeeee8484e3473a0c55837ab8373	4096	True	12593086
roslyn	before	4	777.7	Microsoft.CodeAnalysis.CSharp	4.11.0	net8.0	compile:lib/net8.0/Microsoft.CodeAnalysis.CSharp.dll	heap	summary	cold	663.2	1441520	ba802a6cd20f1230be4dd4b3f89c55637c31eeeee8484e3473a0c55837ab8373	4096	True	29512357
roslyn	before	4	777.7	Microsoft.CodeAnalysis.CSharp	4.11.0	net8.0	compile:lib/net8.0/Microsoft.CodeAnalysis.CSharp.dll	heap	summary	warm	96.7	1441520	ba802a6cd20f1230be4dd4b3f89c55637c31eeeee8484e3473a0c55837ab8373	4096	True	29512357
dapper	after	4	123.7	Dapper	2.1.66	net8.0	compile:lib/net8.0/Dapper.dll	overview	direct	cold	114.7	2753	bfbac0a4f62b4f77d4dc5c0e99690153e6c20db45deb20c638bce191406309e5	1	True	437579
dapper	after	4	123.7	Dapper	2.1.66	net8.0	compile:lib/net8.0/Dapper.dll	overview	direct	warm	0.3	2753	bfbac0a4f62b4f77d4dc5c0e99690153e6c20db45deb20c638bce191406309e5	1	True	437579
dapper	before	4	129.0	Dapper	2.1.66	net8.0	compile:lib/net8.0/Dapper.dll	overview	direct	cold	120.2	2753	bfbac0a4f62b4f77d4dc5c0e99690153e6c20db45deb20c638bce191406309e5	1	True	437579
dapper	before	4	129.0	Dapper	2.1.66	net8.0	compile:lib/net8.0/Dapper.dll	overview	direct	warm	0.1	2753	bfbac0a4f62b4f77d4dc5c0e99690153e6c20db45deb20c638bce191406309e5	1	True	437579
dapper	after	4	130.1	Dapper	2.1.66	net8.0	compile:lib/net8.0/Dapper.dll	overview	summary	cold	121.3	2753	bfbac0a4f62b4f77d4dc5c0e99690153e6c20db45deb20c638bce191406309e5	1	True	437579
dapper	after	4	130.1	Dapper	2.1.66	net8.0	compile:lib/net8.0/Dapper.dll	overview	summary	warm	0.3	2753	bfbac0a4f62b4f77d4dc5c0e99690153e6c20db45deb20c638bce191406309e5	1	True	437579
dapper	before	4	122.0	Dapper	2.1.66	net8.0	compile:lib/net8.0/Dapper.dll	overview	summary	cold	112.9	2753	bfbac0a4f62b4f77d4dc5c0e99690153e6c20db45deb20c638bce191406309e5	1	True	437579
dapper	before	4	122.0	Dapper	2.1.66	net8.0	compile:lib/net8.0/Dapper.dll	overview	summary	warm	0.3	2753	bfbac0a4f62b4f77d4dc5c0e99690153e6c20db45deb20c638bce191406309e5	1	True	437579
dapper	after	4	127.5	Dapper	2.1.66	net8.0	compile:lib/net8.0/Dapper.dll	table	direct	cold	118.4	18107	d7a04943bb3b17a017cf67b99b9e0f6a740b8430c6e4ba1bd5cf6dd83b66ffdd	10	True	437579
dapper	after	4	127.5	Dapper	2.1.66	net8.0	compile:lib/net8.0/Dapper.dll	table	direct	warm	0.3	18107	d7a04943bb3b17a017cf67b99b9e0f6a740b8430c6e4ba1bd5cf6dd83b66ffdd	10	True	437579
dapper	before	4	141.1	Dapper	2.1.66	net8.0	compile:lib/net8.0/Dapper.dll	table	direct	cold	132.1	18107	d7a04943bb3b17a017cf67b99b9e0f6a740b8430c6e4ba1bd5cf6dd83b66ffdd	10	True	437579
dapper	before	4	141.1	Dapper	2.1.66	net8.0	compile:lib/net8.0/Dapper.dll	table	direct	warm	0.2	18107	d7a04943bb3b17a017cf67b99b9e0f6a740b8430c6e4ba1bd5cf6dd83b66ffdd	10	True	437579
dapper	after	4	117.4	Dapper	2.1.66	net8.0	compile:lib/net8.0/Dapper.dll	table	summary	cold	107.0	18107	d7a04943bb3b17a017cf67b99b9e0f6a740b8430c6e4ba1bd5cf6dd83b66ffdd	10	True	437579
dapper	after	4	117.4	Dapper	2.1.66	net8.0	compile:lib/net8.0/Dapper.dll	table	summary	warm	0.5	18107	d7a04943bb3b17a017cf67b99b9e0f6a740b8430c6e4ba1bd5cf6dd83b66ffdd	10	True	437579
dapper	before	4	140.9	Dapper	2.1.66	net8.0	compile:lib/net8.0/Dapper.dll	table	summary	cold	131.1	18107	d7a04943bb3b17a017cf67b99b9e0f6a740b8430c6e4ba1bd5cf6dd83b66ffdd	10	True	437579
dapper	before	4	140.9	Dapper	2.1.66	net8.0	compile:lib/net8.0/Dapper.dll	table	summary	warm	0.5	18107	d7a04943bb3b17a017cf67b99b9e0f6a740b8430c6e4ba1bd5cf6dd83b66ffdd	10	True	437579
dapper	after	4	147.8	Dapper	2.1.66	net8.0	compile:lib/net8.0/Dapper.dll	heap	direct	cold	124.4	557938	84822eb910e88a38709ee5a39c65934cef43c8fe689cd09bb43390dad357f444	1669	True	437579
dapper	after	4	147.8	Dapper	2.1.66	net8.0	compile:lib/net8.0/Dapper.dll	heap	direct	warm	12.0	557938	84822eb910e88a38709ee5a39c65934cef43c8fe689cd09bb43390dad357f444	1669	True	437579
dapper	before	4	167.5	Dapper	2.1.66	net8.0	compile:lib/net8.0/Dapper.dll	heap	direct	cold	145.6	557938	84822eb910e88a38709ee5a39c65934cef43c8fe689cd09bb43390dad357f444	1669	True	437579
dapper	before	4	167.5	Dapper	2.1.66	net8.0	compile:lib/net8.0/Dapper.dll	heap	direct	warm	10.4	557938	84822eb910e88a38709ee5a39c65934cef43c8fe689cd09bb43390dad357f444	1669	True	437579
dapper	after	4	154.4	Dapper	2.1.66	net8.0	compile:lib/net8.0/Dapper.dll	heap	summary	cold	133.1	557938	84822eb910e88a38709ee5a39c65934cef43c8fe689cd09bb43390dad357f444	1669	True	437579
dapper	after	4	154.4	Dapper	2.1.66	net8.0	compile:lib/net8.0/Dapper.dll	heap	summary	warm	10.5	557938	84822eb910e88a38709ee5a39c65934cef43c8fe689cd09bb43390dad357f444	1669	True	437579
dapper	before	4	175.8	Dapper	2.1.66	net8.0	compile:lib/net8.0/Dapper.dll	heap	summary	cold	152.9	557938	84822eb910e88a38709ee5a39c65934cef43c8fe689cd09bb43390dad357f444	1669	True	437579
dapper	before	4	175.8	Dapper	2.1.66	net8.0	compile:lib/net8.0/Dapper.dll	heap	summary	warm	11.2	557938	84822eb910e88a38709ee5a39c65934cef43c8fe689cd09bb43390dad357f444	1669	True	437579
zero	after	4	79.6	Microsoft.NETCore.Platforms	7.0.0	net8.0	None	overview	direct	cold	71.3	161	6cd9270fddfbb980e1dbe13b3c286b16df358360aaace5bbc9657627f756123a	0	False	48954
zero	after	4	79.6	Microsoft.NETCore.Platforms	7.0.0	net8.0	None	overview	direct	warm	0.1	161	6cd9270fddfbb980e1dbe13b3c286b16df358360aaace5bbc9657627f756123a	0	False	48954
zero	before	4	81.2	Microsoft.NETCore.Platforms	7.0.0	net8.0	None	overview	direct	cold	72.1	161	6cd9270fddfbb980e1dbe13b3c286b16df358360aaace5bbc9657627f756123a	0	False	48954
zero	before	4	81.2	Microsoft.NETCore.Platforms	7.0.0	net8.0	None	overview	direct	warm	0.1	161	6cd9270fddfbb980e1dbe13b3c286b16df358360aaace5bbc9657627f756123a	0	False	48954
zero	after	4	82.6	Microsoft.NETCore.Platforms	7.0.0	net8.0	None	overview	summary	cold	73.5	161	6cd9270fddfbb980e1dbe13b3c286b16df358360aaace5bbc9657627f756123a	0	False	48954
zero	after	4	82.6	Microsoft.NETCore.Platforms	7.0.0	net8.0	None	overview	summary	warm	0.3	161	6cd9270fddfbb980e1dbe13b3c286b16df358360aaace5bbc9657627f756123a	0	False	48954
zero	before	4	80.3	Microsoft.NETCore.Platforms	7.0.0	net8.0	None	overview	summary	cold	70.1	161	6cd9270fddfbb980e1dbe13b3c286b16df358360aaace5bbc9657627f756123a	0	False	48954
zero	before	4	80.3	Microsoft.NETCore.Platforms	7.0.0	net8.0	None	overview	summary	warm	0.2	161	6cd9270fddfbb980e1dbe13b3c286b16df358360aaace5bbc9657627f756123a	0	False	48954
avalonia-base	before	5	267.2	Avalonia	12.1.2	net10.0	compile:ref/net10.0/Avalonia.Base.dll	overview	direct	cold	256.3	3135	52ceaa30a35d424e014e44fb0b10a88380c72c7eaf5848eb41eb1b43e51fbff9	1	True	10143223
avalonia-base	before	5	267.2	Avalonia	12.1.2	net10.0	compile:ref/net10.0/Avalonia.Base.dll	overview	direct	warm	0.4	3135	52ceaa30a35d424e014e44fb0b10a88380c72c7eaf5848eb41eb1b43e51fbff9	1	True	10143223
avalonia-base	after	5	376.0	Avalonia	12.1.2	net10.0	compile:ref/net10.0/Avalonia.Base.dll	overview	direct	cold	364.1	3135	52ceaa30a35d424e014e44fb0b10a88380c72c7eaf5848eb41eb1b43e51fbff9	1	True	16475372
avalonia-base	after	5	376.0	Avalonia	12.1.2	net10.0	compile:ref/net10.0/Avalonia.Base.dll	overview	direct	warm	0.3	3135	52ceaa30a35d424e014e44fb0b10a88380c72c7eaf5848eb41eb1b43e51fbff9	1	True	16475372
avalonia-base	before	5	573.8	Avalonia	12.1.2	net10.0	compile:ref/net10.0/Avalonia.Base.dll	overview	summary	cold	561.0	3135	52ceaa30a35d424e014e44fb0b10a88380c72c7eaf5848eb41eb1b43e51fbff9	1	True	26618595
avalonia-base	before	5	573.8	Avalonia	12.1.2	net10.0	compile:ref/net10.0/Avalonia.Base.dll	overview	summary	warm	0.6	3135	52ceaa30a35d424e014e44fb0b10a88380c72c7eaf5848eb41eb1b43e51fbff9	1	True	26618595
avalonia-base	after	5	390.2	Avalonia	12.1.2	net10.0	compile:ref/net10.0/Avalonia.Base.dll	overview	summary	cold	378.1	3135	52ceaa30a35d424e014e44fb0b10a88380c72c7eaf5848eb41eb1b43e51fbff9	1	True	16475372
avalonia-base	after	5	390.2	Avalonia	12.1.2	net10.0	compile:ref/net10.0/Avalonia.Base.dll	overview	summary	warm	0.5	3135	52ceaa30a35d424e014e44fb0b10a88380c72c7eaf5848eb41eb1b43e51fbff9	1	True	16475372
avalonia-base	before	5	301.2	Avalonia	12.1.2	net10.0	compile:ref/net10.0/Avalonia.Base.dll	table	direct	cold	292.5	16889	e769a537a7d3fd461bce89d4077e55815f7122de2788e0a38e10e25fcc3c830e	10	True	10143223
avalonia-base	before	5	301.2	Avalonia	12.1.2	net10.0	compile:ref/net10.0/Avalonia.Base.dll	table	direct	warm	0.4	16889	e769a537a7d3fd461bce89d4077e55815f7122de2788e0a38e10e25fcc3c830e	10	True	10143223
avalonia-base	after	5	442.7	Avalonia	12.1.2	net10.0	compile:ref/net10.0/Avalonia.Base.dll	table	direct	cold	431.3	16889	e769a537a7d3fd461bce89d4077e55815f7122de2788e0a38e10e25fcc3c830e	10	True	16475372
avalonia-base	after	5	442.7	Avalonia	12.1.2	net10.0	compile:ref/net10.0/Avalonia.Base.dll	table	direct	warm	0.2	16889	e769a537a7d3fd461bce89d4077e55815f7122de2788e0a38e10e25fcc3c830e	10	True	16475372
avalonia-base	before	5	633.5	Avalonia	12.1.2	net10.0	compile:ref/net10.0/Avalonia.Base.dll	table	summary	cold	622.8	16889	e769a537a7d3fd461bce89d4077e55815f7122de2788e0a38e10e25fcc3c830e	10	True	26618595
avalonia-base	before	5	633.5	Avalonia	12.1.2	net10.0	compile:ref/net10.0/Avalonia.Base.dll	table	summary	warm	0.4	16889	e769a537a7d3fd461bce89d4077e55815f7122de2788e0a38e10e25fcc3c830e	10	True	26618595
avalonia-base	after	5	444.7	Avalonia	12.1.2	net10.0	compile:ref/net10.0/Avalonia.Base.dll	table	summary	cold	434.3	16889	e769a537a7d3fd461bce89d4077e55815f7122de2788e0a38e10e25fcc3c830e	10	True	16475372
avalonia-base	after	5	444.7	Avalonia	12.1.2	net10.0	compile:ref/net10.0/Avalonia.Base.dll	table	summary	warm	0.3	16889	e769a537a7d3fd461bce89d4077e55815f7122de2788e0a38e10e25fcc3c830e	10	True	16475372
avalonia-base	before	5	455.8	Avalonia	12.1.2	net10.0	compile:ref/net10.0/Avalonia.Base.dll	heap	direct	cold	360.2	1374275	4d0f1c7a56de27b12cc592994a4216db7b3587f692d604a76c1f1b2f7fd4543f	4096	True	10143223
avalonia-base	before	5	455.8	Avalonia	12.1.2	net10.0	compile:ref/net10.0/Avalonia.Base.dll	heap	direct	warm	81.0	1374275	4d0f1c7a56de27b12cc592994a4216db7b3587f692d604a76c1f1b2f7fd4543f	4096	True	10143223
avalonia-base	after	5	574.2	Avalonia	12.1.2	net10.0	compile:ref/net10.0/Avalonia.Base.dll	heap	direct	cold	480.5	1374275	4d0f1c7a56de27b12cc592994a4216db7b3587f692d604a76c1f1b2f7fd4543f	4096	True	16475372
avalonia-base	after	5	574.2	Avalonia	12.1.2	net10.0	compile:ref/net10.0/Avalonia.Base.dll	heap	direct	warm	78.2	1374275	4d0f1c7a56de27b12cc592994a4216db7b3587f692d604a76c1f1b2f7fd4543f	4096	True	16475372
avalonia-base	before	5	767.8	Avalonia	12.1.2	net10.0	compile:ref/net10.0/Avalonia.Base.dll	heap	summary	cold	664.6	1374275	4d0f1c7a56de27b12cc592994a4216db7b3587f692d604a76c1f1b2f7fd4543f	4096	True	26618595
avalonia-base	before	5	767.8	Avalonia	12.1.2	net10.0	compile:ref/net10.0/Avalonia.Base.dll	heap	summary	warm	85.6	1374275	4d0f1c7a56de27b12cc592994a4216db7b3587f692d604a76c1f1b2f7fd4543f	4096	True	26618595
avalonia-base	after	5	604.3	Avalonia	12.1.2	net10.0	compile:ref/net10.0/Avalonia.Base.dll	heap	summary	cold	501.7	1374275	4d0f1c7a56de27b12cc592994a4216db7b3587f692d604a76c1f1b2f7fd4543f	4096	True	16475372
avalonia-base	after	5	604.3	Avalonia	12.1.2	net10.0	compile:ref/net10.0/Avalonia.Base.dll	heap	summary	warm	85.5	1374275	4d0f1c7a56de27b12cc592994a4216db7b3587f692d604a76c1f1b2f7fd4543f	4096	True	16475372
roslyn	before	5	358.7	Microsoft.CodeAnalysis.CSharp	4.11.0	net8.0	compile:lib/net8.0/Microsoft.CodeAnalysis.CSharp.dll	overview	direct	cold	346.1	2907	9a9bdd04bcbade15fb8de8672498a362d0ab2e3005e1f98001c92e92953a5371	1	True	16919271
roslyn	before	5	358.7	Microsoft.CodeAnalysis.CSharp	4.11.0	net8.0	compile:lib/net8.0/Microsoft.CodeAnalysis.CSharp.dll	overview	direct	warm	0.7	2907	9a9bdd04bcbade15fb8de8672498a362d0ab2e3005e1f98001c92e92953a5371	1	True	16919271
roslyn	after	5	426.3	Microsoft.CodeAnalysis.CSharp	4.11.0	net8.0	compile:lib/net8.0/Microsoft.CodeAnalysis.CSharp.dll	overview	direct	cold	412.7	2907	9a9bdd04bcbade15fb8de8672498a362d0ab2e3005e1f98001c92e92953a5371	1	True	12593086
roslyn	after	5	426.3	Microsoft.CodeAnalysis.CSharp	4.11.0	net8.0	compile:lib/net8.0/Microsoft.CodeAnalysis.CSharp.dll	overview	direct	warm	1.0	2907	9a9bdd04bcbade15fb8de8672498a362d0ab2e3005e1f98001c92e92953a5371	1	True	12593086
roslyn	before	5	603.3	Microsoft.CodeAnalysis.CSharp	4.11.0	net8.0	compile:lib/net8.0/Microsoft.CodeAnalysis.CSharp.dll	overview	summary	cold	588.8	2907	9a9bdd04bcbade15fb8de8672498a362d0ab2e3005e1f98001c92e92953a5371	1	True	29512357
roslyn	before	5	603.3	Microsoft.CodeAnalysis.CSharp	4.11.0	net8.0	compile:lib/net8.0/Microsoft.CodeAnalysis.CSharp.dll	overview	summary	warm	0.9	2907	9a9bdd04bcbade15fb8de8672498a362d0ab2e3005e1f98001c92e92953a5371	1	True	29512357
roslyn	after	5	416.1	Microsoft.CodeAnalysis.CSharp	4.11.0	net8.0	compile:lib/net8.0/Microsoft.CodeAnalysis.CSharp.dll	overview	summary	cold	403.6	2907	9a9bdd04bcbade15fb8de8672498a362d0ab2e3005e1f98001c92e92953a5371	1	True	12593086
roslyn	after	5	416.1	Microsoft.CodeAnalysis.CSharp	4.11.0	net8.0	compile:lib/net8.0/Microsoft.CodeAnalysis.CSharp.dll	overview	summary	warm	0.9	2907	9a9bdd04bcbade15fb8de8672498a362d0ab2e3005e1f98001c92e92953a5371	1	True	12593086
roslyn	before	5	424.6	Microsoft.CodeAnalysis.CSharp	4.11.0	net8.0	compile:lib/net8.0/Microsoft.CodeAnalysis.CSharp.dll	table	direct	cold	414.0	17371	3114c16b6a5668eb7bcb11d265a20c4e8b919541c537ba5e8566b6fb7399f9ea	10	True	16919271
roslyn	before	5	424.6	Microsoft.CodeAnalysis.CSharp	4.11.0	net8.0	compile:lib/net8.0/Microsoft.CodeAnalysis.CSharp.dll	table	direct	warm	0.2	17371	3114c16b6a5668eb7bcb11d265a20c4e8b919541c537ba5e8566b6fb7399f9ea	10	True	16919271
roslyn	after	5	388.4	Microsoft.CodeAnalysis.CSharp	4.11.0	net8.0	compile:lib/net8.0/Microsoft.CodeAnalysis.CSharp.dll	table	direct	cold	376.3	17371	3114c16b6a5668eb7bcb11d265a20c4e8b919541c537ba5e8566b6fb7399f9ea	10	True	12593086
roslyn	after	5	388.4	Microsoft.CodeAnalysis.CSharp	4.11.0	net8.0	compile:lib/net8.0/Microsoft.CodeAnalysis.CSharp.dll	table	direct	warm	0.2	17371	3114c16b6a5668eb7bcb11d265a20c4e8b919541c537ba5e8566b6fb7399f9ea	10	True	12593086
roslyn	before	5	645.5	Microsoft.CodeAnalysis.CSharp	4.11.0	net8.0	compile:lib/net8.0/Microsoft.CodeAnalysis.CSharp.dll	table	summary	cold	630.8	17371	3114c16b6a5668eb7bcb11d265a20c4e8b919541c537ba5e8566b6fb7399f9ea	10	True	29512357
roslyn	before	5	645.5	Microsoft.CodeAnalysis.CSharp	4.11.0	net8.0	compile:lib/net8.0/Microsoft.CodeAnalysis.CSharp.dll	table	summary	warm	0.4	17371	3114c16b6a5668eb7bcb11d265a20c4e8b919541c537ba5e8566b6fb7399f9ea	10	True	29512357
roslyn	after	5	399.2	Microsoft.CodeAnalysis.CSharp	4.11.0	net8.0	compile:lib/net8.0/Microsoft.CodeAnalysis.CSharp.dll	table	summary	cold	385.1	17371	3114c16b6a5668eb7bcb11d265a20c4e8b919541c537ba5e8566b6fb7399f9ea	10	True	12593086
roslyn	after	5	399.2	Microsoft.CodeAnalysis.CSharp	4.11.0	net8.0	compile:lib/net8.0/Microsoft.CodeAnalysis.CSharp.dll	table	summary	warm	0.3	17371	3114c16b6a5668eb7bcb11d265a20c4e8b919541c537ba5e8566b6fb7399f9ea	10	True	12593086
roslyn	before	5	580.7	Microsoft.CodeAnalysis.CSharp	4.11.0	net8.0	compile:lib/net8.0/Microsoft.CodeAnalysis.CSharp.dll	heap	direct	cold	465.8	1441520	ba802a6cd20f1230be4dd4b3f89c55637c31eeeee8484e3473a0c55837ab8373	4096	True	16919271
roslyn	before	5	580.7	Microsoft.CodeAnalysis.CSharp	4.11.0	net8.0	compile:lib/net8.0/Microsoft.CodeAnalysis.CSharp.dll	heap	direct	warm	98.2	1441520	ba802a6cd20f1230be4dd4b3f89c55637c31eeeee8484e3473a0c55837ab8373	4096	True	16919271
roslyn	after	5	617.9	Microsoft.CodeAnalysis.CSharp	4.11.0	net8.0	compile:lib/net8.0/Microsoft.CodeAnalysis.CSharp.dll	heap	direct	cold	498.3	1441520	ba802a6cd20f1230be4dd4b3f89c55637c31eeeee8484e3473a0c55837ab8373	4096	True	12593086
roslyn	after	5	617.9	Microsoft.CodeAnalysis.CSharp	4.11.0	net8.0	compile:lib/net8.0/Microsoft.CodeAnalysis.CSharp.dll	heap	direct	warm	102.2	1441520	ba802a6cd20f1230be4dd4b3f89c55637c31eeeee8484e3473a0c55837ab8373	4096	True	12593086
roslyn	before	5	797.4	Microsoft.CodeAnalysis.CSharp	4.11.0	net8.0	compile:lib/net8.0/Microsoft.CodeAnalysis.CSharp.dll	heap	summary	cold	671.2	1441520	ba802a6cd20f1230be4dd4b3f89c55637c31eeeee8484e3473a0c55837ab8373	4096	True	29512357
roslyn	before	5	797.4	Microsoft.CodeAnalysis.CSharp	4.11.0	net8.0	compile:lib/net8.0/Microsoft.CodeAnalysis.CSharp.dll	heap	summary	warm	108.8	1441520	ba802a6cd20f1230be4dd4b3f89c55637c31eeeee8484e3473a0c55837ab8373	4096	True	29512357
roslyn	after	5	559.4	Microsoft.CodeAnalysis.CSharp	4.11.0	net8.0	compile:lib/net8.0/Microsoft.CodeAnalysis.CSharp.dll	heap	summary	cold	453.4	1441520	ba802a6cd20f1230be4dd4b3f89c55637c31eeeee8484e3473a0c55837ab8373	4096	True	12593086
roslyn	after	5	559.4	Microsoft.CodeAnalysis.CSharp	4.11.0	net8.0	compile:lib/net8.0/Microsoft.CodeAnalysis.CSharp.dll	heap	summary	warm	88.3	1441520	ba802a6cd20f1230be4dd4b3f89c55637c31eeeee8484e3473a0c55837ab8373	4096	True	12593086
dapper	before	5	120.0	Dapper	2.1.66	net8.0	compile:lib/net8.0/Dapper.dll	overview	direct	cold	110.5	2753	bfbac0a4f62b4f77d4dc5c0e99690153e6c20db45deb20c638bce191406309e5	1	True	437579
dapper	before	5	120.0	Dapper	2.1.66	net8.0	compile:lib/net8.0/Dapper.dll	overview	direct	warm	0.1	2753	bfbac0a4f62b4f77d4dc5c0e99690153e6c20db45deb20c638bce191406309e5	1	True	437579
dapper	after	5	116.2	Dapper	2.1.66	net8.0	compile:lib/net8.0/Dapper.dll	overview	direct	cold	106.5	2753	bfbac0a4f62b4f77d4dc5c0e99690153e6c20db45deb20c638bce191406309e5	1	True	437579
dapper	after	5	116.2	Dapper	2.1.66	net8.0	compile:lib/net8.0/Dapper.dll	overview	direct	warm	0.2	2753	bfbac0a4f62b4f77d4dc5c0e99690153e6c20db45deb20c638bce191406309e5	1	True	437579
dapper	before	5	129.8	Dapper	2.1.66	net8.0	compile:lib/net8.0/Dapper.dll	overview	summary	cold	120.7	2753	bfbac0a4f62b4f77d4dc5c0e99690153e6c20db45deb20c638bce191406309e5	1	True	437579
dapper	before	5	129.8	Dapper	2.1.66	net8.0	compile:lib/net8.0/Dapper.dll	overview	summary	warm	0.3	2753	bfbac0a4f62b4f77d4dc5c0e99690153e6c20db45deb20c638bce191406309e5	1	True	437579
dapper	after	5	115.0	Dapper	2.1.66	net8.0	compile:lib/net8.0/Dapper.dll	overview	summary	cold	105.6	2753	bfbac0a4f62b4f77d4dc5c0e99690153e6c20db45deb20c638bce191406309e5	1	True	437579
dapper	after	5	115.0	Dapper	2.1.66	net8.0	compile:lib/net8.0/Dapper.dll	overview	summary	warm	0.4	2753	bfbac0a4f62b4f77d4dc5c0e99690153e6c20db45deb20c638bce191406309e5	1	True	437579
dapper	before	5	129.3	Dapper	2.1.66	net8.0	compile:lib/net8.0/Dapper.dll	table	direct	cold	120.1	18107	d7a04943bb3b17a017cf67b99b9e0f6a740b8430c6e4ba1bd5cf6dd83b66ffdd	10	True	437579
dapper	before	5	129.3	Dapper	2.1.66	net8.0	compile:lib/net8.0/Dapper.dll	table	direct	warm	0.2	18107	d7a04943bb3b17a017cf67b99b9e0f6a740b8430c6e4ba1bd5cf6dd83b66ffdd	10	True	437579
dapper	after	5	124.5	Dapper	2.1.66	net8.0	compile:lib/net8.0/Dapper.dll	table	direct	cold	115.3	18107	d7a04943bb3b17a017cf67b99b9e0f6a740b8430c6e4ba1bd5cf6dd83b66ffdd	10	True	437579
dapper	after	5	124.5	Dapper	2.1.66	net8.0	compile:lib/net8.0/Dapper.dll	table	direct	warm	0.3	18107	d7a04943bb3b17a017cf67b99b9e0f6a740b8430c6e4ba1bd5cf6dd83b66ffdd	10	True	437579
dapper	before	5	154.2	Dapper	2.1.66	net8.0	compile:lib/net8.0/Dapper.dll	table	summary	cold	144.6	18107	d7a04943bb3b17a017cf67b99b9e0f6a740b8430c6e4ba1bd5cf6dd83b66ffdd	10	True	437579
dapper	before	5	154.2	Dapper	2.1.66	net8.0	compile:lib/net8.0/Dapper.dll	table	summary	warm	0.4	18107	d7a04943bb3b17a017cf67b99b9e0f6a740b8430c6e4ba1bd5cf6dd83b66ffdd	10	True	437579
dapper	after	5	126.4	Dapper	2.1.66	net8.0	compile:lib/net8.0/Dapper.dll	table	summary	cold	117.1	18107	d7a04943bb3b17a017cf67b99b9e0f6a740b8430c6e4ba1bd5cf6dd83b66ffdd	10	True	437579
dapper	after	5	126.4	Dapper	2.1.66	net8.0	compile:lib/net8.0/Dapper.dll	table	summary	warm	0.4	18107	d7a04943bb3b17a017cf67b99b9e0f6a740b8430c6e4ba1bd5cf6dd83b66ffdd	10	True	437579
dapper	before	5	150.4	Dapper	2.1.66	net8.0	compile:lib/net8.0/Dapper.dll	heap	direct	cold	128.6	557938	84822eb910e88a38709ee5a39c65934cef43c8fe689cd09bb43390dad357f444	1669	True	437579
dapper	before	5	150.4	Dapper	2.1.66	net8.0	compile:lib/net8.0/Dapper.dll	heap	direct	warm	10.4	557938	84822eb910e88a38709ee5a39c65934cef43c8fe689cd09bb43390dad357f444	1669	True	437579
dapper	after	5	151.5	Dapper	2.1.66	net8.0	compile:lib/net8.0/Dapper.dll	heap	direct	cold	130.5	557938	84822eb910e88a38709ee5a39c65934cef43c8fe689cd09bb43390dad357f444	1669	True	437579
dapper	after	5	151.5	Dapper	2.1.66	net8.0	compile:lib/net8.0/Dapper.dll	heap	direct	warm	10.4	557938	84822eb910e88a38709ee5a39c65934cef43c8fe689cd09bb43390dad357f444	1669	True	437579
dapper	before	5	162.3	Dapper	2.1.66	net8.0	compile:lib/net8.0/Dapper.dll	heap	summary	cold	141.1	557938	84822eb910e88a38709ee5a39c65934cef43c8fe689cd09bb43390dad357f444	1669	True	437579
dapper	before	5	162.3	Dapper	2.1.66	net8.0	compile:lib/net8.0/Dapper.dll	heap	summary	warm	10.9	557938	84822eb910e88a38709ee5a39c65934cef43c8fe689cd09bb43390dad357f444	1669	True	437579
dapper	after	5	149.9	Dapper	2.1.66	net8.0	compile:lib/net8.0/Dapper.dll	heap	summary	cold	129.3	557938	84822eb910e88a38709ee5a39c65934cef43c8fe689cd09bb43390dad357f444	1669	True	437579
dapper	after	5	149.9	Dapper	2.1.66	net8.0	compile:lib/net8.0/Dapper.dll	heap	summary	warm	10.4	557938	84822eb910e88a38709ee5a39c65934cef43c8fe689cd09bb43390dad357f444	1669	True	437579
zero	before	5	74.5	Microsoft.NETCore.Platforms	7.0.0	net8.0	None	overview	direct	cold	65.7	161	6cd9270fddfbb980e1dbe13b3c286b16df358360aaace5bbc9657627f756123a	0	False	48954
zero	before	5	74.5	Microsoft.NETCore.Platforms	7.0.0	net8.0	None	overview	direct	warm	0.1	161	6cd9270fddfbb980e1dbe13b3c286b16df358360aaace5bbc9657627f756123a	0	False	48954
zero	after	5	75.5	Microsoft.NETCore.Platforms	7.0.0	net8.0	None	overview	direct	cold	66.5	161	6cd9270fddfbb980e1dbe13b3c286b16df358360aaace5bbc9657627f756123a	0	False	48954
zero	after	5	75.5	Microsoft.NETCore.Platforms	7.0.0	net8.0	None	overview	direct	warm	0.2	161	6cd9270fddfbb980e1dbe13b3c286b16df358360aaace5bbc9657627f756123a	0	False	48954
zero	before	5	83.9	Microsoft.NETCore.Platforms	7.0.0	net8.0	None	overview	summary	cold	73.1	161	6cd9270fddfbb980e1dbe13b3c286b16df358360aaace5bbc9657627f756123a	0	False	48954
zero	before	5	83.9	Microsoft.NETCore.Platforms	7.0.0	net8.0	None	overview	summary	warm	0.2	161	6cd9270fddfbb980e1dbe13b3c286b16df358360aaace5bbc9657627f756123a	0	False	48954
zero	after	5	86.8	Microsoft.NETCore.Platforms	7.0.0	net8.0	None	overview	summary	cold	77.8	161	6cd9270fddfbb980e1dbe13b3c286b16df358360aaace5bbc9657627f756123a	0	False	48954
zero	after	5	86.8	Microsoft.NETCore.Platforms	7.0.0	net8.0	None	overview	summary	warm	0.2	161	6cd9270fddfbb980e1dbe13b3c286b16df358360aaace5bbc9657627f756123a	0	False	48954
avalonia-base	after	6	392.6	Avalonia	12.1.2	net10.0	compile:ref/net10.0/Avalonia.Base.dll	overview	direct	cold	380.8	3135	52ceaa30a35d424e014e44fb0b10a88380c72c7eaf5848eb41eb1b43e51fbff9	1	True	16475372
avalonia-base	after	6	392.6	Avalonia	12.1.2	net10.0	compile:ref/net10.0/Avalonia.Base.dll	overview	direct	warm	0.4	3135	52ceaa30a35d424e014e44fb0b10a88380c72c7eaf5848eb41eb1b43e51fbff9	1	True	16475372
avalonia-base	before	6	283.9	Avalonia	12.1.2	net10.0	compile:ref/net10.0/Avalonia.Base.dll	overview	direct	cold	272.9	3135	52ceaa30a35d424e014e44fb0b10a88380c72c7eaf5848eb41eb1b43e51fbff9	1	True	10143223
avalonia-base	before	6	283.9	Avalonia	12.1.2	net10.0	compile:ref/net10.0/Avalonia.Base.dll	overview	direct	warm	0.3	3135	52ceaa30a35d424e014e44fb0b10a88380c72c7eaf5848eb41eb1b43e51fbff9	1	True	10143223
avalonia-base	after	6	380.7	Avalonia	12.1.2	net10.0	compile:ref/net10.0/Avalonia.Base.dll	overview	summary	cold	366.8	3135	52ceaa30a35d424e014e44fb0b10a88380c72c7eaf5848eb41eb1b43e51fbff9	1	True	16475372
avalonia-base	after	6	380.7	Avalonia	12.1.2	net10.0	compile:ref/net10.0/Avalonia.Base.dll	overview	summary	warm	0.5	3135	52ceaa30a35d424e014e44fb0b10a88380c72c7eaf5848eb41eb1b43e51fbff9	1	True	16475372
avalonia-base	before	6	559.1	Avalonia	12.1.2	net10.0	compile:ref/net10.0/Avalonia.Base.dll	overview	summary	cold	545.9	3135	52ceaa30a35d424e014e44fb0b10a88380c72c7eaf5848eb41eb1b43e51fbff9	1	True	26618595
avalonia-base	before	6	559.1	Avalonia	12.1.2	net10.0	compile:ref/net10.0/Avalonia.Base.dll	overview	summary	warm	0.6	3135	52ceaa30a35d424e014e44fb0b10a88380c72c7eaf5848eb41eb1b43e51fbff9	1	True	26618595
avalonia-base	after	6	424.6	Avalonia	12.1.2	net10.0	compile:ref/net10.0/Avalonia.Base.dll	table	direct	cold	413.6	16889	e769a537a7d3fd461bce89d4077e55815f7122de2788e0a38e10e25fcc3c830e	10	True	16475372
avalonia-base	after	6	424.6	Avalonia	12.1.2	net10.0	compile:ref/net10.0/Avalonia.Base.dll	table	direct	warm	0.2	16889	e769a537a7d3fd461bce89d4077e55815f7122de2788e0a38e10e25fcc3c830e	10	True	16475372
avalonia-base	before	6	282.4	Avalonia	12.1.2	net10.0	compile:ref/net10.0/Avalonia.Base.dll	table	direct	cold	271.7	16889	e769a537a7d3fd461bce89d4077e55815f7122de2788e0a38e10e25fcc3c830e	10	True	10143223
avalonia-base	before	6	282.4	Avalonia	12.1.2	net10.0	compile:ref/net10.0/Avalonia.Base.dll	table	direct	warm	0.2	16889	e769a537a7d3fd461bce89d4077e55815f7122de2788e0a38e10e25fcc3c830e	10	True	10143223
avalonia-base	after	6	441.1	Avalonia	12.1.2	net10.0	compile:ref/net10.0/Avalonia.Base.dll	table	summary	cold	428.7	16889	e769a537a7d3fd461bce89d4077e55815f7122de2788e0a38e10e25fcc3c830e	10	True	16475372
avalonia-base	after	6	441.1	Avalonia	12.1.2	net10.0	compile:ref/net10.0/Avalonia.Base.dll	table	summary	warm	0.3	16889	e769a537a7d3fd461bce89d4077e55815f7122de2788e0a38e10e25fcc3c830e	10	True	16475372
avalonia-base	before	6	624.6	Avalonia	12.1.2	net10.0	compile:ref/net10.0/Avalonia.Base.dll	table	summary	cold	611.8	16889	e769a537a7d3fd461bce89d4077e55815f7122de2788e0a38e10e25fcc3c830e	10	True	26618595
avalonia-base	before	6	624.6	Avalonia	12.1.2	net10.0	compile:ref/net10.0/Avalonia.Base.dll	table	summary	warm	0.4	16889	e769a537a7d3fd461bce89d4077e55815f7122de2788e0a38e10e25fcc3c830e	10	True	26618595
avalonia-base	after	6	607.6	Avalonia	12.1.2	net10.0	compile:ref/net10.0/Avalonia.Base.dll	heap	direct	cold	505.7	1374275	4d0f1c7a56de27b12cc592994a4216db7b3587f692d604a76c1f1b2f7fd4543f	4096	True	16475372
avalonia-base	after	6	607.6	Avalonia	12.1.2	net10.0	compile:ref/net10.0/Avalonia.Base.dll	heap	direct	warm	85.8	1374275	4d0f1c7a56de27b12cc592994a4216db7b3587f692d604a76c1f1b2f7fd4543f	4096	True	16475372
avalonia-base	before	6	519.7	Avalonia	12.1.2	net10.0	compile:ref/net10.0/Avalonia.Base.dll	heap	direct	cold	417.6	1374275	4d0f1c7a56de27b12cc592994a4216db7b3587f692d604a76c1f1b2f7fd4543f	4096	True	10143223
avalonia-base	before	6	519.7	Avalonia	12.1.2	net10.0	compile:ref/net10.0/Avalonia.Base.dll	heap	direct	warm	87.3	1374275	4d0f1c7a56de27b12cc592994a4216db7b3587f692d604a76c1f1b2f7fd4543f	4096	True	10143223
avalonia-base	after	6	609.0	Avalonia	12.1.2	net10.0	compile:ref/net10.0/Avalonia.Base.dll	heap	summary	cold	511.7	1374275	4d0f1c7a56de27b12cc592994a4216db7b3587f692d604a76c1f1b2f7fd4543f	4096	True	16475372
avalonia-base	after	6	609.0	Avalonia	12.1.2	net10.0	compile:ref/net10.0/Avalonia.Base.dll	heap	summary	warm	81.8	1374275	4d0f1c7a56de27b12cc592994a4216db7b3587f692d604a76c1f1b2f7fd4543f	4096	True	16475372
avalonia-base	before	6	742.9	Avalonia	12.1.2	net10.0	compile:ref/net10.0/Avalonia.Base.dll	heap	summary	cold	646.9	1374275	4d0f1c7a56de27b12cc592994a4216db7b3587f692d604a76c1f1b2f7fd4543f	4096	True	26618595
avalonia-base	before	6	742.9	Avalonia	12.1.2	net10.0	compile:ref/net10.0/Avalonia.Base.dll	heap	summary	warm	79.6	1374275	4d0f1c7a56de27b12cc592994a4216db7b3587f692d604a76c1f1b2f7fd4543f	4096	True	26618595
roslyn	after	6	377.4	Microsoft.CodeAnalysis.CSharp	4.11.0	net8.0	compile:lib/net8.0/Microsoft.CodeAnalysis.CSharp.dll	overview	direct	cold	365.7	2907	9a9bdd04bcbade15fb8de8672498a362d0ab2e3005e1f98001c92e92953a5371	1	True	12593086
roslyn	after	6	377.4	Microsoft.CodeAnalysis.CSharp	4.11.0	net8.0	compile:lib/net8.0/Microsoft.CodeAnalysis.CSharp.dll	overview	direct	warm	0.8	2907	9a9bdd04bcbade15fb8de8672498a362d0ab2e3005e1f98001c92e92953a5371	1	True	12593086
roslyn	before	6	307.9	Microsoft.CodeAnalysis.CSharp	4.11.0	net8.0	compile:lib/net8.0/Microsoft.CodeAnalysis.CSharp.dll	overview	direct	cold	296.2	2907	9a9bdd04bcbade15fb8de8672498a362d0ab2e3005e1f98001c92e92953a5371	1	True	16919271
roslyn	before	6	307.9	Microsoft.CodeAnalysis.CSharp	4.11.0	net8.0	compile:lib/net8.0/Microsoft.CodeAnalysis.CSharp.dll	overview	direct	warm	0.7	2907	9a9bdd04bcbade15fb8de8672498a362d0ab2e3005e1f98001c92e92953a5371	1	True	16919271
roslyn	after	6	420.9	Microsoft.CodeAnalysis.CSharp	4.11.0	net8.0	compile:lib/net8.0/Microsoft.CodeAnalysis.CSharp.dll	overview	summary	cold	409.4	2907	9a9bdd04bcbade15fb8de8672498a362d0ab2e3005e1f98001c92e92953a5371	1	True	12593086
roslyn	after	6	420.9	Microsoft.CodeAnalysis.CSharp	4.11.0	net8.0	compile:lib/net8.0/Microsoft.CodeAnalysis.CSharp.dll	overview	summary	warm	0.8	2907	9a9bdd04bcbade15fb8de8672498a362d0ab2e3005e1f98001c92e92953a5371	1	True	12593086
roslyn	before	6	544.2	Microsoft.CodeAnalysis.CSharp	4.11.0	net8.0	compile:lib/net8.0/Microsoft.CodeAnalysis.CSharp.dll	overview	summary	cold	530.5	2907	9a9bdd04bcbade15fb8de8672498a362d0ab2e3005e1f98001c92e92953a5371	1	True	29512357
roslyn	before	6	544.2	Microsoft.CodeAnalysis.CSharp	4.11.0	net8.0	compile:lib/net8.0/Microsoft.CodeAnalysis.CSharp.dll	overview	summary	warm	0.5	2907	9a9bdd04bcbade15fb8de8672498a362d0ab2e3005e1f98001c92e92953a5371	1	True	29512357
roslyn	after	6	384.5	Microsoft.CodeAnalysis.CSharp	4.11.0	net8.0	compile:lib/net8.0/Microsoft.CodeAnalysis.CSharp.dll	table	direct	cold	372.9	17371	3114c16b6a5668eb7bcb11d265a20c4e8b919541c537ba5e8566b6fb7399f9ea	10	True	12593086
roslyn	after	6	384.5	Microsoft.CodeAnalysis.CSharp	4.11.0	net8.0	compile:lib/net8.0/Microsoft.CodeAnalysis.CSharp.dll	table	direct	warm	0.2	17371	3114c16b6a5668eb7bcb11d265a20c4e8b919541c537ba5e8566b6fb7399f9ea	10	True	12593086
roslyn	before	6	435.6	Microsoft.CodeAnalysis.CSharp	4.11.0	net8.0	compile:lib/net8.0/Microsoft.CodeAnalysis.CSharp.dll	table	direct	cold	424.6	17371	3114c16b6a5668eb7bcb11d265a20c4e8b919541c537ba5e8566b6fb7399f9ea	10	True	16919271
roslyn	before	6	435.6	Microsoft.CodeAnalysis.CSharp	4.11.0	net8.0	compile:lib/net8.0/Microsoft.CodeAnalysis.CSharp.dll	table	direct	warm	0.3	17371	3114c16b6a5668eb7bcb11d265a20c4e8b919541c537ba5e8566b6fb7399f9ea	10	True	16919271
roslyn	after	6	415.2	Microsoft.CodeAnalysis.CSharp	4.11.0	net8.0	compile:lib/net8.0/Microsoft.CodeAnalysis.CSharp.dll	table	summary	cold	403.2	17371	3114c16b6a5668eb7bcb11d265a20c4e8b919541c537ba5e8566b6fb7399f9ea	10	True	12593086
roslyn	after	6	415.2	Microsoft.CodeAnalysis.CSharp	4.11.0	net8.0	compile:lib/net8.0/Microsoft.CodeAnalysis.CSharp.dll	table	summary	warm	0.3	17371	3114c16b6a5668eb7bcb11d265a20c4e8b919541c537ba5e8566b6fb7399f9ea	10	True	12593086
roslyn	before	6	702.4	Microsoft.CodeAnalysis.CSharp	4.11.0	net8.0	compile:lib/net8.0/Microsoft.CodeAnalysis.CSharp.dll	table	summary	cold	686.8	17371	3114c16b6a5668eb7bcb11d265a20c4e8b919541c537ba5e8566b6fb7399f9ea	10	True	29512357
roslyn	before	6	702.4	Microsoft.CodeAnalysis.CSharp	4.11.0	net8.0	compile:lib/net8.0/Microsoft.CodeAnalysis.CSharp.dll	table	summary	warm	0.4	17371	3114c16b6a5668eb7bcb11d265a20c4e8b919541c537ba5e8566b6fb7399f9ea	10	True	29512357
roslyn	after	6	618.1	Microsoft.CodeAnalysis.CSharp	4.11.0	net8.0	compile:lib/net8.0/Microsoft.CodeAnalysis.CSharp.dll	heap	direct	cold	492.3	1441520	ba802a6cd20f1230be4dd4b3f89c55637c31eeeee8484e3473a0c55837ab8373	4096	True	12593086
roslyn	after	6	618.1	Microsoft.CodeAnalysis.CSharp	4.11.0	net8.0	compile:lib/net8.0/Microsoft.CodeAnalysis.CSharp.dll	heap	direct	warm	110.0	1441520	ba802a6cd20f1230be4dd4b3f89c55637c31eeeee8484e3473a0c55837ab8373	4096	True	12593086
roslyn	before	6	631.0	Microsoft.CodeAnalysis.CSharp	4.11.0	net8.0	compile:lib/net8.0/Microsoft.CodeAnalysis.CSharp.dll	heap	direct	cold	509.0	1441520	ba802a6cd20f1230be4dd4b3f89c55637c31eeeee8484e3473a0c55837ab8373	4096	True	16919271
roslyn	before	6	631.0	Microsoft.CodeAnalysis.CSharp	4.11.0	net8.0	compile:lib/net8.0/Microsoft.CodeAnalysis.CSharp.dll	heap	direct	warm	104.7	1441520	ba802a6cd20f1230be4dd4b3f89c55637c31eeeee8484e3473a0c55837ab8373	4096	True	16919271
roslyn	after	6	640.7	Microsoft.CodeAnalysis.CSharp	4.11.0	net8.0	compile:lib/net8.0/Microsoft.CodeAnalysis.CSharp.dll	heap	summary	cold	520.8	1441520	ba802a6cd20f1230be4dd4b3f89c55637c31eeeee8484e3473a0c55837ab8373	4096	True	12593086
roslyn	after	6	640.7	Microsoft.CodeAnalysis.CSharp	4.11.0	net8.0	compile:lib/net8.0/Microsoft.CodeAnalysis.CSharp.dll	heap	summary	warm	105.5	1441520	ba802a6cd20f1230be4dd4b3f89c55637c31eeeee8484e3473a0c55837ab8373	4096	True	12593086
roslyn	before	6	796.3	Microsoft.CodeAnalysis.CSharp	4.11.0	net8.0	compile:lib/net8.0/Microsoft.CodeAnalysis.CSharp.dll	heap	summary	cold	673.2	1441520	ba802a6cd20f1230be4dd4b3f89c55637c31eeeee8484e3473a0c55837ab8373	4096	True	29512357
roslyn	before	6	796.3	Microsoft.CodeAnalysis.CSharp	4.11.0	net8.0	compile:lib/net8.0/Microsoft.CodeAnalysis.CSharp.dll	heap	summary	warm	105.6	1441520	ba802a6cd20f1230be4dd4b3f89c55637c31eeeee8484e3473a0c55837ab8373	4096	True	29512357
dapper	after	6	115.6	Dapper	2.1.66	net8.0	compile:lib/net8.0/Dapper.dll	overview	direct	cold	106.7	2753	bfbac0a4f62b4f77d4dc5c0e99690153e6c20db45deb20c638bce191406309e5	1	True	437579
dapper	after	6	115.6	Dapper	2.1.66	net8.0	compile:lib/net8.0/Dapper.dll	overview	direct	warm	0.2	2753	bfbac0a4f62b4f77d4dc5c0e99690153e6c20db45deb20c638bce191406309e5	1	True	437579
dapper	before	6	119.9	Dapper	2.1.66	net8.0	compile:lib/net8.0/Dapper.dll	overview	direct	cold	110.3	2753	bfbac0a4f62b4f77d4dc5c0e99690153e6c20db45deb20c638bce191406309e5	1	True	437579
dapper	before	6	119.9	Dapper	2.1.66	net8.0	compile:lib/net8.0/Dapper.dll	overview	direct	warm	0.1	2753	bfbac0a4f62b4f77d4dc5c0e99690153e6c20db45deb20c638bce191406309e5	1	True	437579
dapper	after	6	115.2	Dapper	2.1.66	net8.0	compile:lib/net8.0/Dapper.dll	overview	summary	cold	105.5	2753	bfbac0a4f62b4f77d4dc5c0e99690153e6c20db45deb20c638bce191406309e5	1	True	437579
dapper	after	6	115.2	Dapper	2.1.66	net8.0	compile:lib/net8.0/Dapper.dll	overview	summary	warm	0.5	2753	bfbac0a4f62b4f77d4dc5c0e99690153e6c20db45deb20c638bce191406309e5	1	True	437579
dapper	before	6	123.3	Dapper	2.1.66	net8.0	compile:lib/net8.0/Dapper.dll	overview	summary	cold	113.6	2753	bfbac0a4f62b4f77d4dc5c0e99690153e6c20db45deb20c638bce191406309e5	1	True	437579
dapper	before	6	123.3	Dapper	2.1.66	net8.0	compile:lib/net8.0/Dapper.dll	overview	summary	warm	0.6	2753	bfbac0a4f62b4f77d4dc5c0e99690153e6c20db45deb20c638bce191406309e5	1	True	437579
dapper	after	6	119.1	Dapper	2.1.66	net8.0	compile:lib/net8.0/Dapper.dll	table	direct	cold	109.9	18107	d7a04943bb3b17a017cf67b99b9e0f6a740b8430c6e4ba1bd5cf6dd83b66ffdd	10	True	437579
dapper	after	6	119.1	Dapper	2.1.66	net8.0	compile:lib/net8.0/Dapper.dll	table	direct	warm	0.3	18107	d7a04943bb3b17a017cf67b99b9e0f6a740b8430c6e4ba1bd5cf6dd83b66ffdd	10	True	437579
dapper	before	6	118.8	Dapper	2.1.66	net8.0	compile:lib/net8.0/Dapper.dll	table	direct	cold	109.6	18107	d7a04943bb3b17a017cf67b99b9e0f6a740b8430c6e4ba1bd5cf6dd83b66ffdd	10	True	437579
dapper	before	6	118.8	Dapper	2.1.66	net8.0	compile:lib/net8.0/Dapper.dll	table	direct	warm	0.2	18107	d7a04943bb3b17a017cf67b99b9e0f6a740b8430c6e4ba1bd5cf6dd83b66ffdd	10	True	437579
dapper	after	6	141.1	Dapper	2.1.66	net8.0	compile:lib/net8.0/Dapper.dll	table	summary	cold	130.8	18107	d7a04943bb3b17a017cf67b99b9e0f6a740b8430c6e4ba1bd5cf6dd83b66ffdd	10	True	437579
dapper	after	6	141.1	Dapper	2.1.66	net8.0	compile:lib/net8.0/Dapper.dll	table	summary	warm	0.4	18107	d7a04943bb3b17a017cf67b99b9e0f6a740b8430c6e4ba1bd5cf6dd83b66ffdd	10	True	437579
dapper	before	6	126.8	Dapper	2.1.66	net8.0	compile:lib/net8.0/Dapper.dll	table	summary	cold	116.9	18107	d7a04943bb3b17a017cf67b99b9e0f6a740b8430c6e4ba1bd5cf6dd83b66ffdd	10	True	437579
dapper	before	6	126.8	Dapper	2.1.66	net8.0	compile:lib/net8.0/Dapper.dll	table	summary	warm	0.4	18107	d7a04943bb3b17a017cf67b99b9e0f6a740b8430c6e4ba1bd5cf6dd83b66ffdd	10	True	437579
dapper	after	6	152.5	Dapper	2.1.66	net8.0	compile:lib/net8.0/Dapper.dll	heap	direct	cold	128.7	557938	84822eb910e88a38709ee5a39c65934cef43c8fe689cd09bb43390dad357f444	1669	True	437579
dapper	after	6	152.5	Dapper	2.1.66	net8.0	compile:lib/net8.0/Dapper.dll	heap	direct	warm	12.5	557938	84822eb910e88a38709ee5a39c65934cef43c8fe689cd09bb43390dad357f444	1669	True	437579
dapper	before	6	170.0	Dapper	2.1.66	net8.0	compile:lib/net8.0/Dapper.dll	heap	direct	cold	146.3	557938	84822eb910e88a38709ee5a39c65934cef43c8fe689cd09bb43390dad357f444	1669	True	437579
dapper	before	6	170.0	Dapper	2.1.66	net8.0	compile:lib/net8.0/Dapper.dll	heap	direct	warm	11.7	557938	84822eb910e88a38709ee5a39c65934cef43c8fe689cd09bb43390dad357f444	1669	True	437579
dapper	after	6	166.0	Dapper	2.1.66	net8.0	compile:lib/net8.0/Dapper.dll	heap	summary	cold	142.0	557938	84822eb910e88a38709ee5a39c65934cef43c8fe689cd09bb43390dad357f444	1669	True	437579
dapper	after	6	166.0	Dapper	2.1.66	net8.0	compile:lib/net8.0/Dapper.dll	heap	summary	warm	11.6	557938	84822eb910e88a38709ee5a39c65934cef43c8fe689cd09bb43390dad357f444	1669	True	437579
dapper	before	6	179.9	Dapper	2.1.66	net8.0	compile:lib/net8.0/Dapper.dll	heap	summary	cold	155.7	557938	84822eb910e88a38709ee5a39c65934cef43c8fe689cd09bb43390dad357f444	1669	True	437579
dapper	before	6	179.9	Dapper	2.1.66	net8.0	compile:lib/net8.0/Dapper.dll	heap	summary	warm	12.6	557938	84822eb910e88a38709ee5a39c65934cef43c8fe689cd09bb43390dad357f444	1669	True	437579
zero	after	6	81.9	Microsoft.NETCore.Platforms	7.0.0	net8.0	None	overview	direct	cold	73.2	161	6cd9270fddfbb980e1dbe13b3c286b16df358360aaace5bbc9657627f756123a	0	False	48954
zero	after	6	81.9	Microsoft.NETCore.Platforms	7.0.0	net8.0	None	overview	direct	warm	0.1	161	6cd9270fddfbb980e1dbe13b3c286b16df358360aaace5bbc9657627f756123a	0	False	48954
zero	before	6	90.7	Microsoft.NETCore.Platforms	7.0.0	net8.0	None	overview	direct	cold	80.8	161	6cd9270fddfbb980e1dbe13b3c286b16df358360aaace5bbc9657627f756123a	0	False	48954
zero	before	6	90.7	Microsoft.NETCore.Platforms	7.0.0	net8.0	None	overview	direct	warm	0.1	161	6cd9270fddfbb980e1dbe13b3c286b16df358360aaace5bbc9657627f756123a	0	False	48954
zero	after	6	80.6	Microsoft.NETCore.Platforms	7.0.0	net8.0	None	overview	summary	cold	70.0	161	6cd9270fddfbb980e1dbe13b3c286b16df358360aaace5bbc9657627f756123a	0	False	48954
zero	after	6	80.6	Microsoft.NETCore.Platforms	7.0.0	net8.0	None	overview	summary	warm	0.3	161	6cd9270fddfbb980e1dbe13b3c286b16df358360aaace5bbc9657627f756123a	0	False	48954
zero	before	6	80.8	Microsoft.NETCore.Platforms	7.0.0	net8.0	None	overview	summary	cold	71.9	161	6cd9270fddfbb980e1dbe13b3c286b16df358360aaace5bbc9657627f756123a	0	False	48954
zero	before	6	80.8	Microsoft.NETCore.Platforms	7.0.0	net8.0	None	overview	summary	warm	0.2	161	6cd9270fddfbb980e1dbe13b3c286b16df358360aaace5bbc9657627f756123a	0	False	48954
avalonia-base	before	7	320.3	Avalonia	12.1.2	net10.0	compile:ref/net10.0/Avalonia.Base.dll	overview	direct	cold	308.6	3135	52ceaa30a35d424e014e44fb0b10a88380c72c7eaf5848eb41eb1b43e51fbff9	1	True	10143223
avalonia-base	before	7	320.3	Avalonia	12.1.2	net10.0	compile:ref/net10.0/Avalonia.Base.dll	overview	direct	warm	0.5	3135	52ceaa30a35d424e014e44fb0b10a88380c72c7eaf5848eb41eb1b43e51fbff9	1	True	10143223
avalonia-base	after	7	578.8	Avalonia	12.1.2	net10.0	compile:ref/net10.0/Avalonia.Base.dll	overview	direct	cold	566.1	3135	52ceaa30a35d424e014e44fb0b10a88380c72c7eaf5848eb41eb1b43e51fbff9	1	True	16475372
avalonia-base	after	7	578.8	Avalonia	12.1.2	net10.0	compile:ref/net10.0/Avalonia.Base.dll	overview	direct	warm	0.3	3135	52ceaa30a35d424e014e44fb0b10a88380c72c7eaf5848eb41eb1b43e51fbff9	1	True	16475372
avalonia-base	before	7	616.6	Avalonia	12.1.2	net10.0	compile:ref/net10.0/Avalonia.Base.dll	overview	summary	cold	604.7	3135	52ceaa30a35d424e014e44fb0b10a88380c72c7eaf5848eb41eb1b43e51fbff9	1	True	26618595
avalonia-base	before	7	616.6	Avalonia	12.1.2	net10.0	compile:ref/net10.0/Avalonia.Base.dll	overview	summary	warm	0.4	3135	52ceaa30a35d424e014e44fb0b10a88380c72c7eaf5848eb41eb1b43e51fbff9	1	True	26618595
avalonia-base	after	7	426.9	Avalonia	12.1.2	net10.0	compile:ref/net10.0/Avalonia.Base.dll	overview	summary	cold	415.7	3135	52ceaa30a35d424e014e44fb0b10a88380c72c7eaf5848eb41eb1b43e51fbff9	1	True	16475372
avalonia-base	after	7	426.9	Avalonia	12.1.2	net10.0	compile:ref/net10.0/Avalonia.Base.dll	overview	summary	warm	0.4	3135	52ceaa30a35d424e014e44fb0b10a88380c72c7eaf5848eb41eb1b43e51fbff9	1	True	16475372
avalonia-base	before	7	275.7	Avalonia	12.1.2	net10.0	compile:ref/net10.0/Avalonia.Base.dll	table	direct	cold	265.0	16889	e769a537a7d3fd461bce89d4077e55815f7122de2788e0a38e10e25fcc3c830e	10	True	10143223
avalonia-base	before	7	275.7	Avalonia	12.1.2	net10.0	compile:ref/net10.0/Avalonia.Base.dll	table	direct	warm	0.2	16889	e769a537a7d3fd461bce89d4077e55815f7122de2788e0a38e10e25fcc3c830e	10	True	10143223
avalonia-base	after	7	438.7	Avalonia	12.1.2	net10.0	compile:ref/net10.0/Avalonia.Base.dll	table	direct	cold	427.4	16889	e769a537a7d3fd461bce89d4077e55815f7122de2788e0a38e10e25fcc3c830e	10	True	16475372
avalonia-base	after	7	438.7	Avalonia	12.1.2	net10.0	compile:ref/net10.0/Avalonia.Base.dll	table	direct	warm	0.2	16889	e769a537a7d3fd461bce89d4077e55815f7122de2788e0a38e10e25fcc3c830e	10	True	16475372
avalonia-base	before	7	569.1	Avalonia	12.1.2	net10.0	compile:ref/net10.0/Avalonia.Base.dll	table	summary	cold	555.8	16889	e769a537a7d3fd461bce89d4077e55815f7122de2788e0a38e10e25fcc3c830e	10	True	26618595
avalonia-base	before	7	569.1	Avalonia	12.1.2	net10.0	compile:ref/net10.0/Avalonia.Base.dll	table	summary	warm	0.4	16889	e769a537a7d3fd461bce89d4077e55815f7122de2788e0a38e10e25fcc3c830e	10	True	26618595
avalonia-base	after	7	387.9	Avalonia	12.1.2	net10.0	compile:ref/net10.0/Avalonia.Base.dll	table	summary	cold	377.1	16889	e769a537a7d3fd461bce89d4077e55815f7122de2788e0a38e10e25fcc3c830e	10	True	16475372
avalonia-base	after	7	387.9	Avalonia	12.1.2	net10.0	compile:ref/net10.0/Avalonia.Base.dll	table	summary	warm	0.3	16889	e769a537a7d3fd461bce89d4077e55815f7122de2788e0a38e10e25fcc3c830e	10	True	16475372
avalonia-base	before	7	537.2	Avalonia	12.1.2	net10.0	compile:ref/net10.0/Avalonia.Base.dll	heap	direct	cold	452.7	1374275	4d0f1c7a56de27b12cc592994a4216db7b3587f692d604a76c1f1b2f7fd4543f	4096	True	10143223
avalonia-base	before	7	537.2	Avalonia	12.1.2	net10.0	compile:ref/net10.0/Avalonia.Base.dll	heap	direct	warm	68.9	1374275	4d0f1c7a56de27b12cc592994a4216db7b3587f692d604a76c1f1b2f7fd4543f	4096	True	10143223
avalonia-base	after	7	603.4	Avalonia	12.1.2	net10.0	compile:ref/net10.0/Avalonia.Base.dll	heap	direct	cold	521.7	1374275	4d0f1c7a56de27b12cc592994a4216db7b3587f692d604a76c1f1b2f7fd4543f	4096	True	16475372
avalonia-base	after	7	603.4	Avalonia	12.1.2	net10.0	compile:ref/net10.0/Avalonia.Base.dll	heap	direct	warm	66.2	1374275	4d0f1c7a56de27b12cc592994a4216db7b3587f692d604a76c1f1b2f7fd4543f	4096	True	16475372
avalonia-base	before	7	705.2	Avalonia	12.1.2	net10.0	compile:ref/net10.0/Avalonia.Base.dll	heap	summary	cold	617.4	1374275	4d0f1c7a56de27b12cc592994a4216db7b3587f692d604a76c1f1b2f7fd4543f	4096	True	26618595
avalonia-base	before	7	705.2	Avalonia	12.1.2	net10.0	compile:ref/net10.0/Avalonia.Base.dll	heap	summary	warm	71.9	1374275	4d0f1c7a56de27b12cc592994a4216db7b3587f692d604a76c1f1b2f7fd4543f	4096	True	26618595
avalonia-base	after	7	517.9	Avalonia	12.1.2	net10.0	compile:ref/net10.0/Avalonia.Base.dll	heap	summary	cold	438.8	1374275	4d0f1c7a56de27b12cc592994a4216db7b3587f692d604a76c1f1b2f7fd4543f	4096	True	16475372
avalonia-base	after	7	517.9	Avalonia	12.1.2	net10.0	compile:ref/net10.0/Avalonia.Base.dll	heap	summary	warm	63.9	1374275	4d0f1c7a56de27b12cc592994a4216db7b3587f692d604a76c1f1b2f7fd4543f	4096	True	16475372
roslyn	before	7	378.7	Microsoft.CodeAnalysis.CSharp	4.11.0	net8.0	compile:lib/net8.0/Microsoft.CodeAnalysis.CSharp.dll	overview	direct	cold	366.0	2907	9a9bdd04bcbade15fb8de8672498a362d0ab2e3005e1f98001c92e92953a5371	1	True	16919271
roslyn	before	7	378.7	Microsoft.CodeAnalysis.CSharp	4.11.0	net8.0	compile:lib/net8.0/Microsoft.CodeAnalysis.CSharp.dll	overview	direct	warm	0.6	2907	9a9bdd04bcbade15fb8de8672498a362d0ab2e3005e1f98001c92e92953a5371	1	True	16919271
roslyn	after	7	370.0	Microsoft.CodeAnalysis.CSharp	4.11.0	net8.0	compile:lib/net8.0/Microsoft.CodeAnalysis.CSharp.dll	overview	direct	cold	356.6	2907	9a9bdd04bcbade15fb8de8672498a362d0ab2e3005e1f98001c92e92953a5371	1	True	12593086
roslyn	after	7	370.0	Microsoft.CodeAnalysis.CSharp	4.11.0	net8.0	compile:lib/net8.0/Microsoft.CodeAnalysis.CSharp.dll	overview	direct	warm	0.7	2907	9a9bdd04bcbade15fb8de8672498a362d0ab2e3005e1f98001c92e92953a5371	1	True	12593086
roslyn	before	7	666.6	Microsoft.CodeAnalysis.CSharp	4.11.0	net8.0	compile:lib/net8.0/Microsoft.CodeAnalysis.CSharp.dll	overview	summary	cold	652.1	2907	9a9bdd04bcbade15fb8de8672498a362d0ab2e3005e1f98001c92e92953a5371	1	True	29512357
roslyn	before	7	666.6	Microsoft.CodeAnalysis.CSharp	4.11.0	net8.0	compile:lib/net8.0/Microsoft.CodeAnalysis.CSharp.dll	overview	summary	warm	0.5	2907	9a9bdd04bcbade15fb8de8672498a362d0ab2e3005e1f98001c92e92953a5371	1	True	29512357
roslyn	after	7	424.8	Microsoft.CodeAnalysis.CSharp	4.11.0	net8.0	compile:lib/net8.0/Microsoft.CodeAnalysis.CSharp.dll	overview	summary	cold	409.5	2907	9a9bdd04bcbade15fb8de8672498a362d0ab2e3005e1f98001c92e92953a5371	1	True	12593086
roslyn	after	7	424.8	Microsoft.CodeAnalysis.CSharp	4.11.0	net8.0	compile:lib/net8.0/Microsoft.CodeAnalysis.CSharp.dll	overview	summary	warm	0.9	2907	9a9bdd04bcbade15fb8de8672498a362d0ab2e3005e1f98001c92e92953a5371	1	True	12593086
roslyn	before	7	397.8	Microsoft.CodeAnalysis.CSharp	4.11.0	net8.0	compile:lib/net8.0/Microsoft.CodeAnalysis.CSharp.dll	table	direct	cold	386.2	17371	3114c16b6a5668eb7bcb11d265a20c4e8b919541c537ba5e8566b6fb7399f9ea	10	True	16919271
roslyn	before	7	397.8	Microsoft.CodeAnalysis.CSharp	4.11.0	net8.0	compile:lib/net8.0/Microsoft.CodeAnalysis.CSharp.dll	table	direct	warm	0.2	17371	3114c16b6a5668eb7bcb11d265a20c4e8b919541c537ba5e8566b6fb7399f9ea	10	True	16919271
roslyn	after	7	510.9	Microsoft.CodeAnalysis.CSharp	4.11.0	net8.0	compile:lib/net8.0/Microsoft.CodeAnalysis.CSharp.dll	table	direct	cold	488.7	17371	3114c16b6a5668eb7bcb11d265a20c4e8b919541c537ba5e8566b6fb7399f9ea	10	True	12593086
roslyn	after	7	510.9	Microsoft.CodeAnalysis.CSharp	4.11.0	net8.0	compile:lib/net8.0/Microsoft.CodeAnalysis.CSharp.dll	table	direct	warm	0.4	17371	3114c16b6a5668eb7bcb11d265a20c4e8b919541c537ba5e8566b6fb7399f9ea	10	True	12593086
roslyn	before	7	623.6	Microsoft.CodeAnalysis.CSharp	4.11.0	net8.0	compile:lib/net8.0/Microsoft.CodeAnalysis.CSharp.dll	table	summary	cold	601.4	17371	3114c16b6a5668eb7bcb11d265a20c4e8b919541c537ba5e8566b6fb7399f9ea	10	True	29512357
roslyn	before	7	623.6	Microsoft.CodeAnalysis.CSharp	4.11.0	net8.0	compile:lib/net8.0/Microsoft.CodeAnalysis.CSharp.dll	table	summary	warm	0.4	17371	3114c16b6a5668eb7bcb11d265a20c4e8b919541c537ba5e8566b6fb7399f9ea	10	True	29512357
roslyn	after	7	458.4	Microsoft.CodeAnalysis.CSharp	4.11.0	net8.0	compile:lib/net8.0/Microsoft.CodeAnalysis.CSharp.dll	table	summary	cold	444.9	17371	3114c16b6a5668eb7bcb11d265a20c4e8b919541c537ba5e8566b6fb7399f9ea	10	True	12593086
roslyn	after	7	458.4	Microsoft.CodeAnalysis.CSharp	4.11.0	net8.0	compile:lib/net8.0/Microsoft.CodeAnalysis.CSharp.dll	table	summary	warm	0.6	17371	3114c16b6a5668eb7bcb11d265a20c4e8b919541c537ba5e8566b6fb7399f9ea	10	True	12593086
roslyn	before	7	751.2	Microsoft.CodeAnalysis.CSharp	4.11.0	net8.0	compile:lib/net8.0/Microsoft.CodeAnalysis.CSharp.dll	heap	direct	cold	525.9	1441520	ba802a6cd20f1230be4dd4b3f89c55637c31eeeee8484e3473a0c55837ab8373	4096	True	16919271
roslyn	before	7	751.2	Microsoft.CodeAnalysis.CSharp	4.11.0	net8.0	compile:lib/net8.0/Microsoft.CodeAnalysis.CSharp.dll	heap	direct	warm	166.5	1441520	ba802a6cd20f1230be4dd4b3f89c55637c31eeeee8484e3473a0c55837ab8373	4096	True	16919271
roslyn	after	7	1047.7	Microsoft.CodeAnalysis.CSharp	4.11.0	net8.0	compile:lib/net8.0/Microsoft.CodeAnalysis.CSharp.dll	heap	direct	cold	708.8	1441520	ba802a6cd20f1230be4dd4b3f89c55637c31eeeee8484e3473a0c55837ab8373	4096	True	12593086
roslyn	after	7	1047.7	Microsoft.CodeAnalysis.CSharp	4.11.0	net8.0	compile:lib/net8.0/Microsoft.CodeAnalysis.CSharp.dll	heap	direct	warm	269.3	1441520	ba802a6cd20f1230be4dd4b3f89c55637c31eeeee8484e3473a0c55837ab8373	4096	True	12593086
roslyn	before	7	1270.7	Microsoft.CodeAnalysis.CSharp	4.11.0	net8.0	compile:lib/net8.0/Microsoft.CodeAnalysis.CSharp.dll	heap	summary	cold	969.3	1441520	ba802a6cd20f1230be4dd4b3f89c55637c31eeeee8484e3473a0c55837ab8373	4096	True	29512357
roslyn	before	7	1270.7	Microsoft.CodeAnalysis.CSharp	4.11.0	net8.0	compile:lib/net8.0/Microsoft.CodeAnalysis.CSharp.dll	heap	summary	warm	264.8	1441520	ba802a6cd20f1230be4dd4b3f89c55637c31eeeee8484e3473a0c55837ab8373	4096	True	29512357
roslyn	after	7	1179.9	Microsoft.CodeAnalysis.CSharp	4.11.0	net8.0	compile:lib/net8.0/Microsoft.CodeAnalysis.CSharp.dll	heap	summary	cold	956.1	1441520	ba802a6cd20f1230be4dd4b3f89c55637c31eeeee8484e3473a0c55837ab8373	4096	True	12593086
roslyn	after	7	1179.9	Microsoft.CodeAnalysis.CSharp	4.11.0	net8.0	compile:lib/net8.0/Microsoft.CodeAnalysis.CSharp.dll	heap	summary	warm	193.3	1441520	ba802a6cd20f1230be4dd4b3f89c55637c31eeeee8484e3473a0c55837ab8373	4096	True	12593086
dapper	before	7	168.3	Dapper	2.1.66	net8.0	compile:lib/net8.0/Dapper.dll	overview	direct	cold	147.9	2753	bfbac0a4f62b4f77d4dc5c0e99690153e6c20db45deb20c638bce191406309e5	1	True	437579
dapper	before	7	168.3	Dapper	2.1.66	net8.0	compile:lib/net8.0/Dapper.dll	overview	direct	warm	0.3	2753	bfbac0a4f62b4f77d4dc5c0e99690153e6c20db45deb20c638bce191406309e5	1	True	437579
dapper	after	7	164.9	Dapper	2.1.66	net8.0	compile:lib/net8.0/Dapper.dll	overview	direct	cold	141.3	2753	bfbac0a4f62b4f77d4dc5c0e99690153e6c20db45deb20c638bce191406309e5	1	True	437579
dapper	after	7	164.9	Dapper	2.1.66	net8.0	compile:lib/net8.0/Dapper.dll	overview	direct	warm	1.0	2753	bfbac0a4f62b4f77d4dc5c0e99690153e6c20db45deb20c638bce191406309e5	1	True	437579
dapper	before	7	300.8	Dapper	2.1.66	net8.0	compile:lib/net8.0/Dapper.dll	overview	summary	cold	282.8	2753	bfbac0a4f62b4f77d4dc5c0e99690153e6c20db45deb20c638bce191406309e5	1	True	437579
dapper	before	7	300.8	Dapper	2.1.66	net8.0	compile:lib/net8.0/Dapper.dll	overview	summary	warm	0.4	2753	bfbac0a4f62b4f77d4dc5c0e99690153e6c20db45deb20c638bce191406309e5	1	True	437579
dapper	after	7	172.9	Dapper	2.1.66	net8.0	compile:lib/net8.0/Dapper.dll	overview	summary	cold	152.7	2753	bfbac0a4f62b4f77d4dc5c0e99690153e6c20db45deb20c638bce191406309e5	1	True	437579
dapper	after	7	172.9	Dapper	2.1.66	net8.0	compile:lib/net8.0/Dapper.dll	overview	summary	warm	0.7	2753	bfbac0a4f62b4f77d4dc5c0e99690153e6c20db45deb20c638bce191406309e5	1	True	437579
dapper	before	7	233.0	Dapper	2.1.66	net8.0	compile:lib/net8.0/Dapper.dll	table	direct	cold	213.5	18107	d7a04943bb3b17a017cf67b99b9e0f6a740b8430c6e4ba1bd5cf6dd83b66ffdd	10	True	437579
dapper	before	7	233.0	Dapper	2.1.66	net8.0	compile:lib/net8.0/Dapper.dll	table	direct	warm	0.3	18107	d7a04943bb3b17a017cf67b99b9e0f6a740b8430c6e4ba1bd5cf6dd83b66ffdd	10	True	437579
dapper	after	7	163.6	Dapper	2.1.66	net8.0	compile:lib/net8.0/Dapper.dll	table	direct	cold	134.0	18107	d7a04943bb3b17a017cf67b99b9e0f6a740b8430c6e4ba1bd5cf6dd83b66ffdd	10	True	437579
dapper	after	7	163.6	Dapper	2.1.66	net8.0	compile:lib/net8.0/Dapper.dll	table	direct	warm	0.5	18107	d7a04943bb3b17a017cf67b99b9e0f6a740b8430c6e4ba1bd5cf6dd83b66ffdd	10	True	437579
dapper	before	7	199.8	Dapper	2.1.66	net8.0	compile:lib/net8.0/Dapper.dll	table	summary	cold	170.7	18107	d7a04943bb3b17a017cf67b99b9e0f6a740b8430c6e4ba1bd5cf6dd83b66ffdd	10	True	437579
dapper	before	7	199.8	Dapper	2.1.66	net8.0	compile:lib/net8.0/Dapper.dll	table	summary	warm	0.5	18107	d7a04943bb3b17a017cf67b99b9e0f6a740b8430c6e4ba1bd5cf6dd83b66ffdd	10	True	437579
dapper	after	7	203.2	Dapper	2.1.66	net8.0	compile:lib/net8.0/Dapper.dll	table	summary	cold	189.7	18107	d7a04943bb3b17a017cf67b99b9e0f6a740b8430c6e4ba1bd5cf6dd83b66ffdd	10	True	437579
dapper	after	7	203.2	Dapper	2.1.66	net8.0	compile:lib/net8.0/Dapper.dll	table	summary	warm	0.5	18107	d7a04943bb3b17a017cf67b99b9e0f6a740b8430c6e4ba1bd5cf6dd83b66ffdd	10	True	437579
dapper	before	7	168.9	Dapper	2.1.66	net8.0	compile:lib/net8.0/Dapper.dll	heap	direct	cold	140.1	557938	84822eb910e88a38709ee5a39c65934cef43c8fe689cd09bb43390dad357f444	1669	True	437579
dapper	before	7	168.9	Dapper	2.1.66	net8.0	compile:lib/net8.0/Dapper.dll	heap	direct	warm	14.5	557938	84822eb910e88a38709ee5a39c65934cef43c8fe689cd09bb43390dad357f444	1669	True	437579
dapper	after	7	186.7	Dapper	2.1.66	net8.0	compile:lib/net8.0/Dapper.dll	heap	direct	cold	160.9	557938	84822eb910e88a38709ee5a39c65934cef43c8fe689cd09bb43390dad357f444	1669	True	437579
dapper	after	7	186.7	Dapper	2.1.66	net8.0	compile:lib/net8.0/Dapper.dll	heap	direct	warm	11.3	557938	84822eb910e88a38709ee5a39c65934cef43c8fe689cd09bb43390dad357f444	1669	True	437579
dapper	before	7	172.0	Dapper	2.1.66	net8.0	compile:lib/net8.0/Dapper.dll	heap	summary	cold	148.3	557938	84822eb910e88a38709ee5a39c65934cef43c8fe689cd09bb43390dad357f444	1669	True	437579
dapper	before	7	172.0	Dapper	2.1.66	net8.0	compile:lib/net8.0/Dapper.dll	heap	summary	warm	11.4	557938	84822eb910e88a38709ee5a39c65934cef43c8fe689cd09bb43390dad357f444	1669	True	437579
dapper	after	7	169.0	Dapper	2.1.66	net8.0	compile:lib/net8.0/Dapper.dll	heap	summary	cold	146.1	557938	84822eb910e88a38709ee5a39c65934cef43c8fe689cd09bb43390dad357f444	1669	True	437579
dapper	after	7	169.0	Dapper	2.1.66	net8.0	compile:lib/net8.0/Dapper.dll	heap	summary	warm	12.0	557938	84822eb910e88a38709ee5a39c65934cef43c8fe689cd09bb43390dad357f444	1669	True	437579
zero	before	7	267.1	Microsoft.NETCore.Platforms	7.0.0	net8.0	None	overview	direct	cold	258.4	161	6cd9270fddfbb980e1dbe13b3c286b16df358360aaace5bbc9657627f756123a	0	False	48954
zero	before	7	267.1	Microsoft.NETCore.Platforms	7.0.0	net8.0	None	overview	direct	warm	0.1	161	6cd9270fddfbb980e1dbe13b3c286b16df358360aaace5bbc9657627f756123a	0	False	48954
zero	after	7	80.2	Microsoft.NETCore.Platforms	7.0.0	net8.0	None	overview	direct	cold	71.8	161	6cd9270fddfbb980e1dbe13b3c286b16df358360aaace5bbc9657627f756123a	0	False	48954
zero	after	7	80.2	Microsoft.NETCore.Platforms	7.0.0	net8.0	None	overview	direct	warm	0.1	161	6cd9270fddfbb980e1dbe13b3c286b16df358360aaace5bbc9657627f756123a	0	False	48954
zero	before	7	87.8	Microsoft.NETCore.Platforms	7.0.0	net8.0	None	overview	summary	cold	78.6	161	6cd9270fddfbb980e1dbe13b3c286b16df358360aaace5bbc9657627f756123a	0	False	48954
zero	before	7	87.8	Microsoft.NETCore.Platforms	7.0.0	net8.0	None	overview	summary	warm	0.3	161	6cd9270fddfbb980e1dbe13b3c286b16df358360aaace5bbc9657627f756123a	0	False	48954
zero	after	7	130.7	Microsoft.NETCore.Platforms	7.0.0	net8.0	None	overview	summary	cold	121.9	161	6cd9270fddfbb980e1dbe13b3c286b16df358360aaace5bbc9657627f756123a	0	False	48954
zero	after	7	130.7	Microsoft.NETCore.Platforms	7.0.0	net8.0	None	overview	summary	warm	0.2	161	6cd9270fddfbb980e1dbe13b3c286b16df358360aaace5bbc9657627f756123a	0	False	48954
